participant_id,day_index,ts,lat,lon,speed_mps
p_001,0,2026-09-14T00:00:00-05:00,30.2734,-97.751132,0.0
p_001,0,2026-09-14T00:10:00-05:00,30.273434,-97.751196,0.0
p_001,0,2026-09-14T00:20:00-05:00,30.273415,-97.751103,0.0
p_001,0,2026-09-14T00:30:00-05:00,30.273341,-97.751145,0.0
p_001,0,2026-09-14T00:40:00-05:00,30.273495,-97.751073,0.0
p_001,0,2026-09-14T00:50:00-05:00,30.27338,-97.751051,0.0
p_001,0,2026-09-14T01:00:00-05:00,30.273366,-97.751173,0.0
p_001,0,2026-09-14T01:10:00-05:00,30.273387,-97.751026,0.0
p_001,0,2026-09-14T01:20:00-05:00,30.273452,-97.751091,0.0
p_001,0,2026-09-14T01:30:00-05:00,30.273487,-97.751081,0.0
p_001,0,2026-09-14T01:40:00-05:00,30.273393,-97.751113,0.0
p_001,0,2026-09-14T01:50:00-05:00,30.273403,-97.751197,0.0
p_001,0,2026-09-14T02:00:00-05:00,30.273328,-97.751155,0.0
p_001,0,2026-09-14T02:10:00-05:00,30.2734,-97.751054,0.0
p_001,0,2026-09-14T02:20:00-05:00,30.273391,-97.751173,0.0
p_001,0,2026-09-14T02:30:00-05:00,30.2734,-97.751185,0.0
p_001,0,2026-09-14T02:40:00-05:00,30.273355,-97.751124,0.0
p_001,0,2026-09-14T02:50:00-05:00,30.273425,-97.751115,0.0
p_001,0,2026-09-14T03:00:00-05:00,30.273428,-97.75117,0.0
p_001,0,2026-09-14T03:10:00-05:00,30.273371,-97.751148,0.0
p_001,0,2026-09-14T03:20:00-05:00,30.273436,-97.751113,0.0
p_001,0,2026-09-14T03:30:00-05:00,30.273409,-97.751093,0.0
p_001,0,2026-09-14T03:40:00-05:00,30.273451,-97.751097,0.0
p_001,0,2026-09-14T03:50:00-05:00,30.273394,-97.751133,0.0
p_001,0,2026-09-14T04:00:00-05:00,30.273363,-97.751124,0.0
p_001,0,2026-09-14T04:10:00-05:00,30.273372,-97.751142,0.0
p_001,0,2026-09-14T04:20:00-05:00,30.273404,-97.751068,0.0
p_001,0,2026-09-14T04:30:00-05:00,30.273411,-97.751091,0.0
p_001,0,2026-09-14T04:40:00-05:00,30.273366,-97.751198,0.0
p_001,0,2026-09-14T04:50:00-05:00,30.273429,-97.751163,0.0
p_001,0,2026-09-14T05:00:00-05:00,30.273364,-97.75115,0.0
p_001,0,2026-09-14T05:10:00-05:00,30.2734,-97.751102,0.0
p_001,0,2026-09-14T05:20:00-05:00,30.273376,-97.75111,0.0
p_001,0,2026-09-14T05:30:00-05:00,30.273359,-97.751141,0.0
p_001,0,2026-09-14T05:40:00-05:00,30.273362,-97.751086,0.0
p_001,0,2026-09-14T05:50:00-05:00,30.273336,-97.751085,0.0
p_001,0,2026-09-14T06:00:00-05:00,30.273388,-97.751045,0.0
p_001,0,2026-09-14T06:10:00-05:00,30.273373,-97.75115,0.0
p_001,0,2026-09-14T06:20:00-05:00,30.273369,-97.751183,0.0
p_001,0,2026-09-14T06:30:00-05:00,30.273415,-97.751119,0.0
p_001,0,2026-09-14T06:40:00-05:00,30.273369,-97.751135,0.0
p_001,0,2026-09-14T06:50:00-05:00,30.273374,-97.75117,0.0
p_001,0,2026-09-14T07:00:00-05:00,30.273435,-97.751085,0.0
p_001,0,2026-09-14T07:10:00-05:00,30.273429,-97.751109,0.0
p_001,0,2026-09-14T07:20:00-05:00,30.273357,-97.751216,0.0
p_001,0,2026-09-14T07:30:00-05:00,30.273421,-97.751089,0.0
p_001,0,2026-09-14T07:40:00-05:00,30.273381,-97.751103,0.0
p_001,0,2026-09-14T07:50:00-05:00,30.273459,-97.751152,0.0
p_001,0,2026-09-14T08:00:00-05:00,30.2734,-97.751132,0.0
p_001,0,2026-09-14T08:10:00-05:00,30.280501,-97.749528,0.0
p_001,0,2026-09-14T08:20:00-05:00,30.280556,-97.749518,0.0
p_001,0,2026-09-14T08:30:00-05:00,30.280569,-97.74945,0.0
p_001,0,2026-09-14T08:40:00-05:00,30.280504,-97.749494,0.0
p_001,0,2026-09-14T08:50:00-05:00,30.280503,-97.749482,0.0
p_001,0,2026-09-14T09:00:00-05:00,30.280577,-97.749409,0.0
p_001,0,2026-09-14T09:10:00-05:00,30.269113,-97.753336,0.0
p_001,0,2026-09-14T09:20:00-05:00,30.269011,-97.753313,0.0
p_001,0,2026-09-14T09:30:00-05:00,30.268939,-97.753285,0.0
p_001,0,2026-09-14T09:40:00-05:00,30.26896,-97.753287,0.0
p_001,0,2026-09-14T09:50:00-05:00,30.269084,-97.753393,0.0
p_001,0,2026-09-14T10:00:00-05:00,30.268883,-97.753364,0.0
p_001,0,2026-09-14T10:10:00-05:00,30.269003,-97.753292,0.0
p_001,0,2026-09-14T10:20:00-05:00,30.269098,-97.753317,0.0
p_001,0,2026-09-14T10:30:00-05:00,30.269,-97.753285,0.0
p_001,0,2026-09-14T10:40:00-05:00,30.269111,-97.753272,0.0
p_001,0,2026-09-14T10:50:00-05:00,30.268987,-97.753323,0.0
p_001,0,2026-09-14T11:00:00-05:00,30.269029,-97.753292,0.0
p_001,0,2026-09-14T11:10:00-05:00,30.269052,-97.753379,0.0
p_001,0,2026-09-14T11:20:00-05:00,30.268902,-97.753357,0.0
p_001,0,2026-09-14T11:30:00-05:00,30.269026,-97.753372,0.0
p_001,0,2026-09-14T11:40:00-05:00,30.269007,-97.753335,0.0
p_001,0,2026-09-14T11:50:00-05:00,30.269018,-97.753386,0.0
p_001,0,2026-09-14T12:00:00-05:00,30.268983,-97.753356,0.0
p_001,0,2026-09-14T12:10:00-05:00,30.271548,-97.761879,0.0
p_001,0,2026-09-14T12:20:00-05:00,30.271507,-97.761847,0.0
p_001,0,2026-09-14T12:30:00-05:00,30.271535,-97.761841,0.0
p_001,0,2026-09-14T12:40:00-05:00,30.271555,-97.761912,0.0
p_001,0,2026-09-14T12:50:00-05:00,30.271453,-97.761905,0.0
p_001,0,2026-09-14T13:00:00-05:00,30.271503,-97.761898,0.0
p_001,0,2026-09-14T13:10:00-05:00,30.271492,-97.761881,0.0
p_001,0,2026-09-14T13:20:00-05:00,30.271566,-97.761864,0.0
p_001,0,2026-09-14T13:30:00-05:00,30.271512,-97.761911,0.0
p_001,0,2026-09-14T13:40:00-05:00,30.268315,-97.755585,5.2
p_001,0,2026-09-14T13:50:00-05:00,30.261116,-97.741222,0.0
p_001,0,2026-09-14T14:00:00-05:00,30.261154,-97.741143,0.0
p_001,0,2026-09-14T14:10:00-05:00,30.261024,-97.741092,0.0
p_001,0,2026-09-14T14:20:00-05:00,30.261222,-97.741133,0.0
p_001,0,2026-09-14T14:30:00-05:00,30.261235,-97.741108,0.0
p_001,0,2026-09-14T14:40:00-05:00,30.261153,-97.741068,0.0
p_001,0,2026-09-14T14:50:00-05:00,30.261109,-97.741094,0.0
p_001,0,2026-09-14T15:00:00-05:00,30.261209,-97.741121,0.0
p_001,0,2026-09-14T15:10:00-05:00,30.261138,-97.741079,0.0
p_001,0,2026-09-14T15:20:00-05:00,30.26115,-97.741084,0.0
p_001,0,2026-09-14T15:30:00-05:00,30.261099,-97.741153,0.0
p_001,0,2026-09-14T15:40:00-05:00,30.261131,-97.741121,0.0
p_001,0,2026-09-14T15:50:00-05:00,30.261119,-97.741177,0.0
p_001,0,2026-09-14T16:00:00-05:00,30.261176,-97.741093,0.0
p_001,0,2026-09-14T16:10:00-05:00,30.261175,-97.741108,0.0
p_001,0,2026-09-14T16:20:00-05:00,30.261078,-97.741144,0.0
p_001,0,2026-09-14T16:30:00-05:00,30.261257,-97.741108,0.0
p_001,0,2026-09-14T16:40:00-05:00,30.261092,-97.741204,0.0
p_001,0,2026-09-14T16:50:00-05:00,30.261064,-97.741099,0.0
p_001,0,2026-09-14T17:00:00-05:00,30.26116,-97.741239,0.0
p_001,0,2026-09-14T17:10:00-05:00,30.261137,-97.741105,0.0
p_001,0,2026-09-14T17:20:00-05:00,30.26117,-97.741079,0.0
p_001,0,2026-09-14T17:30:00-05:00,30.261201,-97.741165,0.0
p_001,0,2026-09-14T17:40:00-05:00,30.25812,-97.72932,0.0
p_001,0,2026-09-14T17:50:00-05:00,30.258195,-97.729328,0.0
p_001,0,2026-09-14T18:00:00-05:00,30.258061,-97.729347,0.0
p_001,0,2026-09-14T18:10:00-05:00,30.258174,-97.729351,0.0
p_001,0,2026-09-14T18:20:00-05:00,30.258163,-97.729353,0.0
p_001,0,2026-09-14T18:30:00-05:00,30.258047,-97.729339,0.0
p_001,0,2026-09-14T18:40:00-05:00,30.25813,-97.729417,0.0
p_001,0,2026-09-14T18:50:00-05:00,30.258146,-97.72936,0.0
p_001,0,2026-09-14T19:00:00-05:00,30.258141,-97.729414,0.0
p_001,0,2026-09-14T19:10:00-05:00,30.258165,-97.729343,0.0
p_001,0,2026-09-14T19:20:00-05:00,30.258095,-97.729347,0.0
p_001,0,2026-09-14T19:30:00-05:00,30.258163,-97.729403,0.0
p_001,0,2026-09-14T19:40:00-05:00,30.258062,-97.729424,0.0
p_001,0,2026-09-14T19:50:00-05:00,30.258122,-97.729356,0.0
p_001,0,2026-09-14T20:00:00-05:00,30.258146,-97.729355,0.0
p_001,0,2026-09-14T20:10:00-05:00,30.258136,-97.729316,0.0
p_001,0,2026-09-14T20:20:00-05:00,30.258114,-97.729366,0.0
p_001,0,2026-09-14T20:30:00-05:00,30.258085,-97.72933,0.0
p_001,0,2026-09-14T20:40:00-05:00,30.258154,-97.729384,0.0
p_001,0,2026-09-14T20:50:00-05:00,30.258088,-97.72936,0.0
p_001,0,2026-09-14T21:00:00-05:00,30.273454,-97.751117,0.0
p_001,0,2026-09-14T21:10:00-05:00,30.273442,-97.751063,0.0
p_001,0,2026-09-14T21:20:00-05:00,30.273348,-97.75107,0.0
p_001,0,2026-09-14T21:30:00-05:00,30.273317,-97.751024,0.0
p_001,0,2026-09-14T21:40:00-05:00,30.273365,-97.751033,0.0
p_001,0,2026-09-14T21:50:00-05:00,30.273429,-97.751111,0.0
p_001,0,2026-09-14T22:00:00-05:00,30.273366,-97.751117,0.0
p_001,0,2026-09-14T22:10:00-05:00,30.273389,-97.751169,0.0
p_001,0,2026-09-14T22:20:00-05:00,30.273388,-97.751139,0.0
p_001,0,2026-09-14T22:30:00-05:00,30.273416,-97.751167,0.0
p_001,0,2026-09-14T22:40:00-05:00,30.27349,-97.75115,0.0
p_001,0,2026-09-14T22:50:00-05:00,30.273358,-97.751157,0.0
p_001,0,2026-09-14T23:00:00-05:00,30.273385,-97.751203,0.0
p_001,0,2026-09-14T23:10:00-05:00,30.273472,-97.751115,0.0
p_001,0,2026-09-14T23:20:00-05:00,30.273388,-97.75112,0.0
p_001,0,2026-09-14T23:30:00-05:00,30.27345,-97.751151,0.0
p_001,0,2026-09-14T23:40:00-05:00,30.273393,-97.751114,0.0
p_001,0,2026-09-14T23:50:00-05:00,30.273361,-97.751164,0.0
p_001,0,2026-09-15T00:00:00-05:00,30.273427,-97.751106,0.0
p_001,0,2026-09-15T00:10:00-05:00,30.273345,-97.751136,0.0
p_001,0,2026-09-15T00:20:00-05:00,30.273464,-97.75116,0.0
p_001,0,2026-09-15T00:30:00-05:00,30.273269,-97.751069,0.0
p_001,0,2026-09-15T00:40:00-05:00,30.273407,-97.751166,0.0
p_001,0,2026-09-15T00:50:00-05:00,30.273479,-97.751074,0.0
p_001,0,2026-09-15T01:00:00-05:00,30.273377,-97.751115,0.0
p_001,0,2026-09-15T01:10:00-05:00,30.273376,-97.751155,0.0
p_001,0,2026-09-15T01:20:00-05:00,30.273374,-97.75122,0.0
p_001,0,2026-09-15T01:30:00-05:00,30.273368,-97.751105,0.0
p_001,0,2026-09-15T01:40:00-05:00,30.273324,-97.751077,0.0
p_001,0,2026-09-15T01:50:00-05:00,30.273376,-97.751192,0.0
p_001,0,2026-09-15T02:00:00-05:00,30.273319,-97.751088,0.0
p_001,0,2026-09-15T02:10:00-05:00,30.27337,-97.751215,0.0
p_001,0,2026-09-15T02:20:00-05:00,30.273387,-97.751078,0.0
p_001,0,2026-09-15T02:30:00-05:00,30.273348,-97.751105,0.0
p_001,0,2026-09-15T02:40:00-05:00,30.273456,-97.751066,0.0
p_001,0,2026-09-15T02:50:00-05:00,30.27341,-97.751142,0.0
p_001,1,2026-09-15T00:00:00-05:00,30.273427,-97.751164,0.0
p_001,1,2026-09-15T00:10:00-05:00,30.27338,-97.751153,0.0
p_001,1,2026-09-15T00:20:00-05:00,30.273325,-97.751112,0.0
p_001,1,2026-09-15T00:30:00-05:00,30.273381,-97.751123,0.0
p_001,1,2026-09-15T00:40:00-05:00,30.273439,-97.751142,0.0
p_001,1,2026-09-15T00:50:00-05:00,30.273386,-97.751119,0.0
p_001,1,2026-09-15T01:00:00-05:00,30.273364,-97.751139,0.0
p_001,1,2026-09-15T01:10:00-05:00,30.273452,-97.75112,0.0
p_001,1,2026-09-15T01:20:00-05:00,30.273401,-97.751117,0.0
p_001,1,2026-09-15T01:30:00-05:00,30.273363,-97.751183,0.0
p_001,1,2026-09-15T01:40:00-05:00,30.273344,-97.751085,0.0
p_001,1,2026-09-15T01:50:00-05:00,30.273355,-97.751077,0.0
p_001,1,2026-09-15T02:00:00-05:00,30.273373,-97.751081,0.0
p_001,1,2026-09-15T02:10:00-05:00,30.27338,-97.751104,0.0
p_001,1,2026-09-15T02:20:00-05:00,30.273354,-97.751147,0.0
p_001,1,2026-09-15T02:30:00-05:00,30.273389,-97.751202,0.0
p_001,1,2026-09-15T02:40:00-05:00,30.273392,-97.751198,0.0
p_001,1,2026-09-15T02:50:00-05:00,30.27337,-97.751123,0.0
p_001,1,2026-09-15T03:00:00-05:00,30.273366,-97.751109,0.0
p_001,1,2026-09-15T03:10:00-05:00,30.273415,-97.751099,0.0
p_001,1,2026-09-15T03:20:00-05:00,30.273394,-97.751177,0.0
p_001,1,2026-09-15T03:30:00-05:00,30.273362,-97.751162,0.0
p_001,1,2026-09-15T03:40:00-05:00,30.273373,-97.751167,0.0
p_001,1,2026-09-15T03:50:00-05:00,30.273398,-97.751059,0.0
p_001,1,2026-09-15T04:00:00-05:00,30.273419,-97.751101,0.0
p_001,1,2026-09-15T04:10:00-05:00,30.273425,-97.751141,0.0
p_001,1,2026-09-15T04:20:00-05:00,30.273413,-97.751073,0.0
p_001,1,2026-09-15T04:30:00-05:00,30.273369,-97.751119,0.0
p_001,1,2026-09-15T04:40:00-05:00,30.273317,-97.751122,0.0
p_001,1,2026-09-15T04:50:00-05:00,30.273445,-97.751118,0.0
p_001,1,2026-09-15T05:00:00-05:00,30.273322,-97.751206,0.0
p_001,1,2026-09-15T05:10:00-05:00,30.273315,-97.751139,0.0
p_001,1,2026-09-15T05:20:00-05:00,30.273446,-97.751115,0.0
p_001,1,2026-09-15T05:30:00-05:00,30.273376,-97.751135,0.0
p_001,1,2026-09-15T05:40:00-05:00,30.273415,-97.751172,0.0
p_001,1,2026-09-15T05:50:00-05:00,30.27343,-97.751185,0.0
p_001,1,2026-09-15T06:00:00-05:00,30.273397,-97.751097,0.0
p_001,1,2026-09-15T06:10:00-05:00,30.273354,-97.751112,0.0
p_001,1,2026-09-15T06:20:00-05:00,30.273429,-97.751085,0.0
p_001,1,2026-09-15T06:30:00-05:00,30.273385,-97.751135,0.0
p_001,1,2026-09-15T06:40:00-05:00,30.273407,-97.751048,0.0
p_001,1,2026-09-15T06:50:00-05:00,30.273409,-97.751113,0.0
p_001,1,2026-09-15T07:00:00-05:00,30.273383,-97.751138,0.0
p_001,1,2026-09-15T07:10:00-05:00,30.273358,-97.751177,0.0
p_001,1,2026-09-15T07:20:00-05:00,30.273377,-97.751136,0.0
p_001,1,2026-09-15T07:30:00-05:00,30.273334,-97.751106,0.0
p_001,1,2026-09-15T07:40:00-05:00,30.273397,-97.751079,0.0
p_001,1,2026-09-15T07:50:00-05:00,30.273232,-97.751544,1.52
p_001,1,2026-09-15T08:00:00-05:00,30.27163,-97.75524,0.0
p_001,1,2026-09-15T08:10:00-05:00,30.271596,-97.755218,0.0
p_001,1,2026-09-15T08:20:00-05:00,30.27151,-97.755246,0.0
p_001,1,2026-09-15T08:30:00-05:00,30.271558,-97.755183,0.0
p_001,1,2026-09-15T08:40:00-05:00,30.271644,-97.755262,0.0
p_001,1,2026-09-15T08:50:00-05:00,30.26117,-97.741119,0.0
p_001,1,2026-09-15T09:00:00-05:00,30.261136,-97.741193,0.0
p_001,1,2026-09-15T09:10:00-05:00,30.261113,-97.741172,0.0
p_001,1,2026-09-15T09:20:00-05:00,30.261193,-97.741107,0.0
p_001,1,2026-09-15T09:30:00-05:00,30.261144,-97.741243,0.0
p_001,1,2026-09-15T09:40:00-05:00,30.261191,-97.741223,0.0
p_001,1,2026-09-15T09:50:00-05:00,30.261108,-97.74111,0.0
p_001,1,2026-09-15T10:00:00-05:00,30.261138,-97.741147,0.0
p_001,1,2026-09-15T10:10:00-05:00,30.261208,-97.741223,0.0
p_001,1,2026-09-15T10:20:00-05:00,30.261172,-97.741087,0.0
p_001,1,2026-09-15T10:30:00-05:00,30.261136,-97.741143,0.0
p_001,1,2026-09-15T10:40:00-05:00,30.261196,-97.741106,0.0
p_001,1,2026-09-15T10:50:00-05:00,30.26117,-97.740989,0.0
p_001,1,2026-09-15T11:00:00-05:00,30.26116,-97.741104,0.0
p_001,1,2026-09-15T11:10:00-05:00,30.261092,-97.74112,0.0
p_001,1,2026-09-15T11:20:00-05:00,30.261207,-97.741078,0.0
p_001,1,2026-09-15T11:30:00-05:00,30.261146,-97.741093,0.0
p_001,1,2026-09-15T11:40:00-05:00,30.261173,-97.741051,0.0
p_001,1,2026-09-15T11:50:00-05:00,30.261151,-97.741093,0.0
p_001,1,2026-09-15T12:00:00-05:00,30.261115,-97.741094,0.0
p_001,1,2026-09-15T12:10:00-05:00,30.261164,-97.741134,0.0
p_001,1,2026-09-15T12:20:00-05:00,30.261132,-97.741176,0.0
p_001,1,2026-09-15T12:30:00-05:00,30.265297,-97.737697,1.4
p_001,1,2026-09-15T12:40:00-05:00,30.265957,-97.737171,0.0
p_001,1,2026-09-15T12:50:00-05:00,30.265858,-97.736956,0.0
p_001,1,2026-09-15T13:00:00-05:00,30.265903,-97.737101,0.0
p_001,1,2026-09-15T13:10:00-05:00,30.265969,-97.737143,0.0
p_001,1,2026-09-15T13:20:00-05:00,30.265979,-97.737087,0.0
p_001,1,2026-09-15T13:30:00-05:00,30.263626,-97.739372,1.41
p_001,1,2026-09-15T13:40:00-05:00,30.261111,-97.741051,0.0
p_001,1,2026-09-15T13:50:00-05:00,30.261204,-97.741116,0.0
p_001,1,2026-09-15T14:00:00-05:00,30.261093,-97.741089,0.0
p_001,1,2026-09-15T14:10:00-05:00,30.261149,-97.741215,0.0
p_001,1,2026-09-15T14:20:00-05:00,30.261195,-97.741095,0.0
p_001,1,2026-09-15T14:30:00-05:00,30.261208,-97.74107,0.0
p_001,1,2026-09-15T14:40:00-05:00,30.261067,-97.741112,0.0
p_001,1,2026-09-15T14:50:00-05:00,30.261102,-97.741147,0.0
p_001,1,2026-09-15T15:00:00-05:00,30.261134,-97.741105,0.0
p_001,1,2026-09-15T15:10:00-05:00,30.261125,-97.741195,0.0
p_001,1,2026-09-15T15:20:00-05:00,30.261156,-97.741086,0.0
p_001,1,2026-09-15T15:30:00-05:00,30.261148,-97.741089,0.0
p_001,1,2026-09-15T15:40:00-05:00,30.261152,-97.741154,0.0
p_001,1,2026-09-15T15:50:00-05:00,30.261158,-97.74115,0.0
p_001,1,2026-09-15T16:00:00-05:00,30.261128,-97.741211,0.0
p_001,1,2026-09-15T16:10:00-05:00,30.261188,-97.741128,0.0
p_001,1,2026-09-15T16:20:00-05:00,30.261141,-97.741155,0.0
p_001,1,2026-09-15T16:30:00-05:00,30.261199,-97.741101,0.0
p_001,1,2026-09-15T16:40:00-05:00,30.261151,-97.741097,0.0
p_001,1,2026-09-15T16:50:00-05:00,30.261125,-97.7411,0.0
p_001,1,2026-09-15T17:00:00-05:00,30.261129,-97.741091,0.0
p_001,1,2026-09-15T17:10:00-05:00,30.261155,-97.741101,0.0
p_001,1,2026-09-15T17:20:00-05:00,30.261149,-97.741103,0.0
p_001,1,2026-09-15T17:30:00-05:00,30.261148,-97.741133,0.0
p_001,1,2026-09-15T17:40:00-05:00,30.255979,-97.748935,6.04
p_001,1,2026-09-15T17:50:00-05:00,30.254966,-97.750845,0.0
p_001,1,2026-09-15T18:00:00-05:00,30.255016,-97.750945,0.0
p_001,1,2026-09-15T18:10:00-05:00,30.254994,-97.750908,0.0
p_001,1,2026-09-15T18:20:00-05:00,30.25506,-97.750949,0.0
p_001,1,2026-09-15T18:30:00-05:00,30.254993,-97.750857,0.0
p_001,1,2026-09-15T18:40:00-05:00,30.254981,-97.750898,0.0
p_001,1,2026-09-15T18:50:00-05:00,30.254956,-97.75084,0.0
p_001,1,2026-09-15T19:00:00-05:00,30.254982,-97.750878,0.0
p_001,1,2026-09-15T19:10:00-05:00,30.255031,-97.750852,0.0
p_001,1,2026-09-15T19:20:00-05:00,30.255005,-97.750788,0.0
p_001,1,2026-09-15T19:30:00-05:00,30.255046,-97.750888,0.0
p_001,1,2026-09-15T19:40:00-05:00,30.254981,-97.75096,0.0
p_001,1,2026-09-15T19:50:00-05:00,30.255285,-97.75441,0.0
p_001,1,2026-09-15T20:00:00-05:00,30.25522,-97.754465,0.0
p_001,1,2026-09-15T20:10:00-05:00,30.255231,-97.754374,0.0
p_001,1,2026-09-15T20:20:00-05:00,30.255227,-97.754493,0.0
p_001,1,2026-09-15T20:30:00-05:00,30.255399,-97.754431,0.0
p_001,1,2026-09-15T20:40:00-05:00,30.255227,-97.754429,0.0
p_001,1,2026-09-15T20:50:00-05:00,30.255329,-97.754531,0.0
p_001,1,2026-09-15T21:00:00-05:00,30.255357,-97.754449,0.0
p_001,1,2026-09-15T21:10:00-05:00,30.255309,-97.754412,0.0
p_001,1,2026-09-15T21:20:00-05:00,30.25523,-97.754493,0.0
p_001,1,2026-09-15T21:30:00-05:00,30.25528,-97.754501,0.0
p_001,1,2026-09-15T21:40:00-05:00,30.273314,-97.751157,6.88
p_001,1,2026-09-15T21:50:00-05:00,30.273371,-97.751103,0.0
p_001,1,2026-09-15T22:00:00-05:00,30.273427,-97.751113,0.0
p_001,1,2026-09-15T22:10:00-05:00,30.273368,-97.751027,0.0
p_001,1,2026-09-15T22:20:00-05:00,30.27343,-97.751096,0.0
p_001,1,2026-09-15T22:30:00-05:00,30.273395,-97.751197,0.0
p_001,1,2026-09-15T22:40:00-05:00,30.273298,-97.751137,0.0
p_001,1,2026-09-15T22:50:00-05:00,30.273334,-97.751138,0.0
p_001,1,2026-09-15T23:00:00-05:00,30.273434,-97.751139,0.0
p_001,1,2026-09-15T23:10:00-05:00,30.27332,-97.751142,0.0
p_001,1,2026-09-15T23:20:00-05:00,30.273384,-97.751062,0.0
p_001,1,2026-09-15T23:30:00-05:00,30.273428,-97.751037,0.0
p_001,1,2026-09-15T23:40:00-05:00,30.273413,-97.751157,0.0
p_001,1,2026-09-15T23:50:00-05:00,30.27327,-97.751178,0.0
p_001,1,2026-09-16T00:00:00-05:00,30.273413,-97.75103,0.0
p_001,1,2026-09-16T00:10:00-05:00,30.273227,-97.751107,0.0
p_001,1,2026-09-16T00:20:00-05:00,30.273397,-97.751095,0.0
p_001,1,2026-09-16T00:30:00-05:00,30.273432,-97.751054,0.0
p_001,1,2026-09-16T00:40:00-05:00,30.27334,-97.751079,0.0
p_001,1,2026-09-16T00:50:00-05:00,30.273359,-97.751092,0.0
p_001,1,2026-09-16T01:00:00-05:00,30.273362,-97.751104,0.0
p_001,1,2026-09-16T01:10:00-05:00,30.273435,-97.751145,0.0
p_001,1,2026-09-16T01:20:00-05:00,30.27333,-97.751071,0.0
p_001,1,2026-09-16T01:30:00-05:00,30.273429,-97.751158,0.0
p_001,1,2026-09-16T01:40:00-05:00,30.273436,-97.751051,0.0
p_001,1,2026-09-16T01:50:00-05:00,30.273307,-97.7511,0.0
p_001,1,2026-09-16T02:00:00-05:00,30.273371,-97.751187,0.0
p_001,1,2026-09-16T02:10:00-05:00,30.273428,-97.750994,0.0
p_001,1,2026-09-16T02:20:00-05:00,30.273414,-97.751101,0.0
p_001,1,2026-09-16T02:30:00-05:00,30.27335,-97.75111,0.0
p_001,1,2026-09-16T02:40:00-05:00,30.273398,-97.751142,0.0
p_001,1,2026-09-16T02:50:00-05:00,30.273407,-97.751218,0.0
p_001,2,2026-09-16T00:00:00-05:00,30.273377,-97.751099,0.0
p_001,2,2026-09-16T00:10:00-05:00,30.273401,-97.751094,0.0
p_001,2,2026-09-16T00:20:00-05:00,30.273425,-97.751053,0.0
p_001,2,2026-09-16T00:30:00-05:00,30.273363,-97.751095,0.0
p_001,2,2026-09-16T00:40:00-05:00,30.273356,-97.751128,0.0
p_001,2,2026-09-16T00:50:00-05:00,30.273366,-97.75117,0.0
p_001,2,2026-09-16T01:00:00-05:00,30.273444,-97.751197,0.0
p_001,2,2026-09-16T01:10:00-05:00,30.273395,-97.75111,0.0
p_001,2,2026-09-16T01:20:00-05:00,30.273405,-97.751104,0.0
p_001,2,2026-09-16T01:30:00-05:00,30.273354,-97.751184,0.0
p_001,2,2026-09-16T01:40:00-05:00,30.273377,-97.751105,0.0
p_001,2,2026-09-16T01:50:00-05:00,30.273433,-97.751101,0.0
p_001,2,2026-09-16T02:00:00-05:00,30.273367,-97.751119,0.0
p_001,2,2026-09-16T02:10:00-05:00,30.273446,-97.751147,0.0
p_001,2,2026-09-16T02:20:00-05:00,30.273371,-97.751154,0.0
p_001,2,2026-09-16T02:30:00-05:00,30.273388,-97.751083,0.0
p_001,2,2026-09-16T02:40:00-05:00,30.273435,-97.751102,0.0
p_001,2,2026-09-16T02:50:00-05:00,30.27339,-97.7511,0.0
p_001,2,2026-09-16T03:00:00-05:00,30.273411,-97.751082,0.0
p_001,2,2026-09-16T03:10:00-05:00,30.273423,-97.751051,0.0
p_001,2,2026-09-16T03:20:00-05:00,30.273374,-97.751147,0.0
p_001,2,2026-09-16T03:30:00-05:00,30.273332,-97.751125,0.0
p_001,2,2026-09-16T03:40:00-05:00,30.273403,-97.751095,0.0
p_001,2,2026-09-16T03:50:00-05:00,30.27339,-97.751136,0.0
p_001,2,2026-09-16T04:00:00-05:00,30.27339,-97.751154,0.0
p_001,2,2026-09-16T04:10:00-05:00,30.273326,-97.751108,0.0
p_001,2,2026-09-16T04:20:00-05:00,30.273417,-97.751112,0.0
p_001,2,2026-09-16T04:30:00-05:00,30.273446,-97.751082,0.0
p_001,2,2026-09-16T04:40:00-05:00,30.273427,-97.75114,0.0
p_001,2,2026-09-16T04:50:00-05:00,30.273363,-97.751116,0.0
p_001,2,2026-09-16T05:00:00-05:00,30.273373,-97.751103,0.0
p_001,2,2026-09-16T05:10:00-05:00,30.273389,-97.751076,0.0
p_001,2,2026-09-16T05:20:00-05:00,30.273333,-97.751102,0.0
p_001,2,2026-09-16T05:30:00-05:00,30.273339,-97.75112,0.0
p_001,2,2026-09-16T05:40:00-05:00,30.273311,-97.751146,0.0
p_001,2,2026-09-16T05:50:00-05:00,30.273356,-97.751093,0.0
p_001,2,2026-09-16T06:00:00-05:00,30.273359,-97.751206,0.0
p_001,2,2026-09-16T06:10:00-05:00,30.27341,-97.751066,0.0
p_001,2,2026-09-16T06:20:00-05:00,30.273394,-97.751154,0.0
p_001,2,2026-09-16T06:30:00-05:00,30.273364,-97.751133,0.0
p_001,2,2026-09-16T06:40:00-05:00,30.273343,-97.75115,0.0
p_001,2,2026-09-16T06:50:00-05:00,30.273427,-97.751122,0.0
p_001,2,2026-09-16T07:00:00-05:00,30.27339,-97.751089,0.0
p_001,2,2026-09-16T07:10:00-05:00,30.273431,-97.751106,0.0
p_001,2,2026-09-16T07:20:00-05:00,30.273405,-97.751178,0.0
p_001,2,2026-09-16T07:30:00-05:00,30.273354,-97.751141,0.0
p_001,2,2026-09-16T07:40:00-05:00,30.273325,-97.751103,0.0
p_001,2,2026-09-16T07:50:00-05:00,30.27334,-97.751089,0.0
p_001,2,2026-09-16T08:00:00-05:00,30.272379,-97.753795,1.46
p_001,2,2026-09-16T08:10:00-05:00,30.271497,-97.755173,0.0
p_001,2,2026-09-16T08:20:00-05:00,30.271593,-97.755228,0.0
p_001,2,2026-09-16T08:30:00-05:00,30.271533,-97.755322,0.0
p_001,2,2026-09-16T08:40:00-05:00,30.271563,-97.7552,0.0
p_001,2,2026-09-16T08:50:00-05:00,30.261188,-97.74101,0.0
p_001,2,2026-09-16T09:00:00-05:00,30.261167,-97.741024,0.0
p_001,2,2026-09-16T09:10:00-05:00,30.261097,-97.741073,0.0
p_001,2,2026-09-16T09:20:00-05:00,30.261199,-97.741091,0.0
p_001,2,2026-09-16T09:30:00-05:00,30.261181,-97.741228,0.0
p_001,2,2026-09-16T09:40:00-05:00,30.261151,-97.741128,0.0
p_001,2,2026-09-16T09:50:00-05:00,30.261147,-97.741175,0.0
p_001,2,2026-09-16T10:00:00-05:00,30.261155,-97.741142,0.0
p_001,2,2026-09-16T10:10:00-05:00,30.26108,-97.7412,0.0
p_001,2,2026-09-16T10:20:00-05:00,30.261115,-97.741196,0.0
p_001,2,2026-09-16T10:30:00-05:00,30.261149,-97.741096,0.0
p_001,2,2026-09-16T10:40:00-05:00,30.261054,-97.741168,0.0
p_001,2,2026-09-16T10:50:00-05:00,30.261109,-97.741083,0.0
p_001,2,2026-09-16T11:00:00-05:00,30.261148,-97.741071,0.0
p_001,2,2026-09-16T11:10:00-05:00,30.261089,-97.741173,0.0
p_001,2,2026-09-16T11:20:00-05:00,30.261108,-97.741128,0.0
p_001,2,2026-09-16T11:30:00-05:00,30.261139,-97.741175,0.0
p_001,2,2026-09-16T11:40:00-05:00,30.261128,-97.74107,0.0
p_001,2,2026-09-16T11:50:00-05:00,30.261062,-97.74111,0.0
p_001,2,2026-09-16T12:00:00-05:00,30.261077,-97.741174,0.0
p_001,2,2026-09-16T12:10:00-05:00,30.260828,-97.741374,1.39
p_001,2,2026-09-16T12:20:00-05:00,30.255749,-97.74387,0.0
p_001,2,2026-09-16T12:30:00-05:00,30.255748,-97.743935,0.0
p_001,2,2026-09-16T12:40:00-05:00,30.255658,-97.74387,0.0
p_001,2,2026-09-16T12:50:00-05:00,30.255722,-97.743806,0.0
p_001,2,2026-09-16T13:00:00-05:00,30.255677,-97.743828,0.0
p_001,2,2026-09-16T13:10:00-05:00,30.255745,-97.743856,0.0
p_001,2,2026-09-16T13:20:00-05:00,30.255618,-97.743884,0.0
p_001,2,2026-09-16T13:30:00-05:00,30.266119,-97.74121,6.35
p_001,2,2026-09-16T13:40:00-05:00,30.270656,-97.740227,0.0
p_001,2,2026-09-16T13:50:00-05:00,30.270594,-97.740169,0.0
p_001,2,2026-09-16T14:00:00-05:00,30.270674,-97.740282,0.0
p_001,2,2026-09-16T14:10:00-05:00,30.270651,-97.740328,0.0
p_001,2,2026-09-16T14:20:00-05:00,30.270696,-97.740253,0.0
p_001,2,2026-09-16T14:30:00-05:00,30.27069,-97.740237,0.0
p_001,2,2026-09-16T14:40:00-05:00,30.270622,-97.740319,0.0
p_001,2,2026-09-16T14:50:00-05:00,30.270637,-97.740329,0.0
p_001,2,2026-09-16T15:00:00-05:00,30.270687,-97.740282,0.0
p_001,2,2026-09-16T15:10:00-05:00,30.270666,-97.740288,0.0
p_001,2,2026-09-16T15:20:00-05:00,30.270645,-97.740437,0.0
p_001,2,2026-09-16T15:30:00-05:00,30.270679,-97.740303,0.0
p_001,2,2026-09-16T15:40:00-05:00,30.270618,-97.74032,0.0
p_001,2,2026-09-16T15:50:00-05:00,30.270671,-97.740176,0.0
p_001,2,2026-09-16T16:00:00-05:00,30.270696,-97.740276,0.0
p_001,2,2026-09-16T16:10:00-05:00,30.270669,-97.740332,0.0
p_001,2,2026-09-16T16:20:00-05:00,30.270709,-97.740268,0.0
p_001,2,2026-09-16T16:30:00-05:00,30.270633,-97.740273,0.0
p_001,2,2026-09-16T16:40:00-05:00,30.270678,-97.740281,0.0
p_001,2,2026-09-16T16:50:00-05:00,30.270697,-97.740254,0.0
p_001,2,2026-09-16T17:00:00-05:00,30.270683,-97.740255,0.0
p_001,2,2026-09-16T17:10:00-05:00,30.270704,-97.740282,0.0
p_001,2,2026-09-16T17:20:00-05:00,30.270668,-97.740269,0.0
p_001,2,2026-09-16T17:30:00-05:00,30.270718,-97.740312,0.0
p_001,2,2026-09-16T17:40:00-05:00,30.270606,-97.740339,0.0
p_001,2,2026-09-16T17:50:00-05:00,30.2707,-97.740255,0.0
p_001,2,2026-09-16T18:00:00-05:00,30.270669,-97.740266,0.0
p_001,2,2026-09-16T18:10:00-05:00,30.27068,-97.740218,0.0
p_001,2,2026-09-16T18:20:00-05:00,30.270666,-97.740228,0.0
p_001,2,2026-09-16T18:30:00-05:00,30.270657,-97.740225,0.0
p_001,2,2026-09-16T18:40:00-05:00,30.2707,-97.740233,0.0
p_001,2,2026-09-16T18:50:00-05:00,30.2707,-97.74032,0.0
p_001,2,2026-09-16T19:00:00-05:00,30.270713,-97.740174,0.0
p_001,2,2026-09-16T19:10:00-05:00,30.270659,-97.740202,0.0
p_001,2,2026-09-16T19:20:00-05:00,30.270644,-97.740253,0.0
p_001,2,2026-09-16T19:30:00-05:00,30.267227,-97.732193,0.0
p_001,2,2026-09-16T19:40:00-05:00,30.267228,-97.732107,0.0
p_001,2,2026-09-16T19:50:00-05:00,30.26716,-97.732039,0.0
p_001,2,2026-09-16T20:00:00-05:00,30.26712,-97.732124,0.0
p_001,2,2026-09-16T20:10:00-05:00,30.267185,-97.732093,0.0
p_001,2,2026-09-16T20:20:00-05:00,30.267127,-97.732197,0.0
p_001,2,2026-09-16T20:30:00-05:00,30.267204,-97.732135,0.0
p_001,2,2026-09-16T20:40:00-05:00,30.267223,-97.732185,0.0
p_001,2,2026-09-16T20:50:00-05:00,30.267216,-97.732185,0.0
p_001,2,2026-09-16T21:00:00-05:00,30.267134,-97.732122,0.0
p_001,2,2026-09-16T21:10:00-05:00,30.267249,-97.732159,0.0
p_001,2,2026-09-16T21:20:00-05:00,30.267174,-97.732126,0.0
p_001,2,2026-09-16T21:30:00-05:00,30.267227,-97.732166,0.0
p_001,2,2026-09-16T21:40:00-05:00,30.273436,-97.751157,0.0
p_001,2,2026-09-16T21:50:00-05:00,30.273347,-97.751057,0.0
p_001,2,2026-09-16T22:00:00-05:00,30.273415,-97.751119,0.0
p_001,2,2026-09-16T22:10:00-05:00,30.273431,-97.75109,0.0
p_001,2,2026-09-16T22:20:00-05:00,30.273406,-97.751124,0.0
p_001,2,2026-09-16T22:30:00-05:00,30.273351,-97.751209,0.0
p_001,2,2026-09-16T22:40:00-05:00,30.273358,-97.751028,0.0
p_001,2,2026-09-16T22:50:00-05:00,30.273333,-97.751107,0.0
p_001,2,2026-09-16T23:00:00-05:00,30.273398,-97.751062,0.0
p_001,2,2026-09-16T23:10:00-05:00,30.273458,-97.751169,0.0
p_001,2,2026-09-16T23:20:00-05:00,30.273338,-97.751101,0.0
p_001,2,2026-09-16T23:30:00-05:00,30.273349,-97.751107,0.0
p_001,2,2026-09-16T23:40:00-05:00,30.273376,-97.751078,0.0
p_001,2,2026-09-16T23:50:00-05:00,30.273481,-97.751089,0.0
p_001,2,2026-09-17T00:00:00-05:00,30.273385,-97.751119,0.0
p_001,2,2026-09-17T00:10:00-05:00,30.273405,-97.751103,0.0
p_001,2,2026-09-17T00:20:00-05:00,30.273468,-97.751223,0.0
p_001,2,2026-09-17T00:30:00-05:00,30.273302,-97.750994,0.0
p_001,2,2026-09-17T00:40:00-05:00,30.273311,-97.751131,0.0
p_001,2,2026-09-17T00:50:00-05:00,30.273438,-97.751026,0.0
p_001,2,2026-09-17T01:00:00-05:00,30.273335,-97.751057,0.0
p_001,2,2026-09-17T01:10:00-05:00,30.273354,-97.751125,0.0
p_001,2,2026-09-17T01:20:00-05:00,30.273326,-97.751086,0.0
p_001,2,2026-09-17T01:30:00-05:00,30.273443,-97.751044,0.0
p_001,2,2026-09-17T01:40:00-05:00,30.273398,-97.751113,0.0
p_001,2,2026-09-17T01:50:00-05:00,30.273427,-97.751137,0.0
p_001,2,2026-09-17T02:00:00-05:00,30.273389,-97.751107,0.0
p_001,2,2026-09-17T02:10:00-05:00,30.273392,-97.751016,0.0
p_001,2,2026-09-17T02:20:00-05:00,30.273343,-97.751216,0.0
p_001,2,2026-09-17T02:30:00-05:00,30.273428,-97.751061,0.0
p_001,2,2026-09-17T02:40:00-05:00,30.273338,-97.751166,0.0
p_001,2,2026-09-17T02:50:00-05:00,30.273317,-97.751205,0.0
p_001,3,2026-09-17T00:00:00-05:00,30.273373,-97.751151,0.0
p_001,3,2026-09-17T00:10:00-05:00,30.273369,-97.75108,0.0
p_001,3,2026-09-17T00:20:00-05:00,30.273438,-97.751055,0.0
p_001,3,2026-09-17T00:30:00-05:00,30.27337,-97.751088,0.0
p_001,3,2026-09-17T00:40:00-05:00,30.273368,-97.751128,0.0
p_001,3,2026-09-17T00:50:00-05:00,30.273345,-97.751096,0.0
p_001,3,2026-09-17T01:00:00-05:00,30.273348,-97.751162,0.0
p_001,3,2026-09-17T01:10:00-05:00,30.273404,-97.751121,0.0
p_001,3,2026-09-17T01:20:00-05:00,30.273395,-97.751093,0.0
p_001,3,2026-09-17T01:30:00-05:00,30.27336,-97.751085,0.0
p_001,3,2026-09-17T01:40:00-05:00,30.273391,-97.751128,0.0
p_001,3,2026-09-17T01:50:00-05:00,30.27339,-97.751079,0.0
p_001,3,2026-09-17T02:00:00-05:00,30.273411,-97.751096,0.0
p_001,3,2026-09-17T02:10:00-05:00,30.273414,-97.751178,0.0
p_001,3,2026-09-17T02:20:00-05:00,30.273394,-97.751151,0.0
p_001,3,2026-09-17T02:30:00-05:00,30.273421,-97.751135,0.0
p_001,3,2026-09-17T02:40:00-05:00,30.273421,-97.751205,0.0
p_001,3,2026-09-17T02:50:00-05:00,30.273449,-97.751162,0.0
p_001,3,2026-09-17T03:00:00-05:00,30.273391,-97.751095,0.0
p_001,3,2026-09-17T03:10:00-05:00,30.273407,-97.751085,0.0
p_001,3,2026-09-17T03:20:00-05:00,30.273354,-97.751088,0.0
p_001,3,2026-09-17T03:30:00-05:00,30.273394,-97.751154,0.0
p_001,3,2026-09-17T03:40:00-05:00,30.273368,-97.75113,0.0
p_001,3,2026-09-17T03:50:00-05:00,30.273409,-97.751161,0.0
p_001,3,2026-09-17T04:00:00-05:00,30.273383,-97.751124,0.0
p_001,3,2026-09-17T04:10:00-05:00,30.273382,-97.751127,0.0
p_001,3,2026-09-17T04:20:00-05:00,30.273422,-97.751112,0.0
p_001,3,2026-09-17T04:30:00-05:00,30.27334,-97.751081,0.0
p_001,3,2026-09-17T04:40:00-05:00,30.273382,-97.7511,0.0
p_001,3,2026-09-17T04:50:00-05:00,30.273466,-97.751204,0.0
p_001,3,2026-09-17T05:00:00-05:00,30.273409,-97.751142,0.0
p_001,3,2026-09-17T05:10:00-05:00,30.273414,-97.75117,0.0
p_001,3,2026-09-17T05:20:00-05:00,30.273391,-97.751151,0.0
p_001,3,2026-09-17T05:30:00-05:00,30.273436,-97.75117,0.0
p_001,3,2026-09-17T05:40:00-05:00,30.27338,-97.751079,0.0
p_001,3,2026-09-17T05:50:00-05:00,30.273367,-97.75111,0.0
p_001,3,2026-09-17T06:00:00-05:00,30.27338,-97.751127,0.0
p_001,3,2026-09-17T06:10:00-05:00,30.273439,-97.751162,0.0
p_001,3,2026-09-17T06:20:00-05:00,30.273357,-97.751128,0.0
p_001,3,2026-09-17T06:30:00-05:00,30.273397,-97.751083,0.0
p_001,3,2026-09-17T06:40:00-05:00,30.273386,-97.751086,0.0
p_001,3,2026-09-17T06:50:00-05:00,30.273388,-97.751072,0.0
p_001,3,2026-09-17T07:00:00-05:00,30.273336,-97.751171,0.0
p_001,3,2026-09-17T07:10:00-05:00,30.273409,-97.75116,0.0
p_001,3,2026-09-17T07:20:00-05:00,30.273354,-97.751097,0.0
p_001,3,2026-09-17T07:30:00-05:00,30.273362,-97.751124,0.0
p_001,3,2026-09-17T07:40:00-05:00,30.273431,-97.751111,0.0
p_001,3,2026-09-17T07:50:00-05:00,30.273378,-97.751077,0.0
p_001,3,2026-09-17T08:00:00-05:00,30.273418,-97.751171,0.0
p_001,3,2026-09-17T08:10:00-05:00,30.273379,-97.751139,0.0
p_001,3,2026-09-17T08:20:00-05:00,30.283869,-97.749132,0.0
p_001,3,2026-09-17T08:30:00-05:00,30.283865,-97.749206,0.0
p_001,3,2026-09-17T08:40:00-05:00,30.283807,-97.749146,0.0
p_001,3,2026-09-17T08:50:00-05:00,30.283811,-97.749167,0.0
p_001,3,2026-09-17T09:00:00-05:00,30.268957,-97.753317,0.0
p_001,3,2026-09-17T09:10:00-05:00,30.269031,-97.753358,0.0
p_001,3,2026-09-17T09:20:00-05:00,30.268998,-97.753193,0.0
p_001,3,2026-09-17T09:30:00-05:00,30.269025,-97.753349,0.0
p_001,3,2026-09-17T09:40:00-05:00,30.268972,-97.753281,0.0
p_001,3,2026-09-17T09:50:00-05:00,30.269022,-97.753258,0.0
p_001,3,2026-09-17T10:00:00-05:00,30.268947,-97.753323,0.0
p_001,3,2026-09-17T10:10:00-05:00,30.269036,-97.753403,0.0
p_001,3,2026-09-17T10:20:00-05:00,30.268999,-97.753317,0.0
p_001,3,2026-09-17T10:30:00-05:00,30.26898,-97.753448,0.0
p_001,3,2026-09-17T10:40:00-05:00,30.269106,-97.753367,0.0
p_001,3,2026-09-17T10:50:00-05:00,30.269058,-97.753339,0.0
p_001,3,2026-09-17T11:00:00-05:00,30.269005,-97.753322,0.0
p_001,3,2026-09-17T11:10:00-05:00,30.269019,-97.753233,0.0
p_001,3,2026-09-17T11:20:00-05:00,30.268953,-97.753254,0.0
p_001,3,2026-09-17T11:30:00-05:00,30.268989,-97.75327,0.0
p_001,3,2026-09-17T11:40:00-05:00,30.26907,-97.753301,0.0
p_001,3,2026-09-17T11:50:00-05:00,30.269069,-97.753308,0.0
p_001,3,2026-09-17T12:00:00-05:00,30.268975,-97.753284,0.0
p_001,3,2026-09-17T12:10:00-05:00,30.268944,-97.753261,0.0
p_001,3,2026-09-17T12:20:00-05:00,30.269005,-97.753361,0.0
p_001,3,2026-09-17T12:30:00-05:00,30.269019,-97.753274,0.0
p_001,3,2026-09-17T12:40:00-05:00,30.26902,-97.753318,0.0
p_001,3,2026-09-17T12:50:00-05:00,30.269033,-97.753285,0.0
p_001,3,2026-09-17T13:00:00-05:00,30.26901,-97.75322,0.0
p_001,3,2026-09-17T13:10:00-05:00,30.269038,-97.753308,0.0
p_001,3,2026-09-17T13:20:00-05:00,30.269034,-97.753305,0.0
p_001,3,2026-09-17T13:30:00-05:00,30.268958,-97.753368,0.0
p_001,3,2026-09-17T13:40:00-05:00,30.269016,-97.753346,0.0
p_001,3,2026-09-17T13:50:00-05:00,30.269086,-97.753256,0.0
p_001,3,2026-09-17T14:00:00-05:00,30.268969,-97.753259,0.0
p_001,3,2026-09-17T14:10:00-05:00,30.26902,-97.753324,0.0
p_001,3,2026-09-17T14:20:00-05:00,30.269019,-97.753324,0.0
p_001,3,2026-09-17T14:30:00-05:00,30.269014,-97.753347,0.0
p_001,3,2026-09-17T14:40:00-05:00,30.269004,-97.753329,0.0
p_001,3,2026-09-17T14:50:00-05:00,30.26897,-97.753305,0.0
p_001,3,2026-09-17T15:00:00-05:00,30.268956,-97.753338,0.0
p_001,3,2026-09-17T15:10:00-05:00,30.268967,-97.753261,0.0
p_001,3,2026-09-17T15:20:00-05:00,30.268949,-97.753338,0.0
p_001,3,2026-09-17T15:30:00-05:00,30.268992,-97.753265,0.0
p_001,3,2026-09-17T15:40:00-05:00,30.269018,-97.753314,0.0
p_001,3,2026-09-17T15:50:00-05:00,30.268997,-97.753309,0.0
p_001,3,2026-09-17T16:00:00-05:00,30.269082,-97.753252,0.0
p_001,3,2026-09-17T16:10:00-05:00,30.268984,-97.753344,0.0
p_001,3,2026-09-17T16:20:00-05:00,30.268948,-97.753363,0.0
p_001,3,2026-09-17T16:30:00-05:00,30.268989,-97.753303,0.0
p_001,3,2026-09-17T16:40:00-05:00,30.269056,-97.753311,0.0
p_001,3,2026-09-17T16:50:00-05:00,30.269078,-97.753393,0.0
p_001,3,2026-09-17T17:00:00-05:00,30.269012,-97.753323,0.0
p_001,3,2026-09-17T17:10:00-05:00,30.269019,-97.753333,0.0
p_001,3,2026-09-17T17:20:00-05:00,30.26907,-97.753316,0.0
p_001,3,2026-09-17T17:30:00-05:00,30.269016,-97.753294,0.0
p_001,3,2026-09-17T17:40:00-05:00,30.269021,-97.753278,0.0
p_001,3,2026-09-17T17:50:00-05:00,30.26904,-97.753286,0.0
p_001,3,2026-09-17T18:00:00-05:00,30.269744,-97.754823,1.22
p_001,3,2026-09-17T18:10:00-05:00,30.270513,-97.755691,0.0
p_001,3,2026-09-17T18:20:00-05:00,30.270434,-97.755744,0.0
p_001,3,2026-09-17T18:30:00-05:00,30.270491,-97.755676,0.0
p_001,3,2026-09-17T18:40:00-05:00,30.270443,-97.755764,0.0
p_001,3,2026-09-17T18:50:00-05:00,30.270433,-97.755648,0.0
p_001,3,2026-09-17T19:00:00-05:00,30.263476,-97.746334,0.0
p_001,3,2026-09-17T19:10:00-05:00,30.263557,-97.746433,0.0
p_001,3,2026-09-17T19:20:00-05:00,30.26346,-97.746364,0.0
p_001,3,2026-09-17T19:30:00-05:00,30.263515,-97.746405,0.0
p_001,3,2026-09-17T19:40:00-05:00,30.263537,-97.746383,0.0
p_001,3,2026-09-17T19:50:00-05:00,30.26346,-97.746428,0.0
p_001,3,2026-09-17T20:00:00-05:00,30.263499,-97.746367,0.0
p_001,3,2026-09-17T20:10:00-05:00,30.263508,-97.746477,0.0
p_001,3,2026-09-17T20:20:00-05:00,30.26354,-97.746363,0.0
p_001,3,2026-09-17T20:30:00-05:00,30.263513,-97.746383,0.0
p_001,3,2026-09-17T20:40:00-05:00,30.263535,-97.746403,0.0
p_001,3,2026-09-17T20:50:00-05:00,30.263523,-97.746452,0.0
p_001,3,2026-09-17T21:00:00-05:00,30.263519,-97.746364,0.0
p_001,3,2026-09-17T21:10:00-05:00,30.263548,-97.746318,0.0
p_001,3,2026-09-17T21:20:00-05:00,30.273366,-97.751159,0.0
p_001,3,2026-09-17T21:30:00-05:00,30.273437,-97.751065,0.0
p_001,3,2026-09-17T21:40:00-05:00,30.273439,-97.751148,0.0
p_001,3,2026-09-17T21:50:00-05:00,30.273325,-97.751129,0.0
p_001,3,2026-09-17T22:00:00-05:00,30.273349,-97.751032,0.0
p_001,3,2026-09-17T22:10:00-05:00,30.273385,-97.751202,0.0
p_001,3,2026-09-17T22:20:00-05:00,30.273376,-97.751041,0.0
p_001,3,2026-09-17T22:30:00-05:00,30.273423,-97.751124,0.0
p_001,3,2026-09-17T22:40:00-05:00,30.273309,-97.751178,0.0
p_001,3,2026-09-17T22:50:00-05:00,30.273365,-97.751132,0.0
p_001,3,2026-09-17T23:00:00-05:00,30.273321,-97.751138,0.0
p_001,3,2026-09-17T23:10:00-05:00,30.273423,-97.751074,0.0
p_001,3,2026-09-17T23:20:00-05:00,30.273384,-97.751127,0.0
p_001,3,2026-09-17T23:30:00-05:00,30.2734,-97.75109,0.0
p_001,3,2026-09-17T23:40:00-05:00,30.273394,-97.751191,0.0
p_001,3,2026-09-17T23:50:00-05:00,30.27345,-97.751106,0.0
p_001,3,2026-09-18T00:00:00-05:00,30.273341,-97.751017,0.0
p_001,3,2026-09-18T00:10:00-05:00,30.273436,-97.75114,0.0
p_001,3,2026-09-18T00:20:00-05:00,30.2734,-97.751167,0.0
p_001,3,2026-09-18T00:30:00-05:00,30.273392,-97.751116,0.0
p_001,3,2026-09-18T00:40:00-05:00,30.273427,-97.751138,0.0
p_001,3,2026-09-18T00:50:00-05:00,30.273461,-97.751154,0.0
p_001,3,2026-09-18T01:00:00-05:00,30.273439,-97.751056,0.0
p_001,3,2026-09-18T01:10:00-05:00,30.273348,-97.751123,0.0
p_001,3,2026-09-18T01:20:00-05:00,30.273404,-97.751063,0.0
p_001,3,2026-09-18T01:30:00-05:00,30.273406,-97.751042,0.0
p_001,3,2026-09-18T01:40:00-05:00,30.273443,-97.751161,0.0
p_001,3,2026-09-18T01:50:00-05:00,30.273465,-97.75116,0.0
p_001,3,2026-09-18T02:00:00-05:00,30.273377,-97.751104,0.0
p_001,3,2026-09-18T02:10:00-05:00,30.273435,-97.751148,0.0
p_001,3,2026-09-18T02:20:00-05:00,30.273362,-97.751116,0.0
p_001,3,2026-09-18T02:30:00-05:00,30.273377,-97.75114,0.0
p_001,3,2026-09-18T02:40:00-05:00,30.273314,-97.751141,0.0
p_001,3,2026-09-18T02:50:00-05:00,30.273375,-97.751086,0.0
p_001,4,2026-09-18T00:00:00-05:00,30.273363,-97.751107,0.0
p_001,4,2026-09-18T00:10:00-05:00,30.273463,-97.751142,0.0
p_001,4,2026-09-18T00:20:00-05:00,30.27338,-97.751151,0.0
p_001,4,2026-09-18T00:30:00-05:00,30.273409,-97.751091,0.0
p_001,4,2026-09-18T00:40:00-05:00,30.273378,-97.751044,0.0
p_001,4,2026-09-18T00:50:00-05:00,30.273368,-97.751107,0.0
p_001,4,2026-09-18T01:00:00-05:00,30.273408,-97.751147,0.0
p_001,4,2026-09-18T01:10:00-05:00,30.27338,-97.751106,0.0
p_001,4,2026-09-18T01:20:00-05:00,30.27342,-97.751024,0.0
p_001,4,2026-09-18T01:30:00-05:00,30.273407,-97.751055,0.0
p_001,4,2026-09-18T01:40:00-05:00,30.273441,-97.751077,0.0
p_001,4,2026-09-18T01:50:00-05:00,30.273398,-97.751097,0.0
p_001,4,2026-09-18T02:00:00-05:00,30.273331,-97.751103,0.0
p_001,4,2026-09-18T02:10:00-05:00,30.273408,-97.751097,0.0
p_001,4,2026-09-18T02:20:00-05:00,30.27341,-97.751118,0.0
p_001,4,2026-09-18T02:30:00-05:00,30.273363,-97.751115,0.0
p_001,4,2026-09-18T02:40:00-05:00,30.273417,-97.751019,0.0
p_001,4,2026-09-18T02:50:00-05:00,30.273369,-97.751128,0.0
p_001,4,2026-09-18T03:00:00-05:00,30.273471,-97.751139,0.0
p_001,4,2026-09-18T03:10:00-05:00,30.273388,-97.751151,0.0
p_001,4,2026-09-18T03:20:00-05:00,30.273434,-97.75106,0.0
p_001,4,2026-09-18T03:30:00-05:00,30.273369,-97.751056,0.0
p_001,4,2026-09-18T03:40:00-05:00,30.273424,-97.751127,0.0
p_001,4,2026-09-18T03:50:00-05:00,30.273381,-97.751166,0.0
p_001,4,2026-09-18T04:00:00-05:00,30.273388,-97.75107,0.0
p_001,4,2026-09-18T04:10:00-05:00,30.273354,-97.751047,0.0
p_001,4,2026-09-18T04:20:00-05:00,30.273442,-97.751116,0.0
p_001,4,2026-09-18T04:30:00-05:00,30.273371,-97.751188,0.0
p_001,4,2026-09-18T04:40:00-05:00,30.273386,-97.7511,0.0
p_001,4,2026-09-18T04:50:00-05:00,30.273392,-97.751117,0.0
p_001,4,2026-09-18T05:00:00-05:00,30.273325,-97.75109,0.0
p_001,4,2026-09-18T05:10:00-05:00,30.273364,-97.751063,0.0
p_001,4,2026-09-18T05:20:00-05:00,30.273413,-97.75111,0.0
p_001,4,2026-09-18T05:30:00-05:00,30.273353,-97.751097,0.0
p_001,4,2026-09-18T05:40:00-05:00,30.273397,-97.751154,0.0
p_001,4,2026-09-18T05:50:00-05:00,30.273413,-97.751078,0.0
p_001,4,2026-09-18T06:00:00-05:00,30.273334,-97.751135,0.0
p_001,4,2026-09-18T06:10:00-05:00,30.273431,-97.7511,0.0
p_001,4,2026-09-18T06:20:00-05:00,30.273343,-97.751143,0.0
p_001,4,2026-09-18T06:30:00-05:00,30.27339,-97.751068,0.0
p_001,4,2026-09-18T06:40:00-05:00,30.27341,-97.751093,0.0
p_001,4,2026-09-18T06:50:00-05:00,30.273365,-97.751138,0.0
p_001,4,2026-09-18T07:00:00-05:00,30.273358,-97.75114,0.0
p_001,4,2026-09-18T07:10:00-05:00,30.273395,-97.75109,0.0
p_001,4,2026-09-18T07:20:00-05:00,30.27336,-97.751108,0.0
p_001,4,2026-09-18T07:30:00-05:00,30.273392,-97.751066,0.0
p_001,4,2026-09-18T07:40:00-05:00,30.273462,-97.751106,0.0
p_001,4,2026-09-18T07:50:00-05:00,30.273408,-97.75111,0.0
p_001,4,2026-09-18T08:00:00-05:00,30.273409,-97.751159,0.0
p_001,4,2026-09-18T08:10:00-05:00,30.273465,-97.751132,0.0
p_001,4,2026-09-18T08:20:00-05:00,30.273332,-97.751091,0.0
p_001,4,2026-09-18T08:30:00-05:00,30.273445,-97.751153,0.0
p_001,4,2026-09-18T08:40:00-05:00,30.264737,-97.744509,5.37
p_001,4,2026-09-18T08:50:00-05:00,30.261123,-97.741074,0.0
p_001,4,2026-09-18T09:00:00-05:00,30.261154,-97.741025,0.0
p_001,4,2026-09-18T09:10:00-05:00,30.261159,-97.741103,0.0
p_001,4,2026-09-18T09:20:00-05:00,30.261193,-97.741061,0.0
p_001,4,2026-09-18T09:30:00-05:00,30.261196,-97.741101,0.0
p_001,4,2026-09-18T09:40:00-05:00,30.261221,-97.741134,0.0
p_001,4,2026-09-18T09:50:00-05:00,30.261115,-97.74119,0.0
p_001,4,2026-09-18T10:00:00-05:00,30.261152,-97.741229,0.0
p_001,4,2026-09-18T10:10:00-05:00,30.261158,-97.741112,0.0
p_001,4,2026-09-18T10:20:00-05:00,30.261139,-97.741113,0.0
p_001,4,2026-09-18T10:30:00-05:00,30.261115,-97.741114,0.0
p_001,4,2026-09-18T10:40:00-05:00,30.261174,-97.741108,0.0
p_001,4,2026-09-18T10:50:00-05:00,30.261116,-97.741144,0.0
p_001,4,2026-09-18T11:00:00-05:00,30.261137,-97.741105,0.0
p_001,4,2026-09-18T11:10:00-05:00,30.261203,-97.741105,0.0
p_001,4,2026-09-18T11:20:00-05:00,30.261143,-97.741173,0.0
p_001,4,2026-09-18T11:30:00-05:00,30.261198,-97.741054,0.0
p_001,4,2026-09-18T11:40:00-05:00,30.261142,-97.74104,0.0
p_001,4,2026-09-18T11:50:00-05:00,30.261111,-97.741094,0.0
p_001,4,2026-09-18T12:00:00-05:00,30.261111,-97.741212,0.0
p_001,4,2026-09-18T12:10:00-05:00,30.261181,-97.741093,0.0
p_001,4,2026-09-18T12:20:00-05:00,30.261111,-97.741166,0.0
p_001,4,2026-09-18T12:30:00-05:00,30.265923,-97.737199,1.25
p_001,4,2026-09-18T12:40:00-05:00,30.265913,-97.737172,0.0
p_001,4,2026-09-18T12:50:00-05:00,30.265899,-97.737139,0.0
p_001,4,2026-09-18T13:00:00-05:00,30.265877,-97.737091,0.0
p_001,4,2026-09-18T13:10:00-05:00,30.265956,-97.737095,0.0
p_001,4,2026-09-18T13:20:00-05:00,30.265896,-97.737084,0.0
p_001,4,2026-09-18T13:30:00-05:00,30.265971,-97.737193,0.0
p_001,4,2026-09-18T13:40:00-05:00,30.265983,-97.737117,0.0
p_001,4,2026-09-18T13:50:00-05:00,30.264469,-97.738648,1.41
p_001,4,2026-09-18T14:00:00-05:00,30.261157,-97.741082,0.0
p_001,4,2026-09-18T14:10:00-05:00,30.261053,-97.74111,0.0
p_001,4,2026-09-18T14:20:00-05:00,30.261154,-97.741015,0.0
p_001,4,2026-09-18T14:30:00-05:00,30.261142,-97.741021,0.0
p_001,4,2026-09-18T14:40:00-05:00,30.261258,-97.741177,0.0
p_001,4,2026-09-18T14:50:00-05:00,30.2612,-97.741098,0.0
p_001,4,2026-09-18T15:00:00-05:00,30.261175,-97.741167,0.0
p_001,4,2026-09-18T15:10:00-05:00,30.261192,-97.741231,0.0
p_001,4,2026-09-18T15:20:00-05:00,30.261137,-97.741136,0.0
p_001,4,2026-09-18T15:30:00-05:00,30.261117,-97.74118,0.0
p_001,4,2026-09-18T15:40:00-05:00,30.261229,-97.741169,0.0
p_001,4,2026-09-18T15:50:00-05:00,30.26113,-97.741085,0.0
p_001,4,2026-09-18T16:00:00-05:00,30.261118,-97.741106,0.0
p_001,4,2026-09-18T16:10:00-05:00,30.261212,-97.741079,0.0
p_001,4,2026-09-18T16:20:00-05:00,30.261138,-97.741165,0.0
p_001,4,2026-09-18T16:30:00-05:00,30.261029,-97.741194,0.0
p_001,4,2026-09-18T16:40:00-05:00,30.261079,-97.741052,0.0
p_001,4,2026-09-18T16:50:00-05:00,30.261158,-97.741117,0.0
p_001,4,2026-09-18T17:00:00-05:00,30.260996,-97.74118,0.0
p_001,4,2026-09-18T17:10:00-05:00,30.261153,-97.741101,0.0
p_001,4,2026-09-18T17:20:00-05:00,30.261134,-97.741215,0.0
p_001,4,2026-09-18T17:30:00-05:00,30.261139,-97.741134,0.0
p_001,4,2026-09-18T17:40:00-05:00,30.261114,-97.741126,0.0
p_001,4,2026-09-18T17:50:00-05:00,30.261137,-97.741052,0.0
p_001,4,2026-09-18T18:00:00-05:00,30.261068,-97.741074,0.0
p_001,4,2026-09-18T18:10:00-05:00,30.261106,-97.741114,0.0
p_001,4,2026-09-18T18:20:00-05:00,30.261179,-97.741167,0.0
p_001,4,2026-09-18T18:30:00-05:00,30.261069,-97.741173,0.0
p_001,4,2026-09-18T18:40:00-05:00,30.261094,-97.74111,0.0
p_001,4,2026-09-18T18:50:00-05:00,30.26118,-97.741137,0.0
p_001,4,2026-09-18T19:00:00-05:00,30.261131,-97.741146,0.0
p_001,4,2026-09-18T19:10:00-05:00,30.261185,-97.74111,0.0
p_001,4,2026-09-18T19:20:00-05:00,30.261197,-97.741093,0.0
p_001,4,2026-09-18T19:30:00-05:00,30.255237,-97.754451,0.0
p_001,4,2026-09-18T19:40:00-05:00,30.255282,-97.754518,0.0
p_001,4,2026-09-18T19:50:00-05:00,30.255188,-97.754524,0.0
p_001,4,2026-09-18T20:00:00-05:00,30.255271,-97.75452,0.0
p_001,4,2026-09-18T20:10:00-05:00,30.255335,-97.754397,0.0
p_001,4,2026-09-18T20:20:00-05:00,30.255158,-97.754538,0.0
p_001,4,2026-09-18T20:30:00-05:00,30.255182,-97.754473,0.0
p_001,4,2026-09-18T20:40:00-05:00,30.255282,-97.754443,0.0
p_001,4,2026-09-18T20:50:00-05:00,30.255246,-97.754449,0.0
p_001,4,2026-09-18T21:00:00-05:00,30.255261,-97.754471,0.0
p_001,4,2026-09-18T21:10:00-05:00,30.25529,-97.754481,0.0
p_001,4,2026-09-18T21:20:00-05:00,30.255255,-97.754477,0.0
p_001,4,2026-09-18T21:30:00-05:00,30.255235,-97.754458,0.0
p_001,4,2026-09-18T21:40:00-05:00,30.273364,-97.751169,6.3
p_001,4,2026-09-18T21:50:00-05:00,30.273446,-97.751202,0.0
p_001,4,2026-09-18T22:00:00-05:00,30.273393,-97.751188,0.0
p_001,4,2026-09-18T22:10:00-05:00,30.273411,-97.751135,0.0
p_001,4,2026-09-18T22:20:00-05:00,30.27329,-97.751155,0.0
p_001,4,2026-09-18T22:30:00-05:00,30.273421,-97.751106,0.0
p_001,4,2026-09-18T22:40:00-05:00,30.273273,-97.751111,0.0
p_001,4,2026-09-18T22:50:00-05:00,30.273419,-97.751255,0.0
p_001,4,2026-09-18T23:00:00-05:00,30.273352,-97.751125,0.0
p_001,4,2026-09-18T23:10:00-05:00,30.273402,-97.751059,0.0
p_001,4,2026-09-18T23:20:00-05:00,30.273371,-97.751071,0.0
p_001,4,2026-09-18T23:30:00-05:00,30.273383,-97.751184,0.0
p_001,4,2026-09-18T23:40:00-05:00,30.273364,-97.751108,0.0
p_001,4,2026-09-18T23:50:00-05:00,30.273329,-97.75114,0.0
p_001,4,2026-09-19T00:00:00-05:00,30.273382,-97.751108,0.0
p_001,4,2026-09-19T00:10:00-05:00,30.273395,-97.751134,0.0
p_001,4,2026-09-19T00:20:00-05:00,30.27343,-97.751126,0.0
p_001,4,2026-09-19T00:30:00-05:00,30.273452,-97.751106,0.0
p_001,4,2026-09-19T00:40:00-05:00,30.273463,-97.751166,0.0
p_001,4,2026-09-19T00:50:00-05:00,30.273404,-97.751091,0.0
p_001,4,2026-09-19T01:00:00-05:00,30.273338,-97.751012,0.0
p_001,4,2026-09-19T01:10:00-05:00,30.273368,-97.751126,0.0
p_001,4,2026-09-19T01:20:00-05:00,30.273475,-97.751024,0.0
p_001,4,2026-09-19T01:30:00-05:00,30.273382,-97.7512,0.0
p_001,4,2026-09-19T01:40:00-05:00,30.273378,-97.751213,0.0
p_001,4,2026-09-19T01:50:00-05:00,30.273379,-97.751134,0.0
p_001,4,2026-09-19T02:00:00-05:00,30.273319,-97.75111,0.0
p_001,4,2026-09-19T02:10:00-05:00,30.273367,-97.751114,0.0
p_001,4,2026-09-19T02:20:00-05:00,30.273317,-97.751058,0.0
p_001,4,2026-09-19T02:30:00-05:00,30.273334,-97.751145,0.0
p_001,4,2026-09-19T02:40:00-05:00,30.273373,-97.75107,0.0
p_001,4,2026-09-19T02:50:00-05:00,30.273343,-97.750993,0.0
p_002,0,2026-09-14T00:00:00-05:00,30.278256,-97.717368,0.0
p_002,0,2026-09-14T00:10:00-05:00,30.278291,-97.71729,0.0
p_002,0,2026-09-14T00:20:00-05:00,30.278224,-97.717425,0.0
p_002,0,2026-09-14T00:30:00-05:00,30.278303,-97.717363,0.0
p_002,0,2026-09-14T00:40:00-05:00,30.278316,-97.717386,0.0
p_002,0,2026-09-14T00:50:00-05:00,30.278241,-97.717369,0.0
p_002,0,2026-09-14T01:00:00-05:00,30.278257,-97.717344,0.0
p_002,0,2026-09-14T01:10:00-05:00,30.278332,-97.717388,0.0
p_002,0,2026-09-14T01:20:00-05:00,30.278254,-97.717331,0.0
p_002,0,2026-09-14T01:30:00-05:00,30.278243,-97.717374,0.0
p_002,0,2026-09-14T01:40:00-05:00,30.27828,-97.717332,0.0
p_002,0,2026-09-14T01:50:00-05:00,30.278246,-97.717368,0.0
p_002,0,2026-09-14T02:00:00-05:00,30.278225,-97.717267,0.0
p_002,0,2026-09-14T02:10:00-05:00,30.278342,-97.71739,0.0
p_002,0,2026-09-14T02:20:00-05:00,30.278277,-97.717353,0.0
p_002,0,2026-09-14T02:30:00-05:00,30.278226,-97.717393,0.0
p_002,0,2026-09-14T02:40:00-05:00,30.27821,-97.717351,0.0
p_002,0,2026-09-14T02:50:00-05:00,30.278229,-97.717439,0.0
p_002,0,2026-09-14T03:00:00-05:00,30.278294,-97.717384,0.0
p_002,0,2026-09-14T03:10:00-05:00,30.278247,-97.717402,0.0
p_002,0,2026-09-14T03:20:00-05:00,30.278202,-97.717344,0.0
p_002,0,2026-09-14T03:30:00-05:00,30.27824,-97.71737,0.0
p_002,0,2026-09-14T03:40:00-05:00,30.27825,-97.71739,0.0
p_002,0,2026-09-14T03:50:00-05:00,30.278273,-97.717333,0.0
p_002,0,2026-09-14T04:00:00-05:00,30.278276,-97.717417,0.0
p_002,0,2026-09-14T04:10:00-05:00,30.278252,-97.717345,0.0
p_002,0,2026-09-14T04:20:00-05:00,30.278265,-97.717389,0.0
p_002,0,2026-09-14T04:30:00-05:00,30.278306,-97.717333,0.0
p_002,0,2026-09-14T04:40:00-05:00,30.278194,-97.717337,0.0
p_002,0,2026-09-14T04:50:00-05:00,30.278323,-97.717424,0.0
p_002,0,2026-09-14T05:00:00-05:00,30.278312,-97.717424,0.0
p_002,0,2026-09-14T05:10:00-05:00,30.278322,-97.717344,0.0
p_002,0,2026-09-14T05:20:00-05:00,30.278252,-97.71728,0.0
p_002,0,2026-09-14T05:30:00-05:00,30.278277,-97.717367,0.0
p_002,0,2026-09-14T05:40:00-05:00,30.278291,-97.717402,0.0
p_002,0,2026-09-14T05:50:00-05:00,30.278303,-97.717342,0.0
p_002,0,2026-09-14T06:00:00-05:00,30.278296,-97.717372,0.0
p_002,0,2026-09-14T06:10:00-05:00,30.278243,-97.717383,0.0
p_002,0,2026-09-14T06:20:00-05:00,30.278237,-97.717364,0.0
p_002,0,2026-09-14T06:30:00-05:00,30.278276,-97.717328,0.0
p_002,0,2026-09-14T06:40:00-05:00,30.278252,-97.717399,0.0
p_002,0,2026-09-14T06:50:00-05:00,30.278246,-97.717318,0.0
p_002,0,2026-09-14T07:00:00-05:00,30.278262,-97.717413,0.0
p_002,0,2026-09-14T07:10:00-05:00,30.278251,-97.717334,0.0
p_002,0,2026-09-14T07:20:00-05:00,30.278334,-97.717414,0.0
p_002,0,2026-09-14T07:30:00-05:00,30.27822,-97.717322,0.0
p_002,0,2026-09-14T07:40:00-05:00,30.278281,-97.717415,0.0
p_002,0,2026-09-14T07:50:00-05:00,30.278241,-97.717401,0.0
p_002,0,2026-09-14T08:00:00-05:00,30.278186,-97.71735,0.0
p_002,0,2026-09-14T08:10:00-05:00,30.272241,-97.7381,11.65
p_002,0,2026-09-14T08:20:00-05:00,30.2705,-97.74214,0.0
p_002,0,2026-09-14T08:30:00-05:00,30.270495,-97.742138,0.0
p_002,0,2026-09-14T08:40:00-05:00,30.27045,-97.74216,0.0
p_002,0,2026-09-14T08:50:00-05:00,30.26856,-97.738042,6.42
p_002,0,2026-09-14T09:00:00-05:00,30.265768,-97.735332,0.0
p_002,0,2026-09-14T09:10:00-05:00,30.26569,-97.735411,0.0
p_002,0,2026-09-14T09:20:00-05:00,30.265653,-97.735383,0.0
p_002,0,2026-09-14T09:30:00-05:00,30.265631,-97.735318,0.0
p_002,0,2026-09-14T09:40:00-05:00,30.265678,-97.735516,0.0
p_002,0,2026-09-14T09:50:00-05:00,30.265579,-97.735503,0.0
p_002,0,2026-09-14T10:00:00-05:00,30.265618,-97.735381,0.0
p_002,0,2026-09-14T10:10:00-05:00,30.265656,-97.735288,0.0
p_002,0,2026-09-14T10:20:00-05:00,30.265672,-97.735264,0.0
p_002,0,2026-09-14T10:30:00-05:00,30.265665,-97.735363,0.0
p_002,0,2026-09-14T10:40:00-05:00,30.265628,-97.735302,0.0
p_002,0,2026-09-14T10:50:00-05:00,30.26567,-97.735389,0.0
p_002,0,2026-09-14T11:00:00-05:00,30.265683,-97.73531,0.0
p_002,0,2026-09-14T11:10:00-05:00,30.265674,-97.73529,0.0
p_002,0,2026-09-14T11:20:00-05:00,30.265652,-97.735417,0.0
p_002,0,2026-09-14T11:30:00-05:00,30.265677,-97.735388,0.0
p_002,0,2026-09-14T11:40:00-05:00,30.265667,-97.735339,0.0
p_002,0,2026-09-14T11:50:00-05:00,30.265661,-97.735373,0.0
p_002,0,2026-09-14T12:00:00-05:00,30.265658,-97.735442,0.0
p_002,0,2026-09-14T12:10:00-05:00,30.265773,-97.735351,0.0
p_002,0,2026-09-14T12:20:00-05:00,30.265623,-97.735432,0.0
p_002,0,2026-09-14T12:30:00-05:00,30.265673,-97.735323,0.0
p_002,0,2026-09-14T12:40:00-05:00,30.266047,-97.728619,0.0
p_002,0,2026-09-14T12:50:00-05:00,30.266138,-97.728645,0.0
p_002,0,2026-09-14T13:00:00-05:00,30.266006,-97.72859,0.0
p_002,0,2026-09-14T13:10:00-05:00,30.266041,-97.728598,0.0
p_002,0,2026-09-14T13:20:00-05:00,30.266127,-97.728569,0.0
p_002,0,2026-09-14T13:30:00-05:00,30.262888,-97.729786,1.31
p_002,0,2026-09-14T13:40:00-05:00,30.261595,-97.730474,0.0
p_002,0,2026-09-14T13:50:00-05:00,30.261649,-97.730289,0.0
p_002,0,2026-09-14T14:00:00-05:00,30.261602,-97.730426,0.0
p_002,0,2026-09-14T14:10:00-05:00,30.261597,-97.730386,0.0
p_002,0,2026-09-14T14:20:00-05:00,30.261557,-97.730423,0.0
p_002,0,2026-09-14T14:30:00-05:00,30.261615,-97.73029,0.0
p_002,0,2026-09-14T14:40:00-05:00,30.261664,-97.730413,0.0
p_002,0,2026-09-14T14:50:00-05:00,30.261627,-97.730386,0.0
p_002,0,2026-09-14T15:00:00-05:00,30.261548,-97.730436,0.0
p_002,0,2026-09-14T15:10:00-05:00,30.261542,-97.730311,0.0
p_002,0,2026-09-14T15:20:00-05:00,30.261625,-97.730339,0.0
p_002,0,2026-09-14T15:30:00-05:00,30.261671,-97.7304,0.0
p_002,0,2026-09-14T15:40:00-05:00,30.261648,-97.730387,0.0
p_002,0,2026-09-14T15:50:00-05:00,30.261612,-97.730395,0.0
p_002,0,2026-09-14T16:00:00-05:00,30.261567,-97.730401,0.0
p_002,0,2026-09-14T16:10:00-05:00,30.261638,-97.730406,0.0
p_002,0,2026-09-14T16:20:00-05:00,30.26158,-97.730496,0.0
p_002,0,2026-09-14T16:30:00-05:00,30.261583,-97.730391,0.0
p_002,0,2026-09-14T16:40:00-05:00,30.261598,-97.730482,0.0
p_002,0,2026-09-14T16:50:00-05:00,30.261705,-97.730342,0.0
p_002,0,2026-09-14T17:00:00-05:00,30.261489,-97.730311,0.0
p_002,0,2026-09-14T17:10:00-05:00,30.2616,-97.730344,0.0
p_002,0,2026-09-14T17:20:00-05:00,30.261625,-97.730441,0.0
p_002,0,2026-09-14T17:30:00-05:00,30.261664,-97.730436,0.0
p_002,0,2026-09-14T17:40:00-05:00,30.261622,-97.730471,0.0
p_002,0,2026-09-14T17:50:00-05:00,30.261641,-97.730469,0.0
p_002,0,2026-09-14T18:00:00-05:00,30.261638,-97.730427,0.0
p_002,0,2026-09-14T18:10:00-05:00,30.26164,-97.730459,0.0
p_002,0,2026-09-14T18:20:00-05:00,30.261582,-97.730461,0.0
p_002,0,2026-09-14T18:30:00-05:00,30.261572,-97.730402,0.0
p_002,0,2026-09-14T18:40:00-05:00,30.261598,-97.730356,0.0
p_002,0,2026-09-14T18:50:00-05:00,30.261524,-97.730396,0.0
p_002,0,2026-09-14T19:00:00-05:00,30.261545,-97.730404,0.0
p_002,0,2026-09-14T19:10:00-05:00,30.2616,-97.730389,0.0
p_002,0,2026-09-14T19:20:00-05:00,30.261583,-97.730439,0.0
p_002,0,2026-09-14T19:30:00-05:00,30.261658,-97.730402,0.0
p_002,0,2026-09-14T19:40:00-05:00,30.283286,-97.742738,0.0
p_002,0,2026-09-14T19:50:00-05:00,30.283276,-97.742858,0.0
p_002,0,2026-09-14T20:00:00-05:00,30.283208,-97.742812,0.0
p_002,0,2026-09-14T20:10:00-05:00,30.283213,-97.742846,0.0
p_002,0,2026-09-14T20:20:00-05:00,30.283244,-97.742772,0.0
p_002,0,2026-09-14T20:30:00-05:00,30.283279,-97.742858,0.0
p_002,0,2026-09-14T20:40:00-05:00,30.278313,-97.717425,0.0
p_002,0,2026-09-14T20:50:00-05:00,30.278299,-97.717385,0.0
p_002,0,2026-09-14T21:00:00-05:00,30.278243,-97.717358,0.0
p_002,0,2026-09-14T21:10:00-05:00,30.278258,-97.717468,0.0
p_002,0,2026-09-14T21:20:00-05:00,30.278261,-97.717343,0.0
p_002,0,2026-09-14T21:30:00-05:00,30.278258,-97.717294,0.0
p_002,0,2026-09-14T21:40:00-05:00,30.278318,-97.717357,0.0
p_002,0,2026-09-14T21:50:00-05:00,30.278263,-97.717355,0.0
p_002,0,2026-09-14T22:00:00-05:00,30.278339,-97.71735,0.0
p_002,0,2026-09-14T22:10:00-05:00,30.278327,-97.717384,0.0
p_002,0,2026-09-14T22:20:00-05:00,30.278259,-97.717328,0.0
p_002,0,2026-09-14T22:30:00-05:00,30.278174,-97.717365,0.0
p_002,0,2026-09-14T22:40:00-05:00,30.278305,-97.717332,0.0
p_002,0,2026-09-14T22:50:00-05:00,30.278252,-97.71738,0.0
p_002,0,2026-09-14T23:00:00-05:00,30.278313,-97.717312,0.0
p_002,0,2026-09-14T23:10:00-05:00,30.278251,-97.717354,0.0
p_002,0,2026-09-14T23:20:00-05:00,30.278242,-97.717334,0.0
p_002,0,2026-09-14T23:30:00-05:00,30.278248,-97.717267,0.0
p_002,0,2026-09-14T23:40:00-05:00,30.278237,-97.717288,0.0
p_002,0,2026-09-14T23:50:00-05:00,30.278302,-97.71736,0.0
p_002,0,2026-09-15T00:00:00-05:00,30.278266,-97.717328,0.0
p_002,0,2026-09-15T00:10:00-05:00,30.278271,-97.717425,0.0
p_002,0,2026-09-15T00:20:00-05:00,30.278205,-97.717406,0.0
p_002,0,2026-09-15T00:30:00-05:00,30.278329,-97.717384,0.0
p_002,0,2026-09-15T00:40:00-05:00,30.278304,-97.717423,0.0
p_002,0,2026-09-15T00:50:00-05:00,30.278248,-97.717404,0.0
p_002,0,2026-09-15T01:00:00-05:00,30.278277,-97.717396,0.0
p_002,0,2026-09-15T01:10:00-05:00,30.278209,-97.717401,0.0
p_002,0,2026-09-15T01:20:00-05:00,30.278232,-97.717488,0.0
p_002,0,2026-09-15T01:30:00-05:00,30.278211,-97.717294,0.0
p_002,0,2026-09-15T01:40:00-05:00,30.278273,-97.717408,0.0
p_002,0,2026-09-15T01:50:00-05:00,30.278301,-97.717332,0.0
p_002,0,2026-09-15T02:00:00-05:00,30.278271,-97.717479,0.0
p_002,0,2026-09-15T02:10:00-05:00,30.278254,-97.717396,0.0
p_002,0,2026-09-15T02:20:00-05:00,30.27826,-97.717315,0.0
p_002,0,2026-09-15T02:30:00-05:00,30.278281,-97.717382,0.0
p_002,0,2026-09-15T02:40:00-05:00,30.278239,-97.71739,0.0
p_002,0,2026-09-15T02:50:00-05:00,30.278306,-97.717381,0.0
p_002,1,2026-09-15T00:00:00-05:00,30.278317,-97.717339,0.0
p_002,1,2026-09-15T00:10:00-05:00,30.278293,-97.71742,0.0
p_002,1,2026-09-15T00:20:00-05:00,30.278274,-97.717299,0.0
p_002,1,2026-09-15T00:30:00-05:00,30.278296,-97.71734,0.0
p_002,1,2026-09-15T00:40:00-05:00,30.278221,-97.717448,0.0
p_002,1,2026-09-15T00:50:00-05:00,30.278237,-97.717306,0.0
p_002,1,2026-09-15T01:00:00-05:00,30.278252,-97.717407,0.0
p_002,1,2026-09-15T01:10:00-05:00,30.278319,-97.717353,0.0
p_002,1,2026-09-15T01:20:00-05:00,30.278211,-97.717327,0.0
p_002,1,2026-09-15T01:30:00-05:00,30.278273,-97.717376,0.0
p_002,1,2026-09-15T01:40:00-05:00,30.278249,-97.717372,0.0
p_002,1,2026-09-15T01:50:00-05:00,30.278282,-97.717452,0.0
p_002,1,2026-09-15T02:00:00-05:00,30.27829,-97.717381,0.0
p_002,1,2026-09-15T02:10:00-05:00,30.278266,-97.71732,0.0
p_002,1,2026-09-15T02:20:00-05:00,30.278232,-97.717355,0.0
p_002,1,2026-09-15T02:30:00-05:00,30.278248,-97.717419,0.0
p_002,1,2026-09-15T02:40:00-05:00,30.278239,-97.717379,0.0
p_002,1,2026-09-15T02:50:00-05:00,30.278286,-97.717364,0.0
p_002,1,2026-09-15T03:00:00-05:00,30.278253,-97.717396,0.0
p_002,1,2026-09-15T03:10:00-05:00,30.278294,-97.717442,0.0
p_002,1,2026-09-15T03:20:00-05:00,30.27827,-97.717353,0.0
p_002,1,2026-09-15T03:30:00-05:00,30.278242,-97.717339,0.0
p_002,1,2026-09-15T03:40:00-05:00,30.278293,-97.717373,0.0
p_002,1,2026-09-15T03:50:00-05:00,30.278261,-97.717308,0.0
p_002,1,2026-09-15T04:00:00-05:00,30.278249,-97.717356,0.0
p_002,1,2026-09-15T04:10:00-05:00,30.278198,-97.717413,0.0
p_002,1,2026-09-15T04:20:00-05:00,30.278331,-97.717362,0.0
p_002,1,2026-09-15T04:30:00-05:00,30.278259,-97.717362,0.0
p_002,1,2026-09-15T04:40:00-05:00,30.278272,-97.717343,0.0
p_002,1,2026-09-15T04:50:00-05:00,30.278291,-97.717337,0.0
p_002,1,2026-09-15T05:00:00-05:00,30.278302,-97.717353,0.0
p_002,1,2026-09-15T05:10:00-05:00,30.278263,-97.717389,0.0
p_002,1,2026-09-15T05:20:00-05:00,30.278281,-97.717388,0.0
p_002,1,2026-09-15T05:30:00-05:00,30.278212,-97.717331,0.0
p_002,1,2026-09-15T05:40:00-05:00,30.278286,-97.717302,0.0
p_002,1,2026-09-15T05:50:00-05:00,30.278275,-97.717392,0.0
p_002,1,2026-09-15T06:00:00-05:00,30.278278,-97.717358,0.0
p_002,1,2026-09-15T06:10:00-05:00,30.278279,-97.717326,0.0
p_002,1,2026-09-15T06:20:00-05:00,30.278195,-97.717353,0.0
p_002,1,2026-09-15T06:30:00-05:00,30.27828,-97.717366,0.0
p_002,1,2026-09-15T06:40:00-05:00,30.278312,-97.717318,0.0
p_002,1,2026-09-15T06:50:00-05:00,30.278246,-97.717349,0.0
p_002,1,2026-09-15T07:00:00-05:00,30.278249,-97.717359,0.0
p_002,1,2026-09-15T07:10:00-05:00,30.27832,-97.717348,0.0
p_002,1,2026-09-15T07:20:00-05:00,30.278228,-97.71741,0.0
p_002,1,2026-09-15T07:30:00-05:00,30.278311,-97.717436,0.0
p_002,1,2026-09-15T07:40:00-05:00,30.278245,-97.717273,0.0
p_002,1,2026-09-15T07:50:00-05:00,30.278261,-97.717386,0.0
p_002,1,2026-09-15T08:00:00-05:00,30.270484,-97.742217,0.0
p_002,1,2026-09-15T08:10:00-05:00,30.270502,-97.742165,0.0
p_002,1,2026-09-15T08:20:00-05:00,30.270556,-97.742178,0.0
p_002,1,2026-09-15T08:30:00-05:00,30.270434,-97.742184,0.0
p_002,1,2026-09-15T08:40:00-05:00,30.270473,-97.7421,0.0
p_002,1,2026-09-15T08:50:00-05:00,30.265576,-97.735411,0.0
p_002,1,2026-09-15T09:00:00-05:00,30.265661,-97.735458,0.0
p_002,1,2026-09-15T09:10:00-05:00,30.265738,-97.735324,0.0
p_002,1,2026-09-15T09:20:00-05:00,30.265652,-97.735334,0.0
p_002,1,2026-09-15T09:30:00-05:00,30.265674,-97.735265,0.0
p_002,1,2026-09-15T09:40:00-05:00,30.265616,-97.735395,0.0
p_002,1,2026-09-15T09:50:00-05:00,30.265713,-97.735375,0.0
p_002,1,2026-09-15T10:00:00-05:00,30.265655,-97.735342,0.0
p_002,1,2026-09-15T10:10:00-05:00,30.265687,-97.735392,0.0
p_002,1,2026-09-15T10:20:00-05:00,30.265709,-97.735516,0.0
p_002,1,2026-09-15T10:30:00-05:00,30.265659,-97.735416,0.0
p_002,1,2026-09-15T10:40:00-05:00,30.265651,-97.735346,0.0
p_002,1,2026-09-15T10:50:00-05:00,30.265653,-97.735266,0.0
p_002,1,2026-09-15T11:00:00-05:00,30.26574,-97.735412,0.0
p_002,1,2026-09-15T11:10:00-05:00,30.26562,-97.735378,0.0
p_002,1,2026-09-15T11:20:00-05:00,30.265702,-97.735338,0.0
p_002,1,2026-09-15T11:30:00-05:00,30.265623,-97.735323,0.0
p_002,1,2026-09-15T11:40:00-05:00,30.265657,-97.735358,0.0
p_002,1,2026-09-15T11:50:00-05:00,30.265624,-97.735377,0.0
p_002,1,2026-09-15T12:00:00-05:00,30.265717,-97.73533,0.0
p_002,1,2026-09-15T12:10:00-05:00,30.265685,-97.735327,0.0
p_002,1,2026-09-15T12:20:00-05:00,30.26562,-97.735441,0.0
p_002,1,2026-09-15T12:30:00-05:00,30.265652,-97.735377,0.0
p_002,1,2026-09-15T12:40:00-05:00,30.261686,-97.737382,0.0
p_002,1,2026-09-15T12:50:00-05:00,30.26181,-97.73755,0.0
p_002,1,2026-09-15T13:00:00-05:00,30.261823,-97.737573,0.0
p_002,1,2026-09-15T13:10:00-05:00,30.261743,-97.737556,0.0
p_002,1,2026-09-15T13:20:00-05:00,30.261757,-97.73753,0.0
p_002,1,2026-09-15T13:30:00-05:00,30.26175,-97.737497,0.0
p_002,1,2026-09-15T13:40:00-05:00,30.260751,-97.745535,4.27
p_002,1,2026-09-15T13:50:00-05:00,30.260648,-97.748643,0.0
p_002,1,2026-09-15T14:00:00-05:00,30.260629,-97.748579,0.0
p_002,1,2026-09-15T14:10:00-05:00,30.260569,-97.748643,0.0
p_002,1,2026-09-15T14:20:00-05:00,30.260648,-97.748495,0.0
p_002,1,2026-09-15T14:30:00-05:00,30.260703,-97.748473,0.0
p_002,1,2026-09-15T14:40:00-05:00,30.26059,-97.748579,0.0
p_002,1,2026-09-15T14:50:00-05:00,30.260572,-97.748537,0.0
p_002,1,2026-09-15T15:00:00-05:00,30.260672,-97.748626,0.0
p_002,1,2026-09-15T15:10:00-05:00,30.2606,-97.74852,0.0
p_002,1,2026-09-15T15:20:00-05:00,30.260552,-97.748546,0.0
p_002,1,2026-09-15T15:30:00-05:00,30.260659,-97.748512,0.0
p_002,1,2026-09-15T15:40:00-05:00,30.260642,-97.748682,0.0
p_002,1,2026-09-15T15:50:00-05:00,30.260645,-97.748589,0.0
p_002,1,2026-09-15T16:00:00-05:00,30.260672,-97.748552,0.0
p_002,1,2026-09-15T16:10:00-05:00,30.260613,-97.748515,0.0
p_002,1,2026-09-15T16:20:00-05:00,30.260606,-97.748642,0.0
p_002,1,2026-09-15T16:30:00-05:00,30.260643,-97.74853,0.0
p_002,1,2026-09-15T16:40:00-05:00,30.260643,-97.748541,0.0
p_002,1,2026-09-15T16:50:00-05:00,30.260624,-97.748599,0.0
p_002,1,2026-09-15T17:00:00-05:00,30.260618,-97.748478,0.0
p_002,1,2026-09-15T17:10:00-05:00,30.260602,-97.748398,0.0
p_002,1,2026-09-15T17:20:00-05:00,30.260643,-97.74862,0.0
p_002,1,2026-09-15T17:30:00-05:00,30.260587,-97.748396,0.0
p_002,1,2026-09-15T17:40:00-05:00,30.260708,-97.748603,0.0
p_002,1,2026-09-15T17:50:00-05:00,30.260571,-97.7485,0.0
p_002,1,2026-09-15T18:00:00-05:00,30.260672,-97.748489,0.0
p_002,1,2026-09-15T18:10:00-05:00,30.260676,-97.748503,0.0
p_002,1,2026-09-15T18:20:00-05:00,30.260638,-97.748516,0.0
p_002,1,2026-09-15T18:30:00-05:00,30.260641,-97.748476,0.0
p_002,1,2026-09-15T18:40:00-05:00,30.260659,-97.74858,0.0
p_002,1,2026-09-15T18:50:00-05:00,30.260616,-97.748498,0.0
p_002,1,2026-09-15T19:00:00-05:00,30.260673,-97.748499,0.0
p_002,1,2026-09-15T19:10:00-05:00,30.260646,-97.748573,0.0
p_002,1,2026-09-15T19:20:00-05:00,30.260587,-97.748462,0.0
p_002,1,2026-09-15T19:30:00-05:00,30.260657,-97.748635,0.0
p_002,1,2026-09-15T19:40:00-05:00,30.26063,-97.748543,0.0
p_002,1,2026-09-15T19:50:00-05:00,30.278233,-97.717361,0.0
p_002,1,2026-09-15T20:00:00-05:00,30.278263,-97.717355,0.0
p_002,1,2026-09-15T20:10:00-05:00,30.278312,-97.717369,0.0
p_002,1,2026-09-15T20:20:00-05:00,30.278185,-97.717387,0.0
p_002,1,2026-09-15T20:30:00-05:00,30.278357,-97.717348,0.0
p_002,1,2026-09-15T20:40:00-05:00,30.278244,-97.717447,0.0
p_002,1,2026-09-15T20:50:00-05:00,30.27824,-97.717459,0.0
p_002,1,2026-09-15T21:00:00-05:00,30.278325,-97.71745,0.0
p_002,1,2026-09-15T21:10:00-05:00,30.278306,-97.717388,0.0
p_002,1,2026-09-15T21:20:00-05:00,30.278213,-97.717281,0.0
p_002,1,2026-09-15T21:30:00-05:00,30.278356,-97.717323,0.0
p_002,1,2026-09-15T21:40:00-05:00,30.278233,-97.717443,0.0
p_002,1,2026-09-15T21:50:00-05:00,30.278201,-97.717397,0.0
p_002,1,2026-09-15T22:00:00-05:00,30.278251,-97.717341,0.0
p_002,1,2026-09-15T22:10:00-05:00,30.278193,-97.717355,0.0
p_002,1,2026-09-15T22:20:00-05:00,30.278231,-97.717359,0.0
p_002,1,2026-09-15T22:30:00-05:00,30.2782,-97.717418,0.0
p_002,1,2026-09-15T22:40:00-05:00,30.278246,-97.717357,0.0
p_002,1,2026-09-15T22:50:00-05:00,30.278137,-97.717397,0.0
p_002,1,2026-09-15T23:00:00-05:00,30.278305,-97.717453,0.0
p_002,1,2026-09-15T23:10:00-05:00,30.278265,-97.717319,0.0
p_002,1,2026-09-15T23:20:00-05:00,30.278344,-97.717292,0.0
p_002,1,2026-09-15T23:30:00-05:00,30.278263,-97.717361,0.0
p_002,1,2026-09-15T23:40:00-05:00,30.278261,-97.717371,0.0
p_002,1,2026-09-15T23:50:00-05:00,30.27824,-97.71746,0.0
p_002,1,2026-09-16T00:00:00-05:00,30.278251,-97.717367,0.0
p_002,1,2026-09-16T00:10:00-05:00,30.278311,-97.717413,0.0
p_002,1,2026-09-16T00:20:00-05:00,30.278267,-97.717406,0.0
p_002,1,2026-09-16T00:30:00-05:00,30.278312,-97.717318,0.0
p_002,1,2026-09-16T00:40:00-05:00,30.27832,-97.717415,0.0
p_002,1,2026-09-16T00:50:00-05:00,30.278214,-97.717362,0.0
p_002,1,2026-09-16T01:00:00-05:00,30.27827,-97.717446,0.0
p_002,1,2026-09-16T01:10:00-05:00,30.278228,-97.717304,0.0
p_002,1,2026-09-16T01:20:00-05:00,30.278302,-97.717341,0.0
p_002,1,2026-09-16T01:30:00-05:00,30.278267,-97.717323,0.0
p_002,1,2026-09-16T01:40:00-05:00,30.278287,-97.717364,0.0
p_002,1,2026-09-16T01:50:00-05:00,30.278224,-97.717282,0.0
p_002,1,2026-09-16T02:00:00-05:00,30.278308,-97.717365,0.0
p_002,1,2026-09-16T02:10:00-05:00,30.278234,-97.717374,0.0
p_002,1,2026-09-16T02:20:00-05:00,30.278269,-97.717447,0.0
p_002,1,2026-09-16T02:30:00-05:00,30.278276,-97.717334,0.0
p_002,1,2026-09-16T02:40:00-05:00,30.278299,-97.717302,0.0
p_002,1,2026-09-16T02:50:00-05:00,30.278279,-97.717377,0.0
p_002,2,2026-09-16T00:00:00-05:00,30.278216,-97.717413,0.0
p_002,2,2026-09-16T00:10:00-05:00,30.278214,-97.71738,0.0
p_002,2,2026-09-16T00:20:00-05:00,30.27833,-97.717278,0.0
p_002,2,2026-09-16T00:30:00-05:00,30.278243,-97.717376,0.0
p_002,2,2026-09-16T00:40:00-05:00,30.278323,-97.717428,0.0
p_002,2,2026-09-16T00:50:00-05:00,30.278302,-97.717409,0.0
p_002,2,2026-09-16T01:00:00-05:00,30.278268,-97.717338,0.0
p_002,2,2026-09-16T01:10:00-05:00,30.278213,-97.717297,0.0
p_002,2,2026-09-16T01:20:00-05:00,30.278297,-97.717305,0.0
p_002,2,2026-09-16T01:30:00-05:00,30.278263,-97.717369,0.0
p_002,2,2026-09-16T01:40:00-05:00,30.278248,-97.717401,0.0
p_002,2,2026-09-16T01:50:00-05:00,30.278275,-97.717377,0.0
p_002,2,2026-09-16T02:00:00-05:00,30.278218,-97.717306,0.0
p_002,2,2026-09-16T02:10:00-05:00,30.278263,-97.717394,0.0
p_002,2,2026-09-16T02:20:00-05:00,30.27824,-97.717417,0.0
p_002,2,2026-09-16T02:30:00-05:00,30.27828,-97.71742,0.0
p_002,2,2026-09-16T02:40:00-05:00,30.278285,-97.717426,0.0
p_002,2,2026-09-16T02:50:00-05:00,30.278291,-97.717391,0.0
p_002,2,2026-09-16T03:00:00-05:00,30.278262,-97.717479,0.0
p_002,2,2026-09-16T03:10:00-05:00,30.278237,-97.717386,0.0
p_002,2,2026-09-16T03:20:00-05:00,30.27833,-97.717382,0.0
p_002,2,2026-09-16T03:30:00-05:00,30.278253,-97.717374,0.0
p_002,2,2026-09-16T03:40:00-05:00,30.278243,-97.717375,0.0
p_002,2,2026-09-16T03:50:00-05:00,30.278253,-97.717427,0.0
p_002,2,2026-09-16T04:00:00-05:00,30.278278,-97.717326,0.0
p_002,2,2026-09-16T04:10:00-05:00,30.27829,-97.717475,0.0
p_002,2,2026-09-16T04:20:00-05:00,30.278265,-97.717445,0.0
p_002,2,2026-09-16T04:30:00-05:00,30.278232,-97.717264,0.0
p_002,2,2026-09-16T04:40:00-05:00,30.278314,-97.717354,0.0
p_002,2,2026-09-16T04:50:00-05:00,30.278279,-97.717365,0.0
p_002,2,2026-09-16T05:00:00-05:00,30.278268,-97.717334,0.0
p_002,2,2026-09-16T05:10:00-05:00,30.278254,-97.717317,0.0
p_002,2,2026-09-16T05:20:00-05:00,30.278281,-97.717358,0.0
p_002,2,2026-09-16T05:30:00-05:00,30.278316,-97.717433,0.0
p_002,2,2026-09-16T05:40:00-05:00,30.278286,-97.717358,0.0
p_002,2,2026-09-16T05:50:00-05:00,30.278198,-97.717382,0.0
p_002,2,2026-09-16T06:00:00-05:00,30.278244,-97.717315,0.0
p_002,2,2026-09-16T06:10:00-05:00,30.278303,-97.717375,0.0
p_002,2,2026-09-16T06:20:00-05:00,30.278243,-97.717387,0.0
p_002,2,2026-09-16T06:30:00-05:00,30.278246,-97.717332,0.0
p_002,2,2026-09-16T06:40:00-05:00,30.278252,-97.71744,0.0
p_002,2,2026-09-16T06:50:00-05:00,30.27829,-97.717336,0.0
p_002,2,2026-09-16T07:00:00-05:00,30.278277,-97.717313,0.0
p_002,2,2026-09-16T07:10:00-05:00,30.278252,-97.717415,0.0
p_002,2,2026-09-16T07:20:00-05:00,30.278244,-97.717414,0.0
p_002,2,2026-09-16T07:30:00-05:00,30.278264,-97.717387,0.0
p_002,2,2026-09-16T07:40:00-05:00,30.278266,-97.717361,0.0
p_002,2,2026-09-16T07:50:00-05:00,30.278246,-97.717399,0.0
p_002,2,2026-09-16T08:00:00-05:00,30.278253,-97.717349,0.0
p_002,2,2026-09-16T08:10:00-05:00,30.269639,-97.726724,0.0
p_002,2,2026-09-16T08:20:00-05:00,30.269666,-97.726762,0.0
p_002,2,2026-09-16T08:30:00-05:00,30.26975,-97.72671,0.0
p_002,2,2026-09-16T08:40:00-05:00,30.269653,-97.726643,0.0
p_002,2,2026-09-16T08:50:00-05:00,30.26974,-97.726599,0.0
p_002,2,2026-09-16T09:00:00-05:00,30.261625,-97.73041,0.0
p_002,2,2026-09-16T09:10:00-05:00,30.261566,-97.730399,0.0
p_002,2,2026-09-16T09:20:00-05:00,30.261651,-97.730446,0.0
p_002,2,2026-09-16T09:30:00-05:00,30.261623,-97.730389,0.0
p_002,2,2026-09-16T09:40:00-05:00,30.261596,-97.730408,0.0
p_002,2,2026-09-16T09:50:00-05:00,30.261605,-97.730417,0.0
p_002,2,2026-09-16T10:00:00-05:00,30.261699,-97.730464,0.0
p_002,2,2026-09-16T10:10:00-05:00,30.261621,-97.730353,0.0
p_002,2,2026-09-16T10:20:00-05:00,30.261638,-97.730364,0.0
p_002,2,2026-09-16T10:30:00-05:00,30.261587,-97.730458,0.0
p_002,2,2026-09-16T10:40:00-05:00,30.261551,-97.730488,0.0
p_002,2,2026-09-16T10:50:00-05:00,30.261561,-97.730337,0.0
p_002,2,2026-09-16T11:00:00-05:00,30.26168,-97.730414,0.0
p_002,2,2026-09-16T11:10:00-05:00,30.261594,-97.730411,0.0
p_002,2,2026-09-16T11:20:00-05:00,30.261537,-97.730414,0.0
p_002,2,2026-09-16T11:30:00-05:00,30.261648,-97.730359,0.0
p_002,2,2026-09-16T11:40:00-05:00,30.261669,-97.730358,0.0
p_002,2,2026-09-16T11:50:00-05:00,30.261635,-97.730427,0.0
p_002,2,2026-09-16T12:00:00-05:00,30.261665,-97.730417,0.0
p_002,2,2026-09-16T12:10:00-05:00,30.261651,-97.730387,0.0
p_002,2,2026-09-16T12:20:00-05:00,30.261643,-97.730486,0.0
p_002,2,2026-09-16T12:30:00-05:00,30.261599,-97.730449,0.0
p_002,2,2026-09-16T12:40:00-05:00,30.261716,-97.730343,0.0
p_002,2,2026-09-16T12:50:00-05:00,30.261541,-97.730469,0.0
p_002,2,2026-09-16T13:00:00-05:00,30.259345,-97.73382,0.0
p_002,2,2026-09-16T13:10:00-05:00,30.259411,-97.733915,0.0
p_002,2,2026-09-16T13:20:00-05:00,30.259416,-97.733883,0.0
p_002,2,2026-09-16T13:30:00-05:00,30.259425,-97.73382,0.0
p_002,2,2026-09-16T13:40:00-05:00,30.259346,-97.733782,0.0
p_002,2,2026-09-16T13:50:00-05:00,30.260404,-97.742177,6.35
p_002,2,2026-09-16T14:00:00-05:00,30.260704,-97.748518,0.0
p_002,2,2026-09-16T14:10:00-05:00,30.260661,-97.748516,0.0
p_002,2,2026-09-16T14:20:00-05:00,30.260569,-97.74855,0.0
p_002,2,2026-09-16T14:30:00-05:00,30.260694,-97.748488,0.0
p_002,2,2026-09-16T14:40:00-05:00,30.260669,-97.748484,0.0
p_002,2,2026-09-16T14:50:00-05:00,30.260647,-97.748572,0.0
p_002,2,2026-09-16T15:00:00-05:00,30.260666,-97.748655,0.0
p_002,2,2026-09-16T15:10:00-05:00,30.260583,-97.748492,0.0
p_002,2,2026-09-16T15:20:00-05:00,30.260692,-97.748489,0.0
p_002,2,2026-09-16T15:30:00-05:00,30.260648,-97.748463,0.0
p_002,2,2026-09-16T15:40:00-05:00,30.260646,-97.748621,0.0
p_002,2,2026-09-16T15:50:00-05:00,30.26063,-97.748582,0.0
p_002,2,2026-09-16T16:00:00-05:00,30.260691,-97.748508,0.0
p_002,2,2026-09-16T16:10:00-05:00,30.260614,-97.748415,0.0
p_002,2,2026-09-16T16:20:00-05:00,30.260625,-97.748527,0.0
p_002,2,2026-09-16T16:30:00-05:00,30.260729,-97.74852,0.0
p_002,2,2026-09-16T16:40:00-05:00,30.260619,-97.748487,0.0
p_002,2,2026-09-16T16:50:00-05:00,30.260651,-97.748566,0.0
p_002,2,2026-09-16T17:00:00-05:00,30.260714,-97.748489,0.0
p_002,2,2026-09-16T17:10:00-05:00,30.260663,-97.748469,0.0
p_002,2,2026-09-16T17:20:00-05:00,30.260602,-97.74858,0.0
p_002,2,2026-09-16T17:30:00-05:00,30.260568,-97.748545,0.0
p_002,2,2026-09-16T17:40:00-05:00,30.260608,-97.74856,0.0
p_002,2,2026-09-16T17:50:00-05:00,30.260619,-97.748538,0.0
p_002,2,2026-09-16T18:00:00-05:00,30.260636,-97.748441,0.0
p_002,2,2026-09-16T18:10:00-05:00,30.262674,-97.741956,5.99
p_002,2,2026-09-16T18:20:00-05:00,30.266889,-97.73317,0.0
p_002,2,2026-09-16T18:30:00-05:00,30.266941,-97.733063,0.0
p_002,2,2026-09-16T18:40:00-05:00,30.266948,-97.73312,0.0
p_002,2,2026-09-16T18:50:00-05:00,30.266916,-97.733067,0.0
p_002,2,2026-09-16T19:00:00-05:00,30.266941,-97.733108,0.0
p_002,2,2026-09-16T19:10:00-05:00,30.266905,-97.733112,0.0
p_002,2,2026-09-16T19:20:00-05:00,30.266926,-97.733133,0.0
p_002,2,2026-09-16T19:30:00-05:00,30.266928,-97.733042,0.0
p_002,2,2026-09-16T19:40:00-05:00,30.266979,-97.733127,0.0
p_002,2,2026-09-16T19:50:00-05:00,30.266914,-97.733076,0.0
p_002,2,2026-09-16T20:00:00-05:00,30.266833,-97.733128,0.0
p_002,2,2026-09-16T20:10:00-05:00,30.266919,-97.733128,0.0
p_002,2,2026-09-16T20:20:00-05:00,30.266961,-97.733188,0.0
p_002,2,2026-09-16T20:30:00-05:00,30.266885,-97.733102,0.0
p_002,2,2026-09-16T20:40:00-05:00,30.278164,-97.717401,0.0
p_002,2,2026-09-16T20:50:00-05:00,30.278254,-97.717341,0.0
p_002,2,2026-09-16T21:00:00-05:00,30.278271,-97.717303,0.0
p_002,2,2026-09-16T21:10:00-05:00,30.278211,-97.717297,0.0
p_002,2,2026-09-16T21:20:00-05:00,30.278294,-97.71732,0.0
p_002,2,2026-09-16T21:30:00-05:00,30.278274,-97.717365,0.0
p_002,2,2026-09-16T21:40:00-05:00,30.278281,-97.71731,0.0
p_002,2,2026-09-16T21:50:00-05:00,30.278385,-97.717422,0.0
p_002,2,2026-09-16T22:00:00-05:00,30.278245,-97.717333,0.0
p_002,2,2026-09-16T22:10:00-05:00,30.278318,-97.71732,0.0
p_002,2,2026-09-16T22:20:00-05:00,30.278262,-97.717383,0.0
p_002,2,2026-09-16T22:30:00-05:00,30.278209,-97.717349,0.0
p_002,2,2026-09-16T22:40:00-05:00,30.278232,-97.717353,0.0
p_002,2,2026-09-16T22:50:00-05:00,30.27816,-97.717395,0.0
p_002,2,2026-09-16T23:00:00-05:00,30.27828,-97.717261,0.0
p_002,2,2026-09-16T23:10:00-05:00,30.278294,-97.717384,0.0
p_002,2,2026-09-16T23:20:00-05:00,30.278265,-97.717324,0.0
p_002,2,2026-09-16T23:30:00-05:00,30.278249,-97.717373,0.0
p_002,2,2026-09-16T23:40:00-05:00,30.27824,-97.717405,0.0
p_002,2,2026-09-16T23:50:00-05:00,30.278301,-97.717352,0.0
p_002,2,2026-09-17T00:00:00-05:00,30.278217,-97.717356,0.0
p_002,2,2026-09-17T00:10:00-05:00,30.278297,-97.717461,0.0
p_002,2,2026-09-17T00:20:00-05:00,30.278247,-97.717468,0.0
p_002,2,2026-09-17T00:30:00-05:00,30.278232,-97.717265,0.0
p_002,2,2026-09-17T00:40:00-05:00,30.278253,-97.717285,0.0
p_002,2,2026-09-17T00:50:00-05:00,30.278286,-97.717297,0.0
p_002,2,2026-09-17T01:00:00-05:00,30.278184,-97.717378,0.0
p_002,2,2026-09-17T01:10:00-05:00,30.278299,-97.717337,0.0
p_002,2,2026-09-17T01:20:00-05:00,30.278295,-97.717313,0.0
p_002,2,2026-09-17T01:30:00-05:00,30.278294,-97.717329,0.0
p_002,2,2026-09-17T01:40:00-05:00,30.278237,-97.717387,0.0
p_002,2,2026-09-17T01:50:00-05:00,30.278261,-97.717391,0.0
p_002,2,2026-09-17T02:00:00-05:00,30.278281,-97.717276,0.0
p_002,2,2026-09-17T02:10:00-05:00,30.278178,-97.717311,0.0
p_002,2,2026-09-17T02:20:00-05:00,30.27825,-97.717396,0.0
p_002,2,2026-09-17T02:30:00-05:00,30.278251,-97.717414,0.0
p_002,2,2026-09-17T02:40:00-05:00,30.278221,-97.717427,0.0
p_002,2,2026-09-17T02:50:00-05:00,30.278219,-97.717325,0.0
p_002,3,2026-09-17T00:00:00-05:00,30.278215,-97.717444,0.0
p_002,3,2026-09-17T00:10:00-05:00,30.278309,-97.7173,0.0
p_002,3,2026-09-17T00:20:00-05:00,30.278247,-97.717419,0.0
p_002,3,2026-09-17T00:30:00-05:00,30.278247,-97.717349,0.0
p_002,3,2026-09-17T00:40:00-05:00,30.278255,-97.717364,0.0
p_002,3,2026-09-17T00:50:00-05:00,30.278277,-97.71737,0.0
p_002,3,2026-09-17T01:00:00-05:00,30.278352,-97.717431,0.0
p_002,3,2026-09-17T01:10:00-05:00,30.278177,-97.717349,0.0
p_002,3,2026-09-17T01:20:00-05:00,30.278276,-97.717381,0.0
p_002,3,2026-09-17T01:30:00-05:00,30.278308,-97.717372,0.0
p_002,3,2026-09-17T01:40:00-05:00,30.278263,-97.71734,0.0
p_002,3,2026-09-17T01:50:00-05:00,30.278221,-97.71736,0.0
p_002,3,2026-09-17T02:00:00-05:00,30.278261,-97.717341,0.0
p_002,3,2026-09-17T02:10:00-05:00,30.278254,-97.717336,0.0
p_002,3,2026-09-17T02:20:00-05:00,30.278287,-97.717395,0.0
p_002,3,2026-09-17T02:30:00-05:00,30.278301,-97.717378,0.0
p_002,3,2026-09-17T02:40:00-05:00,30.278295,-97.71739,0.0
p_002,3,2026-09-17T02:50:00-05:00,30.278277,-97.717451,0.0
p_002,3,2026-09-17T03:00:00-05:00,30.278292,-97.717362,0.0
p_002,3,2026-09-17T03:10:00-05:00,30.278261,-97.717326,0.0
p_002,3,2026-09-17T03:20:00-05:00,30.278297,-97.717384,0.0
p_002,3,2026-09-17T03:30:00-05:00,30.278228,-97.717358,0.0
p_002,3,2026-09-17T03:40:00-05:00,30.27824,-97.717306,0.0
p_002,3,2026-09-17T03:50:00-05:00,30.278226,-97.71742,0.0
p_002,3,2026-09-17T04:00:00-05:00,30.27827,-97.717341,0.0
p_002,3,2026-09-17T04:10:00-05:00,30.278326,-97.717333,0.0
p_002,3,2026-09-17T04:20:00-05:00,30.27827,-97.717353,0.0
p_002,3,2026-09-17T04:30:00-05:00,30.278292,-97.717376,0.0
p_002,3,2026-09-17T04:40:00-05:00,30.278327,-97.717408,0.0
p_002,3,2026-09-17T04:50:00-05:00,30.278286,-97.717454,0.0
p_002,3,2026-09-17T05:00:00-05:00,30.278299,-97.717327,0.0
p_002,3,2026-09-17T05:10:00-05:00,30.278266,-97.717363,0.0
p_002,3,2026-09-17T05:20:00-05:00,30.27828,-97.717361,0.0
p_002,3,2026-09-17T05:30:00-05:00,30.278197,-97.71733,0.0
p_002,3,2026-09-17T05:40:00-05:00,30.278283,-97.717387,0.0
p_002,3,2026-09-17T05:50:00-05:00,30.278317,-97.717392,0.0
p_002,3,2026-09-17T06:00:00-05:00,30.278271,-97.717335,0.0
p_002,3,2026-09-17T06:10:00-05:00,30.278256,-97.717332,0.0
p_002,3,2026-09-17T06:20:00-05:00,30.278214,-97.717297,0.0
p_002,3,2026-09-17T06:30:00-05:00,30.278259,-97.717415,0.0
p_002,3,2026-09-17T06:40:00-05:00,30.278215,-97.717423,0.0
p_002,3,2026-09-17T06:50:00-05:00,30.278288,-97.717343,0.0
p_002,3,2026-09-17T07:00:00-05:00,30.278229,-97.717357,0.0
p_002,3,2026-09-17T07:10:00-05:00,30.278239,-97.717322,0.0
p_002,3,2026-09-17T07:20:00-05:00,30.278278,-97.717415,0.0
p_002,3,2026-09-17T07:30:00-05:00,30.278226,-97.717371,0.0
p_002,3,2026-09-17T07:40:00-05:00,30.278258,-97.71735,0.0
p_002,3,2026-09-17T07:50:00-05:00,30.2782,-97.717329,0.0
p_002,3,2026-09-17T08:00:00-05:00,30.278404,-97.717373,0.0
p_002,3,2026-09-17T08:10:00-05:00,30.265164,-97.729366,0.0
p_002,3,2026-09-17T08:20:00-05:00,30.265192,-97.729316,0.0
p_002,3,2026-09-17T08:30:00-05:00,30.265616,-97.735479,0.0
p_002,3,2026-09-17T08:40:00-05:00,30.26566,-97.735367,0.0
p_002,3,2026-09-17T08:50:00-05:00,30.26568,-97.735275,0.0
p_002,3,2026-09-17T09:00:00-05:00,30.265649,-97.735441,0.0
p_002,3,2026-09-17T09:10:00-05:00,30.26565,-97.735344,0.0
p_002,3,2026-09-17T09:20:00-05:00,30.265624,-97.735387,0.0
p_002,3,2026-09-17T09:30:00-05:00,30.265689,-97.735391,0.0
p_002,3,2026-09-17T09:40:00-05:00,30.265732,-97.735332,0.0
p_002,3,2026-09-17T09:50:00-05:00,30.265758,-97.735386,0.0
p_002,3,2026-09-17T10:00:00-05:00,30.26567,-97.735428,0.0
p_002,3,2026-09-17T10:10:00-05:00,30.265669,-97.735424,0.0
p_002,3,2026-09-17T10:20:00-05:00,30.26562,-97.735417,0.0
p_002,3,2026-09-17T10:30:00-05:00,30.265647,-97.735396,0.0
p_002,3,2026-09-17T10:40:00-05:00,30.265711,-97.735403,0.0
p_002,3,2026-09-17T10:50:00-05:00,30.265601,-97.735382,0.0
p_002,3,2026-09-17T11:00:00-05:00,30.265702,-97.735423,0.0
p_002,3,2026-09-17T11:10:00-05:00,30.265666,-97.735376,0.0
p_002,3,2026-09-17T11:20:00-05:00,30.265627,-97.735304,0.0
p_002,3,2026-09-17T11:30:00-05:00,30.265792,-97.73536,0.0
p_002,3,2026-09-17T11:40:00-05:00,30.265681,-97.735416,0.0
p_002,3,2026-09-17T11:50:00-05:00,30.265689,-97.73549,0.0
p_002,3,2026-09-17T12:00:00-05:00,30.265648,-97.735377,0.0
p_002,3,2026-09-17T12:10:00-05:00,30.265659,-97.735481,0.0
p_002,3,2026-09-17T12:20:00-05:00,30.265728,-97.735357,0.0
p_002,3,2026-09-17T12:30:00-05:00,30.26586,-97.736474,1.47
p_002,3,2026-09-17T12:40:00-05:00,30.265931,-97.737109,0.0
p_002,3,2026-09-17T12:50:00-05:00,30.266016,-97.73709,0.0
p_002,3,2026-09-17T13:00:00-05:00,30.265911,-97.737063,0.0
p_002,3,2026-09-17T13:10:00-05:00,30.26591,-97.737198,0.0
p_002,3,2026-09-17T13:20:00-05:00,30.265935,-97.73715,0.0
p_002,3,2026-09-17T13:30:00-05:00,30.266631,-97.738413,4.3
p_002,3,2026-09-17T13:40:00-05:00,30.271557,-97.748179,0.0
p_002,3,2026-09-17T13:50:00-05:00,30.271536,-97.748114,0.0
p_002,3,2026-09-17T14:00:00-05:00,30.271448,-97.748241,0.0
p_002,3,2026-09-17T14:10:00-05:00,30.271545,-97.748142,0.0
p_002,3,2026-09-17T14:20:00-05:00,30.271507,-97.748163,0.0
p_002,3,2026-09-17T14:30:00-05:00,30.271495,-97.748191,0.0
p_002,3,2026-09-17T14:40:00-05:00,30.271448,-97.748168,0.0
p_002,3,2026-09-17T14:50:00-05:00,30.271548,-97.748123,0.0
p_002,3,2026-09-17T15:00:00-05:00,30.27151,-97.748163,0.0
p_002,3,2026-09-17T15:10:00-05:00,30.271538,-97.748246,0.0
p_002,3,2026-09-17T15:20:00-05:00,30.271605,-97.748137,0.0
p_002,3,2026-09-17T15:30:00-05:00,30.271534,-97.748182,0.0
p_002,3,2026-09-17T15:40:00-05:00,30.27147,-97.748256,0.0
p_002,3,2026-09-17T15:50:00-05:00,30.271487,-97.748195,0.0
p_002,3,2026-09-17T16:00:00-05:00,30.271658,-97.748093,0.0
p_002,3,2026-09-17T16:10:00-05:00,30.271583,-97.748088,0.0
p_002,3,2026-09-17T16:20:00-05:00,30.271516,-97.748217,0.0
p_002,3,2026-09-17T16:30:00-05:00,30.271551,-97.74813,0.0
p_002,3,2026-09-17T16:40:00-05:00,30.271521,-97.748024,0.0
p_002,3,2026-09-17T16:50:00-05:00,30.271581,-97.748072,0.0
p_002,3,2026-09-17T17:00:00-05:00,30.271557,-97.748041,0.0
p_002,3,2026-09-17T17:10:00-05:00,30.271493,-97.748099,0.0
p_002,3,2026-09-17T17:20:00-05:00,30.27155,-97.748213,0.0
p_002,3,2026-09-17T17:30:00-05:00,30.2715,-97.748133,0.0
p_002,3,2026-09-17T17:40:00-05:00,30.271483,-97.748145,0.0
p_002,3,2026-09-17T17:50:00-05:00,30.271554,-97.748144,0.0
p_002,3,2026-09-17T18:00:00-05:00,30.271526,-97.748166,0.0
p_002,3,2026-09-17T18:10:00-05:00,30.271506,-97.748245,0.0
p_002,3,2026-09-17T18:20:00-05:00,30.271527,-97.748166,0.0
p_002,3,2026-09-17T18:30:00-05:00,30.271534,-97.748147,0.0
p_002,3,2026-09-17T18:40:00-05:00,30.271472,-97.748177,0.0
p_002,3,2026-09-17T18:50:00-05:00,30.271637,-97.7482,0.0
p_002,3,2026-09-17T19:00:00-05:00,30.268839,-97.752313,1.23
p_002,3,2026-09-17T19:10:00-05:00,30.267866,-97.753426,0.0
p_002,3,2026-09-17T19:20:00-05:00,30.267799,-97.753401,0.0
p_002,3,2026-09-17T19:30:00-05:00,30.267828,-97.753389,0.0
p_002,3,2026-09-17T19:40:00-05:00,30.267799,-97.753358,0.0
p_002,3,2026-09-17T19:50:00-05:00,30.267828,-97.753433,0.0
p_002,3,2026-09-17T20:00:00-05:00,30.267831,-97.753434,0.0
p_002,3,2026-09-17T20:10:00-05:00,30.267871,-97.753394,0.0
p_002,3,2026-09-17T20:20:00-05:00,30.267796,-97.753379,0.0
p_002,3,2026-09-17T20:30:00-05:00,30.267798,-97.753427,0.0
p_002,3,2026-09-17T20:40:00-05:00,30.267857,-97.753396,0.0
p_002,3,2026-09-17T20:50:00-05:00,30.267864,-97.753391,0.0
p_002,3,2026-09-17T21:00:00-05:00,30.267807,-97.753482,0.0
p_002,3,2026-09-17T21:10:00-05:00,30.276303,-97.727627,10.08
p_002,3,2026-09-17T21:20:00-05:00,30.278239,-97.717327,0.0
p_002,3,2026-09-17T21:30:00-05:00,30.278259,-97.717412,0.0
p_002,3,2026-09-17T21:40:00-05:00,30.2783,-97.71739,0.0
p_002,3,2026-09-17T21:50:00-05:00,30.278309,-97.717293,0.0
p_002,3,2026-09-17T22:00:00-05:00,30.278272,-97.717266,0.0
p_002,3,2026-09-17T22:10:00-05:00,30.278263,-97.717371,0.0
p_002,3,2026-09-17T22:20:00-05:00,30.278345,-97.717427,0.0
p_002,3,2026-09-17T22:30:00-05:00,30.278237,-97.717441,0.0
p_002,3,2026-09-17T22:40:00-05:00,30.278236,-97.717299,0.0
p_002,3,2026-09-17T22:50:00-05:00,30.278325,-97.717365,0.0
p_002,3,2026-09-17T23:00:00-05:00,30.278264,-97.717422,0.0
p_002,3,2026-09-17T23:10:00-05:00,30.278305,-97.717401,0.0
p_002,3,2026-09-17T23:20:00-05:00,30.278287,-97.717395,0.0
p_002,3,2026-09-17T23:30:00-05:00,30.278193,-97.717411,0.0
p_002,3,2026-09-17T23:40:00-05:00,30.278235,-97.717437,0.0
p_002,3,2026-09-17T23:50:00-05:00,30.278278,-97.717234,0.0
p_002,3,2026-09-18T00:00:00-05:00,30.278246,-97.71732,0.0
p_002,3,2026-09-18T00:10:00-05:00,30.278266,-97.717382,0.0
p_002,3,2026-09-18T00:20:00-05:00,30.278267,-97.717362,0.0
p_002,3,2026-09-18T00:30:00-05:00,30.278373,-97.717396,0.0
p_002,3,2026-09-18T00:40:00-05:00,30.278289,-97.717301,0.0
p_002,3,2026-09-18T00:50:00-05:00,30.278305,-97.717347,0.0
p_002,3,2026-09-18T01:00:00-05:00,30.278263,-97.71733,0.0
p_002,3,2026-09-18T01:10:00-05:00,30.278263,-97.717377,0.0
p_002,3,2026-09-18T01:20:00-05:00,30.278226,-97.717343,0.0
p_002,3,2026-09-18T01:30:00-05:00,30.278234,-97.717387,0.0
p_002,3,2026-09-18T01:40:00-05:00,30.278213,-97.717375,0.0
p_002,3,2026-09-18T01:50:00-05:00,30.278266,-97.717372,0.0
p_002,3,2026-09-18T02:00:00-05:00,30.278252,-97.717357,0.0
p_002,3,2026-09-18T02:10:00-05:00,30.278301,-97.717444,0.0
p_002,3,2026-09-18T02:20:00-05:00,30.27824,-97.717346,0.0
p_002,3,2026-09-18T02:30:00-05:00,30.278265,-97.717386,0.0
p_002,3,2026-09-18T02:40:00-05:00,30.278235,-97.717363,0.0
p_002,3,2026-09-18T02:50:00-05:00,30.278264,-97.717354,0.0
p_002,4,2026-09-18T00:00:00-05:00,30.278236,-97.717421,0.0
p_002,4,2026-09-18T00:10:00-05:00,30.278293,-97.717412,0.0
p_002,4,2026-09-18T00:20:00-05:00,30.278316,-97.717399,0.0
p_002,4,2026-09-18T00:30:00-05:00,30.278273,-97.717357,0.0
p_002,4,2026-09-18T00:40:00-05:00,30.278294,-97.717376,0.0
p_002,4,2026-09-18T00:50:00-05:00,30.278258,-97.717366,0.0
p_002,4,2026-09-18T01:00:00-05:00,30.278245,-97.717421,0.0
p_002,4,2026-09-18T01:10:00-05:00,30.278219,-97.717363,0.0
p_002,4,2026-09-18T01:20:00-05:00,30.278273,-97.717357,0.0
p_002,4,2026-09-18T01:30:00-05:00,30.278255,-97.717395,0.0
p_002,4,2026-09-18T01:40:00-05:00,30.278306,-97.71732,0.0
p_002,4,2026-09-18T01:50:00-05:00,30.278199,-97.717337,0.0
p_002,4,2026-09-18T02:00:00-05:00,30.278192,-97.717421,0.0
p_002,4,2026-09-18T02:10:00-05:00,30.278255,-97.717342,0.0
p_002,4,2026-09-18T02:20:00-05:00,30.278228,-97.717305,0.0
p_002,4,2026-09-18T02:30:00-05:00,30.278276,-97.717296,0.0
p_002,4,2026-09-18T02:40:00-05:00,30.278266,-97.717373,0.0
p_002,4,2026-09-18T02:50:00-05:00,30.278231,-97.717386,0.0
p_002,4,2026-09-18T03:00:00-05:00,30.278204,-97.717424,0.0
p_002,4,2026-09-18T03:10:00-05:00,30.278226,-97.717443,0.0
p_002,4,2026-09-18T03:20:00-05:00,30.278267,-97.717319,0.0
p_002,4,2026-09-18T03:30:00-05:00,30.278247,-97.717333,0.0
p_002,4,2026-09-18T03:40:00-05:00,30.278307,-97.717374,0.0
p_002,4,2026-09-18T03:50:00-05:00,30.278263,-97.717322,0.0
p_002,4,2026-09-18T04:00:00-05:00,30.278265,-97.717351,0.0
p_002,4,2026-09-18T04:10:00-05:00,30.278282,-97.717328,0.0
p_002,4,2026-09-18T04:20:00-05:00,30.278272,-97.717333,0.0
p_002,4,2026-09-18T04:30:00-05:00,30.278238,-97.717345,0.0
p_002,4,2026-09-18T04:40:00-05:00,30.278288,-97.717402,0.0
p_002,4,2026-09-18T04:50:00-05:00,30.278208,-97.717402,0.0
p_002,4,2026-09-18T05:00:00-05:00,30.278319,-97.717339,0.0
p_002,4,2026-09-18T05:10:00-05:00,30.278249,-97.717334,0.0
p_002,4,2026-09-18T05:20:00-05:00,30.278289,-97.717368,0.0
p_002,4,2026-09-18T05:30:00-05:00,30.27824,-97.717307,0.0
p_002,4,2026-09-18T05:40:00-05:00,30.278226,-97.717347,0.0
p_002,4,2026-09-18T05:50:00-05:00,30.278329,-97.717394,0.0
p_002,4,2026-09-18T06:00:00-05:00,30.278305,-97.717375,0.0
p_002,4,2026-09-18T06:10:00-05:00,30.27832,-97.717327,0.0
p_002,4,2026-09-18T06:20:00-05:00,30.278257,-97.717352,0.0
p_002,4,2026-09-18T06:30:00-05:00,30.278303,-97.717375,0.0
p_002,4,2026-09-18T06:40:00-05:00,30.278307,-97.71737,0.0
p_002,4,2026-09-18T06:50:00-05:00,30.278342,-97.717338,0.0
p_002,4,2026-09-18T07:00:00-05:00,30.278282,-97.717386,0.0
p_002,4,2026-09-18T07:10:00-05:00,30.278339,-97.717354,0.0
p_002,4,2026-09-18T07:20:00-05:00,30.278263,-97.71734,0.0
p_002,4,2026-09-18T07:30:00-05:00,30.278326,-97.717397,0.0
p_002,4,2026-09-18T07:40:00-05:00,30.278261,-97.717343,0.0
p_002,4,2026-09-18T07:50:00-05:00,30.278279,-97.717385,0.0
p_002,4,2026-09-18T08:00:00-05:00,30.278238,-97.717315,0.0
p_002,4,2026-09-18T08:10:00-05:00,30.265146,-97.729403,0.0
p_002,4,2026-09-18T08:20:00-05:00,30.265181,-97.729437,0.0
p_002,4,2026-09-18T08:30:00-05:00,30.265098,-97.729455,0.0
p_002,4,2026-09-18T08:40:00-05:00,30.261578,-97.730458,0.0
p_002,4,2026-09-18T08:50:00-05:00,30.261595,-97.730448,0.0
p_002,4,2026-09-18T09:00:00-05:00,30.261658,-97.73034,0.0
p_002,4,2026-09-18T09:10:00-05:00,30.261561,-97.73039,0.0
p_002,4,2026-09-18T09:20:00-05:00,30.26167,-97.730404,0.0
p_002,4,2026-09-18T09:30:00-05:00,30.261515,-97.730414,0.0
p_002,4,2026-09-18T09:40:00-05:00,30.261664,-97.730429,0.0
p_002,4,2026-09-18T09:50:00-05:00,30.261575,-97.730463,0.0
p_002,4,2026-09-18T10:00:00-05:00,30.261529,-97.730501,0.0
p_002,4,2026-09-18T10:10:00-05:00,30.261654,-97.730464,0.0
p_002,4,2026-09-18T10:20:00-05:00,30.261635,-97.730445,0.0
p_002,4,2026-09-18T10:30:00-05:00,30.261596,-97.730448,0.0
p_002,4,2026-09-18T10:40:00-05:00,30.261572,-97.730321,0.0
p_002,4,2026-09-18T10:50:00-05:00,30.261581,-97.730454,0.0
p_002,4,2026-09-18T11:00:00-05:00,30.261624,-97.73046,0.0
p_002,4,2026-09-18T11:10:00-05:00,30.261706,-97.730433,0.0
p_002,4,2026-09-18T11:20:00-05:00,30.261565,-97.73033,0.0
p_002,4,2026-09-18T11:30:00-05:00,30.261589,-97.730341,0.0
p_002,4,2026-09-18T11:40:00-05:00,30.261656,-97.730414,0.0
p_002,4,2026-09-18T11:50:00-05:00,30.261581,-97.730454,0.0
p_002,4,2026-09-18T12:00:00-05:00,30.261612,-97.730445,0.0
p_002,4,2026-09-18T12:10:00-05:00,30.261506,-97.730414,0.0
p_002,4,2026-09-18T12:20:00-05:00,30.26192,-97.73021,1.21
p_002,4,2026-09-18T12:30:00-05:00,30.266068,-97.728681,0.0
p_002,4,2026-09-18T12:40:00-05:00,30.266109,-97.728606,0.0
p_002,4,2026-09-18T12:50:00-05:00,30.266075,-97.728533,0.0
p_002,4,2026-09-18T13:00:00-05:00,30.266037,-97.728577,0.0
p_002,4,2026-09-18T13:10:00-05:00,30.266131,-97.728638,0.0
p_002,4,2026-09-18T13:20:00-05:00,30.266095,-97.728668,0.0
p_002,4,2026-09-18T13:30:00-05:00,30.279726,-97.739233,0.0
p_002,4,2026-09-18T13:40:00-05:00,30.279672,-97.73921,0.0
p_002,4,2026-09-18T13:50:00-05:00,30.27972,-97.739249,0.0
p_002,4,2026-09-18T14:00:00-05:00,30.279749,-97.739344,0.0
p_002,4,2026-09-18T14:10:00-05:00,30.279735,-97.739328,0.0
p_002,4,2026-09-18T14:20:00-05:00,30.279732,-97.739236,0.0
p_002,4,2026-09-18T14:30:00-05:00,30.279723,-97.739259,0.0
p_002,4,2026-09-18T14:40:00-05:00,30.279705,-97.739383,0.0
p_002,4,2026-09-18T14:50:00-05:00,30.279727,-97.739289,0.0
p_002,4,2026-09-18T15:00:00-05:00,30.279759,-97.739255,0.0
p_002,4,2026-09-18T15:10:00-05:00,30.279666,-97.739327,0.0
p_002,4,2026-09-18T15:20:00-05:00,30.279705,-97.739343,0.0
p_002,4,2026-09-18T15:30:00-05:00,30.279736,-97.739153,0.0
p_002,4,2026-09-18T15:40:00-05:00,30.279699,-97.739101,0.0
p_002,4,2026-09-18T15:50:00-05:00,30.279739,-97.73921,0.0
p_002,4,2026-09-18T16:00:00-05:00,30.279696,-97.739179,0.0
p_002,4,2026-09-18T16:10:00-05:00,30.279701,-97.739281,0.0
p_002,4,2026-09-18T16:20:00-05:00,30.27977,-97.739198,0.0
p_002,4,2026-09-18T16:30:00-05:00,30.279771,-97.739295,0.0
p_002,4,2026-09-18T16:40:00-05:00,30.279699,-97.73927,0.0
p_002,4,2026-09-18T16:50:00-05:00,30.279773,-97.739174,0.0
p_002,4,2026-09-18T17:00:00-05:00,30.279787,-97.739277,0.0
p_002,4,2026-09-18T17:10:00-05:00,30.279727,-97.739291,0.0
p_002,4,2026-09-18T17:20:00-05:00,30.27979,-97.739329,0.0
p_002,4,2026-09-18T17:30:00-05:00,30.279678,-97.739234,0.0
p_002,4,2026-09-18T17:40:00-05:00,30.279749,-97.739248,0.0
p_002,4,2026-09-18T17:50:00-05:00,30.279745,-97.739201,0.0
p_002,4,2026-09-18T18:00:00-05:00,30.279737,-97.739253,0.0
p_002,4,2026-09-18T18:10:00-05:00,30.279704,-97.739201,0.0
p_002,4,2026-09-18T18:20:00-05:00,30.279802,-97.739288,0.0
p_002,4,2026-09-18T18:30:00-05:00,30.279765,-97.739211,0.0
p_002,4,2026-09-18T18:40:00-05:00,30.279733,-97.739265,0.0
p_002,4,2026-09-18T18:50:00-05:00,30.279758,-97.739284,0.0
p_002,4,2026-09-18T19:00:00-05:00,30.279705,-97.739174,0.0
p_002,4,2026-09-18T19:10:00-05:00,30.279638,-97.739254,0.0
p_002,4,2026-09-18T19:20:00-05:00,30.279673,-97.739221,0.0
p_002,4,2026-09-18T19:30:00-05:00,30.279746,-97.73928,0.0
p_002,4,2026-09-18T19:40:00-05:00,30.279765,-97.739317,0.0
p_002,4,2026-09-18T19:50:00-05:00,30.279726,-97.739247,0.0
p_002,4,2026-09-18T20:00:00-05:00,30.279752,-97.739234,0.0
p_002,4,2026-09-18T20:10:00-05:00,30.279801,-97.739256,0.0
p_002,4,2026-09-18T20:20:00-05:00,30.278278,-97.717333,0.0
p_002,4,2026-09-18T20:30:00-05:00,30.278292,-97.717343,0.0
p_002,4,2026-09-18T20:40:00-05:00,30.278248,-97.717299,0.0
p_002,4,2026-09-18T20:50:00-05:00,30.278246,-97.717244,0.0
p_002,4,2026-09-18T21:00:00-05:00,30.27827,-97.717389,0.0
p_002,4,2026-09-18T21:10:00-05:00,30.278187,-97.717363,0.0
p_002,4,2026-09-18T21:20:00-05:00,30.278305,-97.717367,0.0
p_002,4,2026-09-18T21:30:00-05:00,30.278189,-97.717399,0.0
p_002,4,2026-09-18T21:40:00-05:00,30.278257,-97.717417,0.0
p_002,4,2026-09-18T21:50:00-05:00,30.278258,-97.717299,0.0
p_002,4,2026-09-18T22:00:00-05:00,30.27826,-97.717343,0.0
p_002,4,2026-09-18T22:10:00-05:00,30.278234,-97.717353,0.0
p_002,4,2026-09-18T22:20:00-05:00,30.278284,-97.71729,0.0
p_002,4,2026-09-18T22:30:00-05:00,30.278283,-97.717465,0.0
p_002,4,2026-09-18T22:40:00-05:00,30.278281,-97.717372,0.0
p_002,4,2026-09-18T22:50:00-05:00,30.278302,-97.717404,0.0
p_002,4,2026-09-18T23:00:00-05:00,30.278196,-97.717295,0.0
p_002,4,2026-09-18T23:10:00-05:00,30.27821,-97.717407,0.0
p_002,4,2026-09-18T23:20:00-05:00,30.278261,-97.717382,0.0
p_002,4,2026-09-18T23:30:00-05:00,30.278291,-97.717339,0.0
p_002,4,2026-09-18T23:40:00-05:00,30.278148,-97.71734,0.0
p_002,4,2026-09-18T23:50:00-05:00,30.278255,-97.717419,0.0
p_002,4,2026-09-19T00:00:00-05:00,30.278276,-97.717358,0.0
p_002,4,2026-09-19T00:10:00-05:00,30.278255,-97.717391,0.0
p_002,4,2026-09-19T00:20:00-05:00,30.278257,-97.717322,0.0
p_002,4,2026-09-19T00:30:00-05:00,30.278246,-97.717362,0.0
p_002,4,2026-09-19T00:40:00-05:00,30.278277,-97.717369,0.0
p_002,4,2026-09-19T00:50:00-05:00,30.278291,-97.717438,0.0
p_002,4,2026-09-19T01:00:00-05:00,30.278204,-97.717457,0.0
p_002,4,2026-09-19T01:10:00-05:00,30.278215,-97.71735,0.0
p_002,4,2026-09-19T01:20:00-05:00,30.278274,-97.717348,0.0
p_002,4,2026-09-19T01:30:00-05:00,30.27827,-97.717295,0.0
p_002,4,2026-09-19T01:40:00-05:00,30.27831,-97.717333,0.0
p_002,4,2026-09-19T01:50:00-05:00,30.278289,-97.717331,0.0
p_002,4,2026-09-19T02:00:00-05:00,30.278318,-97.717351,0.0
p_002,4,2026-09-19T02:10:00-05:00,30.278216,-97.717382,0.0
p_002,4,2026-09-19T02:20:00-05:00,30.27827,-97.717391,0.0
p_002,4,2026-09-19T02:30:00-05:00,30.278239,-97.717422,0.0
p_002,4,2026-09-19T02:40:00-05:00,30.278333,-97.717386,0.0
p_002,4,2026-09-19T02:50:00-05:00,30.278292,-97.717326,0.0
p_003,0,2026-09-14T00:00:00-05:00,30.273433,-97.751133,0.0
p_003,0,2026-09-14T00:10:00-05:00,30.273415,-97.751153,0.0
p_003,0,2026-09-14T00:20:00-05:00,30.273334,-97.751145,0.0
p_003,0,2026-09-14T00:30:00-05:00,30.273396,-97.751153,0.0
p_003,0,2026-09-14T00:40:00-05:00,30.273412,-97.751123,0.0
p_003,0,2026-09-14T00:50:00-05:00,30.27343,-97.751127,0.0
p_003,0,2026-09-14T01:00:00-05:00,30.273393,-97.751167,0.0
p_003,0,2026-09-14T01:10:00-05:00,30.273406,-97.751107,0.0
p_003,0,2026-09-14T01:20:00-05:00,30.273346,-97.751183,0.0
p_003,0,2026-09-14T01:30:00-05:00,30.273376,-97.751136,0.0
p_003,0,2026-09-14T01:40:00-05:00,30.273388,-97.751137,0.0
p_003,0,2026-09-14T01:50:00-05:00,30.273359,-97.751123,0.0
p_003,0,2026-09-14T02:00:00-05:00,30.273396,-97.751126,0.0
p_003,0,2026-09-14T02:10:00-05:00,30.273395,-97.751109,0.0
p_003,0,2026-09-14T02:20:00-05:00,30.273431,-97.751087,0.0
p_003,0,2026-09-14T02:30:00-05:00,30.27345,-97.751108,0.0
p_003,0,2026-09-14T02:40:00-05:00,30.273434,-97.751127,0.0
p_003,0,2026-09-14T02:50:00-05:00,30.273323,-97.751105,0.0
p_003,0,2026-09-14T03:00:00-05:00,30.273344,-97.751174,0.0
p_003,0,2026-09-14T03:10:00-05:00,30.273422,-97.75109,0.0
p_003,0,2026-09-14T03:20:00-05:00,30.273343,-97.751113,0.0
p_003,0,2026-09-14T03:30:00-05:00,30.273369,-97.751127,0.0
p_003,0,2026-09-14T03:40:00-05:00,30.273376,-97.75106,0.0
p_003,0,2026-09-14T03:50:00-05:00,30.273366,-97.751148,0.0
p_003,0,2026-09-14T04:00:00-05:00,30.273394,-97.751131,0.0
p_003,0,2026-09-14T04:10:00-05:00,30.273411,-97.751177,0.0
p_003,0,2026-09-14T04:20:00-05:00,30.27344,-97.751148,0.0
p_003,0,2026-09-14T04:30:00-05:00,30.273419,-97.751173,0.0
p_003,0,2026-09-14T04:40:00-05:00,30.273433,-97.751052,0.0
p_003,0,2026-09-14T04:50:00-05:00,30.273368,-97.751103,0.0
p_003,0,2026-09-14T05:00:00-05:00,30.273412,-97.751034,0.0
p_003,0,2026-09-14T05:10:00-05:00,30.273429,-97.751131,0.0
p_003,0,2026-09-14T05:20:00-05:00,30.273362,-97.751143,0.0
p_003,0,2026-09-14T05:30:00-05:00,30.273324,-97.751135,0.0
p_003,0,2026-09-14T05:40:00-05:00,30.27339,-97.751093,0.0
p_003,0,2026-09-14T05:50:00-05:00,30.273373,-97.751162,0.0
p_003,0,2026-09-14T06:00:00-05:00,30.273412,-97.75116,0.0
p_003,0,2026-09-14T06:10:00-05:00,30.273404,-97.751173,0.0
p_003,0,2026-09-14T06:20:00-05:00,30.273348,-97.751149,0.0
p_003,0,2026-09-14T06:30:00-05:00,30.27341,-97.751101,0.0
p_003,0,2026-09-14T06:40:00-05:00,30.27347,-97.751165,0.0
p_003,0,2026-09-14T06:50:00-05:00,30.273394,-97.751077,0.0
p_003,0,2026-09-14T07:00:00-05:00,30.273363,-97.751198,0.0
p_003,0,2026-09-14T07:10:00-05:00,30.273373,-97.751199,0.0
p_003,0,2026-09-14T07:20:00-05:00,30.273387,-97.751088,0.0
p_003,0,2026-09-14T07:30:00-05:00,30.273339,-97.751201,0.0
p_003,0,2026-09-14T07:40:00-05:00,30.273364,-97.751107,0.0
p_003,0,2026-09-14T07:50:00-05:00,30.273416,-97.751078,0.0
p_003,0,2026-09-14T08:00:00-05:00,30.273359,-97.751122,0.0
p_003,0,2026-09-14T08:10:00-05:00,30.273397,-97.751124,0.0
p_003,0,2026-09-14T08:20:00-05:00,30.273361,-97.751114,0.0
p_003,0,2026-09-14T08:30:00-05:00,30.273371,-97.751192,0.0
p_003,0,2026-09-14T08:40:00-05:00,30.273453,-97.751145,0.0
p_003,0,2026-09-14T08:50:00-05:00,30.273393,-97.751111,0.0
p_003,0,2026-09-14T09:00:00-05:00,30.273337,-97.751171,0.0
p_003,0,2026-09-14T09:10:00-05:00,30.273454,-97.75109,0.0
p_003,0,2026-09-14T09:20:00-05:00,30.283865,-97.749149,0.0
p_003,0,2026-09-14T09:30:00-05:00,30.283795,-97.749131,0.0
p_003,0,2026-09-14T09:40:00-05:00,30.283823,-97.749167,0.0
p_003,0,2026-09-14T09:50:00-05:00,30.283795,-97.749169,0.0
p_003,0,2026-09-14T10:00:00-05:00,30.283787,-97.749092,0.0
p_003,0,2026-09-14T10:10:00-05:00,30.283779,-97.749175,0.0
p_003,0,2026-09-14T10:20:00-05:00,30.283858,-97.749089,0.0
p_003,0,2026-09-14T10:30:00-05:00,30.283781,-97.749019,0.0
p_003,0,2026-09-14T10:40:00-05:00,30.28383,-97.74914,0.0
p_003,0,2026-09-14T10:50:00-05:00,30.283823,-97.74911,0.0
p_003,0,2026-09-14T11:00:00-05:00,30.283773,-97.74913,0.0
p_003,0,2026-09-14T11:10:00-05:00,30.283735,-97.749068,0.0
p_003,0,2026-09-14T11:20:00-05:00,30.283876,-97.749083,0.0
p_003,0,2026-09-14T11:30:00-05:00,30.283778,-97.749067,0.0
p_003,0,2026-09-14T11:40:00-05:00,30.283835,-97.749098,0.0
p_003,0,2026-09-14T11:50:00-05:00,30.283812,-97.749166,0.0
p_003,0,2026-09-14T12:00:00-05:00,30.28379,-97.749139,0.0
p_003,0,2026-09-14T12:10:00-05:00,30.280911,-97.738319,0.0
p_003,0,2026-09-14T12:20:00-05:00,30.280804,-97.738418,0.0
p_003,0,2026-09-14T12:30:00-05:00,30.280869,-97.738342,0.0
p_003,0,2026-09-14T12:40:00-05:00,30.28082,-97.738339,0.0
p_003,0,2026-09-14T12:50:00-05:00,30.280872,-97.738329,0.0
p_003,0,2026-09-14T13:00:00-05:00,30.280837,-97.738336,0.0
p_003,0,2026-09-14T13:10:00-05:00,30.280857,-97.738294,0.0
p_003,0,2026-09-14T13:20:00-05:00,30.280831,-97.73822,0.0
p_003,0,2026-09-14T13:30:00-05:00,30.280849,-97.738204,0.0
p_003,0,2026-09-14T13:40:00-05:00,30.280812,-97.738294,0.0
p_003,0,2026-09-14T13:50:00-05:00,30.28095,-97.738208,0.0
p_003,0,2026-09-14T14:00:00-05:00,30.280831,-97.738223,0.0
p_003,0,2026-09-14T14:10:00-05:00,30.280895,-97.738403,0.0
p_003,0,2026-09-14T14:20:00-05:00,30.28082,-97.738302,0.0
p_003,0,2026-09-14T14:30:00-05:00,30.280745,-97.73835,0.0
p_003,0,2026-09-14T14:40:00-05:00,30.279534,-97.737236,1.29
p_003,0,2026-09-14T14:50:00-05:00,30.277215,-97.734967,0.0
p_003,0,2026-09-14T15:00:00-05:00,30.277065,-97.735006,0.0
p_003,0,2026-09-14T15:10:00-05:00,30.277246,-97.735005,0.0
p_003,0,2026-09-14T15:20:00-05:00,30.27721,-97.734971,0.0
p_003,0,2026-09-14T15:30:00-05:00,30.277197,-97.734941,0.0
p_003,0,2026-09-14T15:40:00-05:00,30.277129,-97.734959,0.0
p_003,0,2026-09-14T15:50:00-05:00,30.268975,-97.729037,4.92
p_003,0,2026-09-14T16:00:00-05:00,30.266039,-97.727299,0.0
p_003,0,2026-09-14T16:10:00-05:00,30.266062,-97.727328,0.0
p_003,0,2026-09-14T16:20:00-05:00,30.266045,-97.727184,0.0
p_003,0,2026-09-14T16:30:00-05:00,30.266058,-97.727322,0.0
p_003,0,2026-09-14T16:40:00-05:00,30.266009,-97.727402,0.0
p_003,0,2026-09-14T16:50:00-05:00,30.266048,-97.727233,0.0
p_003,0,2026-09-14T17:00:00-05:00,30.26609,-97.727242,0.0
p_003,0,2026-09-14T17:10:00-05:00,30.266108,-97.727273,0.0
p_003,0,2026-09-14T17:20:00-05:00,30.266064,-97.727249,0.0
p_003,0,2026-09-14T17:30:00-05:00,30.266062,-97.727253,0.0
p_003,0,2026-09-14T17:40:00-05:00,30.266023,-97.727267,0.0
p_003,0,2026-09-14T17:50:00-05:00,30.266082,-97.727349,0.0
p_003,0,2026-09-14T18:00:00-05:00,30.266032,-97.72731,0.0
p_003,0,2026-09-14T18:10:00-05:00,30.266017,-97.727245,0.0
p_003,0,2026-09-14T18:20:00-05:00,30.266066,-97.727271,0.0
p_003,0,2026-09-14T18:30:00-05:00,30.266005,-97.727315,0.0
p_003,0,2026-09-14T18:40:00-05:00,30.265991,-97.727287,0.0
p_003,0,2026-09-14T18:50:00-05:00,30.266149,-97.72733,0.0
p_003,0,2026-09-14T19:00:00-05:00,30.266029,-97.727226,0.0
p_003,0,2026-09-14T19:10:00-05:00,30.26595,-97.729103,4.75
p_003,0,2026-09-14T19:20:00-05:00,30.265976,-97.737193,0.0
p_003,0,2026-09-14T19:30:00-05:00,30.265898,-97.737075,0.0
p_003,0,2026-09-14T19:40:00-05:00,30.26593,-97.737085,0.0
p_003,0,2026-09-14T19:50:00-05:00,30.265946,-97.737056,0.0
p_003,0,2026-09-14T20:00:00-05:00,30.265994,-97.737154,0.0
p_003,0,2026-09-14T20:10:00-05:00,30.266023,-97.73712,0.0
p_003,0,2026-09-14T20:20:00-05:00,30.265871,-97.737143,0.0
p_003,0,2026-09-14T20:30:00-05:00,30.265985,-97.737134,0.0
p_003,0,2026-09-14T20:40:00-05:00,30.266003,-97.737134,0.0
p_003,0,2026-09-14T20:50:00-05:00,30.265977,-97.737099,0.0
p_003,0,2026-09-14T21:00:00-05:00,30.265969,-97.737163,0.0
p_003,0,2026-09-14T21:10:00-05:00,30.273337,-97.751139,0.0
p_003,0,2026-09-14T21:20:00-05:00,30.273404,-97.751109,0.0
p_003,0,2026-09-14T21:30:00-05:00,30.2734,-97.751091,0.0
p_003,0,2026-09-14T21:40:00-05:00,30.273477,-97.751109,0.0
p_003,0,2026-09-14T21:50:00-05:00,30.2733,-97.751112,0.0
p_003,0,2026-09-14T22:00:00-05:00,30.273405,-97.7511,0.0
p_003,0,2026-09-14T22:10:00-05:00,30.273447,-97.751144,0.0
p_003,0,2026-09-14T22:20:00-05:00,30.273316,-97.751163,0.0
p_003,0,2026-09-14T22:30:00-05:00,30.273277,-97.751225,0.0
p_003,0,2026-09-14T22:40:00-05:00,30.273407,-97.751084,0.0
p_003,0,2026-09-14T22:50:00-05:00,30.273358,-97.751164,0.0
p_003,0,2026-09-14T23:00:00-05:00,30.27339,-97.751096,0.0
p_003,0,2026-09-14T23:10:00-05:00,30.273417,-97.751083,0.0
p_003,0,2026-09-14T23:20:00-05:00,30.273347,-97.751169,0.0
p_003,0,2026-09-14T23:30:00-05:00,30.273376,-97.751135,0.0
p_003,0,2026-09-14T23:40:00-05:00,30.27337,-97.751203,0.0
p_003,0,2026-09-14T23:50:00-05:00,30.273378,-97.751111,0.0
p_003,0,2026-09-15T00:00:00-05:00,30.27338,-97.751087,0.0
p_003,0,2026-09-15T00:10:00-05:00,30.273378,-97.751187,0.0
p_003,0,2026-09-15T00:20:00-05:00,30.273446,-97.751152,0.0
p_003,0,2026-09-15T00:30:00-05:00,30.273434,-97.751113,0.0
p_003,0,2026-09-15T00:40:00-05:00,30.273381,-97.751097,0.0
p_003,0,2026-09-15T00:50:00-05:00,30.273349,-97.75109,0.0
p_003,0,2026-09-15T01:00:00-05:00,30.273417,-97.75114,0.0
p_003,0,2026-09-15T01:10:00-05:00,30.273342,-97.7511,0.0
p_003,0,2026-09-15T01:20:00-05:00,30.273395,-97.751137,0.0
p_003,0,2026-09-15T01:30:00-05:00,30.273431,-97.751057,0.0
p_003,0,2026-09-15T01:40:00-05:00,30.273405,-97.751139,0.0
p_003,0,2026-09-15T01:50:00-05:00,30.273395,-97.751128,0.0
p_003,0,2026-09-15T02:00:00-05:00,30.273336,-97.75119,0.0
p_003,0,2026-09-15T02:10:00-05:00,30.273417,-97.751171,0.0
p_003,0,2026-09-15T02:20:00-05:00,30.273384,-97.751144,0.0
p_003,0,2026-09-15T02:30:00-05:00,30.273467,-97.751049,0.0
p_003,0,2026-09-15T02:40:00-05:00,30.273438,-97.751104,0.0
p_003,0,2026-09-15T02:50:00-05:00,30.273405,-97.751156,0.0
p_003,1,2026-09-15T00:00:00-05:00,30.273371,-97.751101,0.0
p_003,1,2026-09-15T00:10:00-05:00,30.273401,-97.751097,0.0
p_003,1,2026-09-15T00:20:00-05:00,30.273415,-97.75115,0.0
p_003,1,2026-09-15T00:30:00-05:00,30.273392,-97.751071,0.0
p_003,1,2026-09-15T00:40:00-05:00,30.273366,-97.75115,0.0
p_003,1,2026-09-15T00:50:00-05:00,30.273323,-97.751085,0.0
p_003,1,2026-09-15T01:00:00-05:00,30.273355,-97.75111,0.0
p_003,1,2026-09-15T01:10:00-05:00,30.273385,-97.751102,0.0
p_003,1,2026-09-15T01:20:00-05:00,30.273424,-97.751099,0.0
p_003,1,2026-09-15T01:30:00-05:00,30.273374,-97.751117,0.0
p_003,1,2026-09-15T01:40:00-05:00,30.273376,-97.751138,0.0
p_003,1,2026-09-15T01:50:00-05:00,30.273347,-97.751149,0.0
p_003,1,2026-09-15T02:00:00-05:00,30.27334,-97.751155,0.0
p_003,1,2026-09-15T02:10:00-05:00,30.273383,-97.751063,0.0
p_003,1,2026-09-15T02:20:00-05:00,30.273363,-97.751102,0.0
p_003,1,2026-09-15T02:30:00-05:00,30.273322,-97.751119,0.0
p_003,1,2026-09-15T02:40:00-05:00,30.273333,-97.75109,0.0
p_003,1,2026-09-15T02:50:00-05:00,30.273332,-97.751189,0.0
p_003,1,2026-09-15T03:00:00-05:00,30.273462,-97.75111,0.0
p_003,1,2026-09-15T03:10:00-05:00,30.27341,-97.751022,0.0
p_003,1,2026-09-15T03:20:00-05:00,30.273391,-97.75112,0.0
p_003,1,2026-09-15T03:30:00-05:00,30.273374,-97.75112,0.0
p_003,1,2026-09-15T03:40:00-05:00,30.273404,-97.751139,0.0
p_003,1,2026-09-15T03:50:00-05:00,30.273356,-97.751136,0.0
p_003,1,2026-09-15T04:00:00-05:00,30.273372,-97.751107,0.0
p_003,1,2026-09-15T04:10:00-05:00,30.27339,-97.75105,0.0
p_003,1,2026-09-15T04:20:00-05:00,30.273379,-97.751202,0.0
p_003,1,2026-09-15T04:30:00-05:00,30.273361,-97.751114,0.0
p_003,1,2026-09-15T04:40:00-05:00,30.273475,-97.751065,0.0
p_003,1,2026-09-15T04:50:00-05:00,30.273379,-97.75116,0.0
p_003,1,2026-09-15T05:00:00-05:00,30.273417,-97.751179,0.0
p_003,1,2026-09-15T05:10:00-05:00,30.273389,-97.751156,0.0
p_003,1,2026-09-15T05:20:00-05:00,30.273352,-97.751144,0.0
p_003,1,2026-09-15T05:30:00-05:00,30.273476,-97.751124,0.0
p_003,1,2026-09-15T05:40:00-05:00,30.273366,-97.751136,0.0
p_003,1,2026-09-15T05:50:00-05:00,30.273424,-97.751034,0.0
p_003,1,2026-09-15T06:00:00-05:00,30.27346,-97.751145,0.0
p_003,1,2026-09-15T06:10:00-05:00,30.273418,-97.751116,0.0
p_003,1,2026-09-15T06:20:00-05:00,30.273432,-97.751117,0.0
p_003,1,2026-09-15T06:30:00-05:00,30.273371,-97.751129,0.0
p_003,1,2026-09-15T06:40:00-05:00,30.273393,-97.75113,0.0
p_003,1,2026-09-15T06:50:00-05:00,30.273407,-97.751133,0.0
p_003,1,2026-09-15T07:00:00-05:00,30.273413,-97.751145,0.0
p_003,1,2026-09-15T07:10:00-05:00,30.273404,-97.751123,0.0
p_003,1,2026-09-15T07:20:00-05:00,30.273349,-97.751168,0.0
p_003,1,2026-09-15T07:30:00-05:00,30.273393,-97.751148,0.0
p_003,1,2026-09-15T07:40:00-05:00,30.27343,-97.751075,0.0
p_003,1,2026-09-15T07:50:00-05:00,30.273371,-97.751102,0.0
p_003,1,2026-09-15T08:00:00-05:00,30.273465,-97.751074,0.0
p_003,1,2026-09-15T08:10:00-05:00,30.273404,-97.751109,0.0
p_003,1,2026-09-15T08:20:00-05:00,30.273402,-97.751069,0.0
p_003,1,2026-09-15T08:30:00-05:00,30.273367,-97.751123,0.0
p_003,1,2026-09-15T08:40:00-05:00,30.27339,-97.751095,0.0
p_003,1,2026-09-15T08:50:00-05:00,30.273411,-97.75111,0.0
p_003,1,2026-09-15T09:00:00-05:00,30.27342,-97.751146,0.0
p_003,1,2026-09-15T09:10:00-05:00,30.273365,-97.751117,0.0
p_003,1,2026-09-15T09:20:00-05:00,30.27282,-97.75273,1.35
p_003,1,2026-09-15T09:30:00-05:00,30.271616,-97.755232,0.0
p_003,1,2026-09-15T09:40:00-05:00,30.271554,-97.755237,0.0
p_003,1,2026-09-15T09:50:00-05:00,30.271454,-97.755174,0.0
p_003,1,2026-09-15T10:00:00-05:00,30.271479,-97.755212,0.0
p_003,1,2026-09-15T10:10:00-05:00,30.271526,-97.755184,0.0
p_003,1,2026-09-15T10:20:00-05:00,30.271611,-97.755233,0.0
p_003,1,2026-09-15T10:30:00-05:00,30.271551,-97.755283,0.0
p_003,1,2026-09-15T10:40:00-05:00,30.271596,-97.755297,0.0
p_003,1,2026-09-15T10:50:00-05:00,30.271595,-97.755164,0.0
p_003,1,2026-09-15T11:00:00-05:00,30.27168,-97.755208,0.0
p_003,1,2026-09-15T11:10:00-05:00,30.274455,-97.750485,5.92
p_003,1,2026-09-15T11:20:00-05:00,30.28083,-97.738382,0.0
p_003,1,2026-09-15T11:30:00-05:00,30.280838,-97.738337,0.0
p_003,1,2026-09-15T11:40:00-05:00,30.280829,-97.738421,0.0
p_003,1,2026-09-15T11:50:00-05:00,30.280841,-97.738352,0.0
p_003,1,2026-09-15T12:00:00-05:00,30.280912,-97.738322,0.0
p_003,1,2026-09-15T12:10:00-05:00,30.28081,-97.738348,0.0
p_003,1,2026-09-15T12:20:00-05:00,30.280803,-97.738297,0.0
p_003,1,2026-09-15T12:30:00-05:00,30.280824,-97.738321,0.0
p_003,1,2026-09-15T12:40:00-05:00,30.280818,-97.738274,0.0
p_003,1,2026-09-15T12:50:00-05:00,30.280862,-97.738353,0.0
p_003,1,2026-09-15T13:00:00-05:00,30.280944,-97.738283,0.0
p_003,1,2026-09-15T13:10:00-05:00,30.28081,-97.738305,0.0
p_003,1,2026-09-15T13:20:00-05:00,30.280862,-97.738347,0.0
p_003,1,2026-09-15T13:30:00-05:00,30.280866,-97.738227,0.0
p_003,1,2026-09-15T13:40:00-05:00,30.280853,-97.73833,0.0
p_003,1,2026-09-15T13:50:00-05:00,30.280837,-97.738375,0.0
p_003,1,2026-09-15T14:00:00-05:00,30.280856,-97.738294,0.0
p_003,1,2026-09-15T14:10:00-05:00,30.280826,-97.738331,0.0
p_003,1,2026-09-15T14:20:00-05:00,30.280832,-97.738268,0.0
p_003,1,2026-09-15T14:30:00-05:00,30.28085,-97.738277,0.0
p_003,1,2026-09-15T14:40:00-05:00,30.280875,-97.738267,0.0
p_003,1,2026-09-15T14:50:00-05:00,30.280845,-97.738328,0.0
p_003,1,2026-09-15T15:00:00-05:00,30.28093,-97.738333,0.0
p_003,1,2026-09-15T15:10:00-05:00,30.280946,-97.738311,0.0
p_003,1,2026-09-15T15:20:00-05:00,30.280854,-97.738265,0.0
p_003,1,2026-09-15T15:30:00-05:00,30.280873,-97.738303,0.0
p_003,1,2026-09-15T15:40:00-05:00,30.280872,-97.738356,0.0
p_003,1,2026-09-15T15:50:00-05:00,30.275628,-97.729725,0.0
p_003,1,2026-09-15T16:00:00-05:00,30.275547,-97.72973,0.0
p_003,1,2026-09-15T16:10:00-05:00,30.275568,-97.729815,0.0
p_003,1,2026-09-15T16:20:00-05:00,30.275452,-97.72973,0.0
p_003,1,2026-09-15T16:30:00-05:00,30.275557,-97.729807,0.0
p_003,1,2026-09-15T16:40:00-05:00,30.275557,-97.729692,0.0
p_003,1,2026-09-15T16:50:00-05:00,30.275542,-97.729745,0.0
p_003,1,2026-09-15T17:00:00-05:00,30.275541,-97.729801,0.0
p_003,1,2026-09-15T17:10:00-05:00,30.275549,-97.7298,0.0
p_003,1,2026-09-15T17:20:00-05:00,30.275529,-97.729729,0.0
p_003,1,2026-09-15T17:30:00-05:00,30.275535,-97.729673,0.0
p_003,1,2026-09-15T17:40:00-05:00,30.275555,-97.729782,0.0
p_003,1,2026-09-15T17:50:00-05:00,30.275546,-97.729806,0.0
p_003,1,2026-09-15T18:00:00-05:00,30.275591,-97.729747,0.0
p_003,1,2026-09-15T18:10:00-05:00,30.275551,-97.729771,0.0
p_003,1,2026-09-15T18:20:00-05:00,30.275543,-97.729736,0.0
p_003,1,2026-09-15T18:30:00-05:00,30.275499,-97.729752,0.0
p_003,1,2026-09-15T18:40:00-05:00,30.275528,-97.72982,0.0
p_003,1,2026-09-15T18:50:00-05:00,30.275477,-97.729752,0.0
p_003,1,2026-09-15T19:00:00-05:00,30.275554,-97.729739,0.0
p_003,1,2026-09-15T19:10:00-05:00,30.275513,-97.729783,0.0
p_003,1,2026-09-15T19:20:00-05:00,30.275515,-97.729786,0.0
p_003,1,2026-09-15T19:30:00-05:00,30.275524,-97.729777,0.0
p_003,1,2026-09-15T19:40:00-05:00,30.275568,-97.729722,0.0
p_003,1,2026-09-15T19:50:00-05:00,30.275561,-97.729695,0.0
p_003,1,2026-09-15T20:00:00-05:00,30.275545,-97.729715,0.0
p_003,1,2026-09-15T20:10:00-05:00,30.27552,-97.72979,0.0
p_003,1,2026-09-15T20:20:00-05:00,30.275489,-97.729712,0.0
p_003,1,2026-09-15T20:30:00-05:00,30.275508,-97.729717,0.0
p_003,1,2026-09-15T20:40:00-05:00,30.275528,-97.729755,0.0
p_003,1,2026-09-15T20:50:00-05:00,30.275592,-97.72977,0.0
p_003,1,2026-09-15T21:00:00-05:00,30.27547,-97.729771,0.0
p_003,1,2026-09-15T21:10:00-05:00,30.275507,-97.729738,0.0
p_003,1,2026-09-15T21:20:00-05:00,30.275476,-97.729774,0.0
p_003,1,2026-09-15T21:30:00-05:00,30.275496,-97.729717,0.0
p_003,1,2026-09-15T21:40:00-05:00,30.275486,-97.729703,0.0
p_003,1,2026-09-15T21:50:00-05:00,30.275536,-97.72974,0.0
p_003,1,2026-09-15T22:00:00-05:00,30.273447,-97.751064,0.0
p_003,1,2026-09-15T22:10:00-05:00,30.273396,-97.751155,0.0
p_003,1,2026-09-15T22:20:00-05:00,30.273416,-97.751105,0.0
p_003,1,2026-09-15T22:30:00-05:00,30.2734,-97.751152,0.0
p_003,1,2026-09-15T22:40:00-05:00,30.273417,-97.751048,0.0
p_003,1,2026-09-15T22:50:00-05:00,30.273429,-97.751158,0.0
p_003,1,2026-09-15T23:00:00-05:00,30.273426,-97.75119,0.0
p_003,1,2026-09-15T23:10:00-05:00,30.27338,-97.751108,0.0
p_003,1,2026-09-15T23:20:00-05:00,30.273413,-97.751059,0.0
p_003,1,2026-09-15T23:30:00-05:00,30.273474,-97.751141,0.0
p_003,1,2026-09-15T23:40:00-05:00,30.273404,-97.751091,0.0
p_003,1,2026-09-15T23:50:00-05:00,30.273366,-97.751163,0.0
p_003,1,2026-09-16T00:00:00-05:00,30.273359,-97.75106,0.0
p_003,1,2026-09-16T00:10:00-05:00,30.273406,-97.751158,0.0
p_003,1,2026-09-16T00:20:00-05:00,30.273358,-97.751218,0.0
p_003,1,2026-09-16T00:30:00-05:00,30.273339,-97.751159,0.0
p_003,1,2026-09-16T00:40:00-05:00,30.27345,-97.751105,0.0
p_003,1,2026-09-16T00:50:00-05:00,30.273449,-97.751098,0.0
p_003,1,2026-09-16T01:00:00-05:00,30.273414,-97.751086,0.0
p_003,1,2026-09-16T01:10:00-05:00,30.273326,-97.751061,0.0
p_003,1,2026-09-16T01:20:00-05:00,30.273443,-97.751118,0.0
p_003,1,2026-09-16T01:30:00-05:00,30.273414,-97.751157,0.0
p_003,1,2026-09-16T01:40:00-05:00,30.273427,-97.751188,0.0
p_003,1,2026-09-16T01:50:00-05:00,30.273341,-97.751159,0.0
p_003,1,2026-09-16T02:00:00-05:00,30.273365,-97.751146,0.0
p_003,1,2026-09-16T02:10:00-05:00,30.27344,-97.751034,0.0
p_003,1,2026-09-16T02:20:00-05:00,30.273467,-97.751124,0.0
p_003,1,2026-09-16T02:30:00-05:00,30.273438,-97.751175,0.0
p_003,1,2026-09-16T02:40:00-05:00,30.273451,-97.751217,0.0
p_003,1,2026-09-16T02:50:00-05:00,30.273408,-97.75108,0.0
p_003,2,2026-09-16T00:00:00-05:00,30.273374,-97.751157,0.0
p_003,2,2026-09-16T00:10:00-05:00,30.273369,-97.75118,0.0
p_003,2,2026-09-16T00:20:00-05:00,30.273393,-97.751111,0.0
p_003,2,2026-09-16T00:30:00-05:00,30.273385,-97.751102,0.0
p_003,2,2026-09-16T00:40:00-05:00,30.273409,-97.751163,0.0
p_003,2,2026-09-16T00:50:00-05:00,30.273432,-97.7511,0.0
p_003,2,2026-09-16T01:00:00-05:00,30.273374,-97.751171,0.0
p_003,2,2026-09-16T01:10:00-05:00,30.273383,-97.751095,0.0
p_003,2,2026-09-16T01:20:00-05:00,30.273359,-97.75111,0.0
p_003,2,2026-09-16T01:30:00-05:00,30.273324,-97.751161,0.0
p_003,2,2026-09-16T01:40:00-05:00,30.273404,-97.751129,0.0
p_003,2,2026-09-16T01:50:00-05:00,30.273343,-97.75109,0.0
p_003,2,2026-09-16T02:00:00-05:00,30.273415,-97.751175,0.0
p_003,2,2026-09-16T02:10:00-05:00,30.273316,-97.751122,0.0
p_003,2,2026-09-16T02:20:00-05:00,30.273354,-97.751171,0.0
p_003,2,2026-09-16T02:30:00-05:00,30.273392,-97.751113,0.0
p_003,2,2026-09-16T02:40:00-05:00,30.27343,-97.751111,0.0
p_003,2,2026-09-16T02:50:00-05:00,30.273334,-97.751057,0.0
p_003,2,2026-09-16T03:00:00-05:00,30.273337,-97.751105,0.0
p_003,2,2026-09-16T03:10:00-05:00,30.273393,-97.751153,0.0
p_003,2,2026-09-16T03:20:00-05:00,30.273375,-97.751196,0.0
p_003,2,2026-09-16T03:30:00-05:00,30.273404,-97.751126,0.0
p_003,2,2026-09-16T03:40:00-05:00,30.273395,-97.751092,0.0
p_003,2,2026-09-16T03:50:00-05:00,30.273368,-97.751145,0.0
p_003,2,2026-09-16T04:00:00-05:00,30.273422,-97.751121,0.0
p_003,2,2026-09-16T04:10:00-05:00,30.273372,-97.751069,0.0
p_003,2,2026-09-16T04:20:00-05:00,30.273407,-97.75119,0.0
p_003,2,2026-09-16T04:30:00-05:00,30.273358,-97.751162,0.0
p_003,2,2026-09-16T04:40:00-05:00,30.273404,-97.751093,0.0
p_003,2,2026-09-16T04:50:00-05:00,30.273419,-97.75113,0.0
p_003,2,2026-09-16T05:00:00-05:00,30.273406,-97.751108,0.0
p_003,2,2026-09-16T05:10:00-05:00,30.2734,-97.751169,0.0
p_003,2,2026-09-16T05:20:00-05:00,30.273346,-97.751162,0.0
p_003,2,2026-09-16T05:30:00-05:00,30.273411,-97.751147,0.0
p_003,2,2026-09-16T05:40:00-05:00,30.273328,-97.751174,0.0
p_003,2,2026-09-16T05:50:00-05:00,30.273427,-97.751017,0.0
p_003,2,2026-09-16T06:00:00-05:00,30.273387,-97.751136,0.0
p_003,2,2026-09-16T06:10:00-05:00,30.273396,-97.75111,0.0
p_003,2,2026-09-16T06:20:00-05:00,30.273451,-97.75108,0.0
p_003,2,2026-09-16T06:30:00-05:00,30.2734,-97.751102,0.0
p_003,2,2026-09-16T06:40:00-05:00,30.273402,-97.751202,0.0
p_003,2,2026-09-16T06:50:00-05:00,30.273394,-97.751134,0.0
p_003,2,2026-09-16T07:00:00-05:00,30.273355,-97.751162,0.0
p_003,2,2026-09-16T07:10:00-05:00,30.273406,-97.751152,0.0
p_003,2,2026-09-16T07:20:00-05:00,30.273383,-97.751082,0.0
p_003,2,2026-09-16T07:30:00-05:00,30.2734,-97.751105,0.0
p_003,2,2026-09-16T07:40:00-05:00,30.273425,-97.751025,0.0
p_003,2,2026-09-16T07:50:00-05:00,30.273333,-97.751114,0.0
p_003,2,2026-09-16T08:00:00-05:00,30.273356,-97.751161,0.0
p_003,2,2026-09-16T08:10:00-05:00,30.273393,-97.751199,0.0
p_003,2,2026-09-16T08:20:00-05:00,30.273409,-97.751122,0.0
p_003,2,2026-09-16T08:30:00-05:00,30.273368,-97.751048,0.0
p_003,2,2026-09-16T08:40:00-05:00,30.273411,-97.751136,0.0
p_003,2,2026-09-16T08:50:00-05:00,30.273321,-97.751097,0.0
p_003,2,2026-09-16T09:00:00-05:00,30.273394,-97.751054,0.0
p_003,2,2026-09-16T09:10:00-05:00,30.273462,-97.751136,0.0
p_003,2,2026-09-16T09:20:00-05:00,30.27166,-97.755189,0.0
p_003,2,2026-09-16T09:30:00-05:00,30.27156,-97.755208,0.0
p_003,2,2026-09-16T09:40:00-05:00,30.271539,-97.755192,0.0
p_003,2,2026-09-16T09:50:00-05:00,30.271651,-97.755216,0.0
p_003,2,2026-09-16T10:00:00-05:00,30.271519,-97.755298,0.0
p_003,2,2026-09-16T10:10:00-05:00,30.271603,-97.755251,0.0
p_003,2,2026-09-16T10:20:00-05:00,30.271614,-97.755281,0.0
p_003,2,2026-09-16T10:30:00-05:00,30.271643,-97.755287,0.0
p_003,2,2026-09-16T10:40:00-05:00,30.273585,-97.741743,4.6
p_003,2,2026-09-16T10:50:00-05:00,30.274926,-97.736268,0.0
p_003,2,2026-09-16T11:00:00-05:00,30.274951,-97.736235,0.0
p_003,2,2026-09-16T11:10:00-05:00,30.275034,-97.736264,0.0
p_003,2,2026-09-16T11:20:00-05:00,30.274969,-97.736186,0.0
p_003,2,2026-09-16T11:30:00-05:00,30.274895,-97.736289,0.0
p_003,2,2026-09-16T11:40:00-05:00,30.274998,-97.736254,0.0
p_003,2,2026-09-16T11:50:00-05:00,30.275013,-97.736265,0.0
p_003,2,2026-09-16T12:00:00-05:00,30.260899,-97.737785,6.05
p_003,2,2026-09-16T12:10:00-05:00,30.254458,-97.738722,0.0
p_003,2,2026-09-16T12:20:00-05:00,30.25445,-97.738617,0.0
p_003,2,2026-09-16T12:30:00-05:00,30.254452,-97.738704,0.0
p_003,2,2026-09-16T12:40:00-05:00,30.254458,-97.738666,0.0
p_003,2,2026-09-16T12:50:00-05:00,30.254456,-97.738593,0.0
p_003,2,2026-09-16T13:00:00-05:00,30.254398,-97.738655,0.0
p_003,2,2026-09-16T13:10:00-05:00,30.254504,-97.738618,0.0
p_003,2,2026-09-16T13:20:00-05:00,30.254433,-97.738681,0.0
p_003,2,2026-09-16T13:30:00-05:00,30.254416,-97.738667,0.0
p_003,2,2026-09-16T13:40:00-05:00,30.25443,-97.73869,0.0
p_003,2,2026-09-16T13:50:00-05:00,30.254386,-97.738716,0.0
p_003,2,2026-09-16T14:00:00-05:00,30.254403,-97.738619,0.0
p_003,2,2026-09-16T14:10:00-05:00,30.25445,-97.73866,0.0
p_003,2,2026-09-16T14:20:00-05:00,30.261746,-97.737529,0.0
p_003,2,2026-09-16T14:30:00-05:00,30.261743,-97.737494,0.0
p_003,2,2026-09-16T14:40:00-05:00,30.261798,-97.737478,0.0
p_003,2,2026-09-16T14:50:00-05:00,30.261762,-97.737493,0.0
p_003,2,2026-09-16T15:00:00-05:00,30.261715,-97.737506,0.0
p_003,2,2026-09-16T15:10:00-05:00,30.261746,-97.737523,0.0
p_003,2,2026-09-16T15:20:00-05:00,30.261812,-97.737572,0.0
p_003,2,2026-09-16T15:30:00-05:00,30.261786,-97.737559,0.0
p_003,2,2026-09-16T15:40:00-05:00,30.258136,-97.729381,0.0
p_003,2,2026-09-16T15:50:00-05:00,30.25822,-97.729294,0.0
p_003,2,2026-09-16T16:00:00-05:00,30.258068,-97.729329,0.0
p_003,2,2026-09-16T16:10:00-05:00,30.2581,-97.729363,0.0
p_003,2,2026-09-16T16:20:00-05:00,30.258105,-97.729394,0.0
p_003,2,2026-09-16T16:30:00-05:00,30.258195,-97.729333,0.0
p_003,2,2026-09-16T16:40:00-05:00,30.258163,-97.729396,0.0
p_003,2,2026-09-16T16:50:00-05:00,30.258109,-97.729365,0.0
p_003,2,2026-09-16T17:00:00-05:00,30.258191,-97.729316,0.0
p_003,2,2026-09-16T17:10:00-05:00,30.258128,-97.72937,0.0
p_003,2,2026-09-16T17:20:00-05:00,30.258091,-97.729418,0.0
p_003,2,2026-09-16T17:30:00-05:00,30.258219,-97.729391,0.0
p_003,2,2026-09-16T17:40:00-05:00,30.258149,-97.72937,0.0
p_003,2,2026-09-16T17:50:00-05:00,30.258139,-97.729318,0.0
p_003,2,2026-09-16T18:00:00-05:00,30.258124,-97.729418,0.0
p_003,2,2026-09-16T18:10:00-05:00,30.258077,-97.7293,0.0
p_003,2,2026-09-16T18:20:00-05:00,30.258142,-97.729321,0.0
p_003,2,2026-09-16T18:30:00-05:00,30.258181,-97.72938,0.0
p_003,2,2026-09-16T18:40:00-05:00,30.258146,-97.729379,0.0
p_003,2,2026-09-16T18:50:00-05:00,30.258133,-97.729331,0.0
p_003,2,2026-09-16T19:00:00-05:00,30.258113,-97.729376,0.0
p_003,2,2026-09-16T19:10:00-05:00,30.258122,-97.729334,0.0
p_003,2,2026-09-16T19:20:00-05:00,30.259386,-97.733786,0.0
p_003,2,2026-09-16T19:30:00-05:00,30.259307,-97.73389,0.0
p_003,2,2026-09-16T19:40:00-05:00,30.259312,-97.7338,0.0
p_003,2,2026-09-16T19:50:00-05:00,30.259421,-97.733766,0.0
p_003,2,2026-09-16T20:00:00-05:00,30.259357,-97.733821,0.0
p_003,2,2026-09-16T20:10:00-05:00,30.259256,-97.733822,0.0
p_003,2,2026-09-16T20:20:00-05:00,30.259475,-97.733759,0.0
p_003,2,2026-09-16T20:30:00-05:00,30.259346,-97.733894,0.0
p_003,2,2026-09-16T20:40:00-05:00,30.259371,-97.733852,0.0
p_003,2,2026-09-16T20:50:00-05:00,30.259447,-97.73389,0.0
p_003,2,2026-09-16T21:00:00-05:00,30.25939,-97.73381,0.0
p_003,2,2026-09-16T21:10:00-05:00,30.259343,-97.733896,0.0
p_003,2,2026-09-16T21:20:00-05:00,30.259383,-97.733857,0.0
p_003,2,2026-09-16T21:30:00-05:00,30.259352,-97.733794,0.0
p_003,2,2026-09-16T21:40:00-05:00,30.273386,-97.751061,0.0
p_003,2,2026-09-16T21:50:00-05:00,30.273377,-97.751035,0.0
p_003,2,2026-09-16T22:00:00-05:00,30.273437,-97.751217,0.0
p_003,2,2026-09-16T22:10:00-05:00,30.273399,-97.751086,0.0
p_003,2,2026-09-16T22:20:00-05:00,30.273351,-97.75119,0.0
p_003,2,2026-09-16T22:30:00-05:00,30.273389,-97.751098,0.0
p_003,2,2026-09-16T22:40:00-05:00,30.273369,-97.751063,0.0
p_003,2,2026-09-16T22:50:00-05:00,30.273418,-97.751086,0.0
p_003,2,2026-09-16T23:00:00-05:00,30.2734,-97.751227,0.0
p_003,2,2026-09-16T23:10:00-05:00,30.273353,-97.751164,0.0
p_003,2,2026-09-16T23:20:00-05:00,30.273357,-97.751102,0.0
p_003,2,2026-09-16T23:30:00-05:00,30.273441,-97.751073,0.0
p_003,2,2026-09-16T23:40:00-05:00,30.273435,-97.751094,0.0
p_003,2,2026-09-16T23:50:00-05:00,30.273293,-97.751064,0.0
p_003,2,2026-09-17T00:00:00-05:00,30.273348,-97.751144,0.0
p_003,2,2026-09-17T00:10:00-05:00,30.273293,-97.751045,0.0
p_003,2,2026-09-17T00:20:00-05:00,30.273389,-97.751139,0.0
p_003,2,2026-09-17T00:30:00-05:00,30.273415,-97.751137,0.0
p_003,2,2026-09-17T00:40:00-05:00,30.273368,-97.751091,0.0
p_003,2,2026-09-17T00:50:00-05:00,30.273412,-97.7511,0.0
p_003,2,2026-09-17T01:00:00-05:00,30.273394,-97.75108,0.0
p_003,2,2026-09-17T01:10:00-05:00,30.273426,-97.751124,0.0
p_003,2,2026-09-17T01:20:00-05:00,30.273395,-97.751141,0.0
p_003,2,2026-09-17T01:30:00-05:00,30.273429,-97.751111,0.0
p_003,2,2026-09-17T01:40:00-05:00,30.273418,-97.751155,0.0
p_003,2,2026-09-17T01:50:00-05:00,30.273418,-97.75109,0.0
p_003,2,2026-09-17T02:00:00-05:00,30.273378,-97.751055,0.0
p_003,2,2026-09-17T02:10:00-05:00,30.273387,-97.751136,0.0
p_003,2,2026-09-17T02:20:00-05:00,30.273344,-97.75105,0.0
p_003,2,2026-09-17T02:30:00-05:00,30.273427,-97.751066,0.0
p_003,2,2026-09-17T02:40:00-05:00,30.273319,-97.751104,0.0
p_003,2,2026-09-17T02:50:00-05:00,30.27338,-97.751149,0.0
p_003,3,2026-09-17T00:00:00-05:00,30.27344,-97.751148,0.0
p_003,3,2026-09-17T00:10:00-05:00,30.273374,-97.751135,0.0
p_003,3,2026-09-17T00:20:00-05:00,30.273368,-97.751171,0.0
p_003,3,2026-09-17T00:30:00-05:00,30.273373,-97.751146,0.0
p_003,3,2026-09-17T00:40:00-05:00,30.273386,-97.751121,0.0
p_003,3,2026-09-17T00:50:00-05:00,30.273408,-97.75113,0.0
p_003,3,2026-09-17T01:00:00-05:00,30.273384,-97.751094,0.0
p_003,3,2026-09-17T01:10:00-05:00,30.273407,-97.751115,0.0
p_003,3,2026-09-17T01:20:00-05:00,30.273395,-97.751095,0.0
p_003,3,2026-09-17T01:30:00-05:00,30.273409,-97.751132,0.0
p_003,3,2026-09-17T01:40:00-05:00,30.27338,-97.751125,0.0
p_003,3,2026-09-17T01:50:00-05:00,30.273389,-97.751081,0.0
p_003,3,2026-09-17T02:00:00-05:00,30.273366,-97.751156,0.0
p_003,3,2026-09-17T02:10:00-05:00,30.27333,-97.751127,0.0
p_003,3,2026-09-17T02:20:00-05:00,30.273426,-97.751177,0.0
p_003,3,2026-09-17T02:30:00-05:00,30.273426,-97.751112,0.0
p_003,3,2026-09-17T02:40:00-05:00,30.2734,-97.751095,0.0
p_003,3,2026-09-17T02:50:00-05:00,30.273395,-97.751087,0.0
p_003,3,2026-09-17T03:00:00-05:00,30.273389,-97.751054,0.0
p_003,3,2026-09-17T03:10:00-05:00,30.273366,-97.751084,0.0
p_003,3,2026-09-17T03:20:00-05:00,30.273373,-97.75116,0.0
p_003,3,2026-09-17T03:30:00-05:00,30.273412,-97.751066,0.0
p_003,3,2026-09-17T03:40:00-05:00,30.273459,-97.751076,0.0
p_003,3,2026-09-17T03:50:00-05:00,30.273375,-97.751111,0.0
p_003,3,2026-09-17T04:00:00-05:00,30.273347,-97.751087,0.0
p_003,3,2026-09-17T04:10:00-05:00,30.273437,-97.7511,0.0
p_003,3,2026-09-17T04:20:00-05:00,30.273393,-97.751168,0.0
p_003,3,2026-09-17T04:30:00-05:00,30.273415,-97.751076,0.0
p_003,3,2026-09-17T04:40:00-05:00,30.273317,-97.751076,0.0
p_003,3,2026-09-17T04:50:00-05:00,30.27339,-97.751135,0.0
p_003,3,2026-09-17T05:00:00-05:00,30.273314,-97.751107,0.0
p_003,3,2026-09-17T05:10:00-05:00,30.273339,-97.751204,0.0
p_003,3,2026-09-17T05:20:00-05:00,30.273407,-97.751168,0.0
p_003,3,2026-09-17T05:30:00-05:00,30.273427,-97.75114,0.0
p_003,3,2026-09-17T05:40:00-05:00,30.273446,-97.751125,0.0
p_003,3,2026-09-17T05:50:00-05:00,30.273386,-97.751078,0.0
p_003,3,2026-09-17T06:00:00-05:00,30.273364,-97.751177,0.0
p_003,3,2026-09-17T06:10:00-05:00,30.273415,-97.751095,0.0
p_003,3,2026-09-17T06:20:00-05:00,30.273411,-97.751114,0.0
p_003,3,2026-09-17T06:30:00-05:00,30.273396,-97.751072,0.0
p_003,3,2026-09-17T06:40:00-05:00,30.273399,-97.751163,0.0
p_003,3,2026-09-17T06:50:00-05:00,30.273392,-97.75112,0.0
p_003,3,2026-09-17T07:00:00-05:00,30.273359,-97.75109,0.0
p_003,3,2026-09-17T07:10:00-05:00,30.273396,-97.751105,0.0
p_003,3,2026-09-17T07:20:00-05:00,30.273329,-97.751156,0.0
p_003,3,2026-09-17T07:30:00-05:00,30.273401,-97.751135,0.0
p_003,3,2026-09-17T07:40:00-05:00,30.273373,-97.751093,0.0
p_003,3,2026-09-17T07:50:00-05:00,30.273421,-97.751102,0.0
p_003,3,2026-09-17T08:00:00-05:00,30.27344,-97.751053,0.0
p_003,3,2026-09-17T08:10:00-05:00,30.273445,-97.751169,0.0
p_003,3,2026-09-17T08:20:00-05:00,30.273413,-97.751104,0.0
p_003,3,2026-09-17T08:30:00-05:00,30.273472,-97.751143,0.0
p_003,3,2026-09-17T08:40:00-05:00,30.273417,-97.751113,0.0
p_003,3,2026-09-17T08:50:00-05:00,30.273385,-97.751145,0.0
p_003,3,2026-09-17T09:00:00-05:00,30.273442,-97.751182,0.0
p_003,3,2026-09-17T09:10:00-05:00,30.273458,-97.751155,0.0
p_003,3,2026-09-17T09:20:00-05:00,30.273406,-97.751179,0.0
p_003,3,2026-09-17T09:30:00-05:00,30.280479,-97.749405,0.0
p_003,3,2026-09-17T09:40:00-05:00,30.280555,-97.749491,0.0
p_003,3,2026-09-17T09:50:00-05:00,30.280528,-97.749428,0.0
p_003,3,2026-09-17T10:00:00-05:00,30.280554,-97.749467,0.0
p_003,3,2026-09-17T10:10:00-05:00,30.280534,-97.749423,0.0
p_003,3,2026-09-17T10:20:00-05:00,30.280466,-97.749479,0.0
p_003,3,2026-09-17T10:30:00-05:00,30.280547,-97.749487,0.0
p_003,3,2026-09-17T10:40:00-05:00,30.280566,-97.749461,0.0
p_003,3,2026-09-17T10:50:00-05:00,30.280546,-97.749475,0.0
p_003,3,2026-09-17T11:00:00-05:00,30.280509,-97.749435,0.0
p_003,3,2026-09-17T11:10:00-05:00,30.280562,-97.749438,0.0
p_003,3,2026-09-17T11:20:00-05:00,30.280494,-97.749429,0.0
p_003,3,2026-09-17T11:30:00-05:00,30.280582,-97.749462,0.0
p_003,3,2026-09-17T11:40:00-05:00,30.280605,-97.749503,0.0
p_003,3,2026-09-17T11:50:00-05:00,30.280558,-97.74947,0.0
p_003,3,2026-09-17T12:00:00-05:00,30.255291,-97.743953,0.0
p_003,3,2026-09-17T12:10:00-05:00,30.255314,-97.743974,0.0
p_003,3,2026-09-17T12:20:00-05:00,30.255225,-97.744048,0.0
p_003,3,2026-09-17T12:30:00-05:00,30.255302,-97.743961,0.0
p_003,3,2026-09-17T12:40:00-05:00,30.255367,-97.744014,0.0
p_003,3,2026-09-17T12:50:00-05:00,30.25528,-97.744025,0.0
p_003,3,2026-09-17T13:00:00-05:00,30.255335,-97.743955,0.0
p_003,3,2026-09-17T13:10:00-05:00,30.255291,-97.744061,0.0
p_003,3,2026-09-17T13:20:00-05:00,30.255311,-97.744014,0.0
p_003,3,2026-09-17T13:30:00-05:00,30.255291,-97.744038,0.0
p_003,3,2026-09-17T13:40:00-05:00,30.25526,-97.744007,0.0
p_003,3,2026-09-17T13:50:00-05:00,30.255306,-97.744074,0.0
p_003,3,2026-09-17T14:00:00-05:00,30.255243,-97.744027,0.0
p_003,3,2026-09-17T14:10:00-05:00,30.255263,-97.743991,0.0
p_003,3,2026-09-17T14:20:00-05:00,30.255345,-97.744007,0.0
p_003,3,2026-09-17T14:30:00-05:00,30.255734,-97.743899,0.0
p_003,3,2026-09-17T14:40:00-05:00,30.255753,-97.743922,0.0
p_003,3,2026-09-17T14:50:00-05:00,30.255682,-97.743879,0.0
p_003,3,2026-09-17T15:00:00-05:00,30.255767,-97.743841,0.0
p_003,3,2026-09-17T15:10:00-05:00,30.255687,-97.74387,0.0
p_003,3,2026-09-17T15:20:00-05:00,30.255689,-97.743794,0.0
p_003,3,2026-09-17T15:30:00-05:00,30.255683,-97.743912,0.0
p_003,3,2026-09-17T15:40:00-05:00,30.255711,-97.743844,0.0
p_003,3,2026-09-17T15:50:00-05:00,30.255725,-97.743879,0.0
p_003,3,2026-09-17T16:00:00-05:00,30.255715,-97.74392,0.0
p_003,3,2026-09-17T16:10:00-05:00,30.255717,-97.7439,0.0
p_003,3,2026-09-17T16:20:00-05:00,30.255642,-97.743918,0.0
p_003,3,2026-09-17T16:30:00-05:00,30.255682,-97.743857,0.0
p_003,3,2026-09-17T16:40:00-05:00,30.259194,-97.750099,0.0
p_003,3,2026-09-17T16:50:00-05:00,30.2591,-97.750242,0.0
p_003,3,2026-09-17T17:00:00-05:00,30.259149,-97.750167,0.0
p_003,3,2026-09-17T17:10:00-05:00,30.25922,-97.750189,0.0
p_003,3,2026-09-17T17:20:00-05:00,30.259155,-97.75023,0.0
p_003,3,2026-09-17T17:30:00-05:00,30.259126,-97.750185,0.0
p_003,3,2026-09-17T17:40:00-05:00,30.259149,-97.750181,0.0
p_003,3,2026-09-17T17:50:00-05:00,30.259158,-97.750132,0.0
p_003,3,2026-09-17T18:00:00-05:00,30.259135,-97.750178,0.0
p_003,3,2026-09-17T18:10:00-05:00,30.259215,-97.750168,0.0
p_003,3,2026-09-17T18:20:00-05:00,30.259185,-97.750174,0.0
p_003,3,2026-09-17T18:30:00-05:00,30.259228,-97.750144,0.0
p_003,3,2026-09-17T18:40:00-05:00,30.259118,-97.750175,0.0
p_003,3,2026-09-17T18:50:00-05:00,30.259184,-97.750161,0.0
p_003,3,2026-09-17T19:00:00-05:00,30.259181,-97.750151,0.0
p_003,3,2026-09-17T19:10:00-05:00,30.259155,-97.750155,0.0
p_003,3,2026-09-17T19:20:00-05:00,30.259848,-97.751655,1.45
p_003,3,2026-09-17T19:30:00-05:00,30.260976,-97.755697,0.0
p_003,3,2026-09-17T19:40:00-05:00,30.26089,-97.755732,0.0
p_003,3,2026-09-17T19:50:00-05:00,30.260937,-97.755794,0.0
p_003,3,2026-09-17T20:00:00-05:00,30.261028,-97.755778,0.0
p_003,3,2026-09-17T20:10:00-05:00,30.261017,-97.755667,0.0
p_003,3,2026-09-17T20:20:00-05:00,30.260913,-97.755642,0.0
p_003,3,2026-09-17T20:30:00-05:00,30.260962,-97.755674,0.0
p_003,3,2026-09-17T20:40:00-05:00,30.260895,-97.755709,0.0
p_003,3,2026-09-17T20:50:00-05:00,30.260947,-97.75581,0.0
p_003,3,2026-09-17T21:00:00-05:00,30.26095,-97.755727,0.0
p_003,3,2026-09-17T21:10:00-05:00,30.260931,-97.75568,0.0
p_003,3,2026-09-17T21:20:00-05:00,30.260951,-97.755699,0.0
p_003,3,2026-09-17T21:30:00-05:00,30.271361,-97.752046,4.0
p_003,3,2026-09-17T21:40:00-05:00,30.273401,-97.751144,0.0
p_003,3,2026-09-17T21:50:00-05:00,30.273386,-97.751217,0.0
p_003,3,2026-09-17T22:00:00-05:00,30.273319,-97.751099,0.0
p_003,3,2026-09-17T22:10:00-05:00,30.273391,-97.751107,0.0
p_003,3,2026-09-17T22:20:00-05:00,30.273299,-97.751175,0.0
p_003,3,2026-09-17T22:30:00-05:00,30.273329,-97.751091,0.0
p_003,3,2026-09-17T22:40:00-05:00,30.273304,-97.7511,0.0
p_003,3,2026-09-17T22:50:00-05:00,30.273341,-97.75114,0.0
p_003,3,2026-09-17T23:00:00-05:00,30.2734,-97.751084,0.0
p_003,3,2026-09-17T23:10:00-05:00,30.27335,-97.751167,0.0
p_003,3,2026-09-17T23:20:00-05:00,30.273379,-97.751093,0.0
p_003,3,2026-09-17T23:30:00-05:00,30.273446,-97.751164,0.0
p_003,3,2026-09-17T23:40:00-05:00,30.273267,-97.751119,0.0
p_003,3,2026-09-17T23:50:00-05:00,30.273385,-97.751055,0.0
p_003,3,2026-09-18T00:00:00-05:00,30.273439,-97.751123,0.0
p_003,3,2026-09-18T00:10:00-05:00,30.273429,-97.751116,0.0
p_003,3,2026-09-18T00:20:00-05:00,30.273335,-97.751223,0.0
p_003,3,2026-09-18T00:30:00-05:00,30.273378,-97.751088,0.0
p_003,3,2026-09-18T00:40:00-05:00,30.273339,-97.751091,0.0
p_003,3,2026-09-18T00:50:00-05:00,30.273347,-97.751071,0.0
p_003,3,2026-09-18T01:00:00-05:00,30.273384,-97.751056,0.0
p_003,3,2026-09-18T01:10:00-05:00,30.273368,-97.751068,0.0
p_003,3,2026-09-18T01:20:00-05:00,30.273437,-97.751146,0.0
p_003,3,2026-09-18T01:30:00-05:00,30.273378,-97.751038,0.0
p_003,3,2026-09-18T01:40:00-05:00,30.27342,-97.751148,0.0
p_003,3,2026-09-18T01:50:00-05:00,30.273525,-97.751149,0.0
p_003,3,2026-09-18T02:00:00-05:00,30.273363,-97.751079,0.0
p_003,3,2026-09-18T02:10:00-05:00,30.273335,-97.751141,0.0
p_003,3,2026-09-18T02:20:00-05:00,30.273391,-97.751159,0.0
p_003,3,2026-09-18T02:30:00-05:00,30.27343,-97.75119,0.0
p_003,3,2026-09-18T02:40:00-05:00,30.273448,-97.751141,0.0
p_003,3,2026-09-18T02:50:00-05:00,30.273357,-97.751143,0.0
p_003,4,2026-09-18T00:00:00-05:00,30.273429,-97.751133,0.0
p_003,4,2026-09-18T00:10:00-05:00,30.273367,-97.751197,0.0
p_003,4,2026-09-18T00:20:00-05:00,30.273422,-97.751153,0.0
p_003,4,2026-09-18T00:30:00-05:00,30.273388,-97.75114,0.0
p_003,4,2026-09-18T00:40:00-05:00,30.273392,-97.751094,0.0
p_003,4,2026-09-18T00:50:00-05:00,30.273395,-97.751096,0.0
p_003,4,2026-09-18T01:00:00-05:00,30.273377,-97.751088,0.0
p_003,4,2026-09-18T01:10:00-05:00,30.273423,-97.751194,0.0
p_003,4,2026-09-18T01:20:00-05:00,30.273404,-97.75107,0.0
p_003,4,2026-09-18T01:30:00-05:00,30.273429,-97.751086,0.0
p_003,4,2026-09-18T01:40:00-05:00,30.273415,-97.751123,0.0
p_003,4,2026-09-18T01:50:00-05:00,30.273389,-97.751057,0.0
p_003,4,2026-09-18T02:00:00-05:00,30.273346,-97.751123,0.0
p_003,4,2026-09-18T02:10:00-05:00,30.273364,-97.751041,0.0
p_003,4,2026-09-18T02:20:00-05:00,30.273392,-97.751113,0.0
p_003,4,2026-09-18T02:30:00-05:00,30.273416,-97.751146,0.0
p_003,4,2026-09-18T02:40:00-05:00,30.273404,-97.75118,0.0
p_003,4,2026-09-18T02:50:00-05:00,30.273456,-97.751186,0.0
p_003,4,2026-09-18T03:00:00-05:00,30.27335,-97.751131,0.0
p_003,4,2026-09-18T03:10:00-05:00,30.273413,-97.751153,0.0
p_003,4,2026-09-18T03:20:00-05:00,30.273386,-97.751157,0.0
p_003,4,2026-09-18T03:30:00-05:00,30.273331,-97.751113,0.0
p_003,4,2026-09-18T03:40:00-05:00,30.273428,-97.75107,0.0
p_003,4,2026-09-18T03:50:00-05:00,30.273327,-97.751114,0.0
p_003,4,2026-09-18T04:00:00-05:00,30.273385,-97.751063,0.0
p_003,4,2026-09-18T04:10:00-05:00,30.273349,-97.751128,0.0
p_003,4,2026-09-18T04:20:00-05:00,30.27338,-97.751146,0.0
p_003,4,2026-09-18T04:30:00-05:00,30.273357,-97.751054,0.0
p_003,4,2026-09-18T04:40:00-05:00,30.273339,-97.751054,0.0
p_003,4,2026-09-18T04:50:00-05:00,30.273398,-97.751169,0.0
p_003,4,2026-09-18T05:00:00-05:00,30.273409,-97.751147,0.0
p_003,4,2026-09-18T05:10:00-05:00,30.273361,-97.751161,0.0
p_003,4,2026-09-18T05:20:00-05:00,30.273461,-97.751174,0.0
p_003,4,2026-09-18T05:30:00-05:00,30.273387,-97.751166,0.0
p_003,4,2026-09-18T05:40:00-05:00,30.273443,-97.751121,0.0
p_003,4,2026-09-18T05:50:00-05:00,30.273303,-97.751104,0.0
p_003,4,2026-09-18T06:00:00-05:00,30.273408,-97.751075,0.0
p_003,4,2026-09-18T06:10:00-05:00,30.273362,-97.751105,0.0
p_003,4,2026-09-18T06:20:00-05:00,30.27341,-97.751138,0.0
p_003,4,2026-09-18T06:30:00-05:00,30.273451,-97.751194,0.0
p_003,4,2026-09-18T06:40:00-05:00,30.273438,-97.751075,0.0
p_003,4,2026-09-18T06:50:00-05:00,30.273403,-97.75116,0.0
p_003,4,2026-09-18T07:00:00-05:00,30.273409,-97.751092,0.0
p_003,4,2026-09-18T07:10:00-05:00,30.273409,-97.751149,0.0
p_003,4,2026-09-18T07:20:00-05:00,30.273393,-97.751081,0.0
p_003,4,2026-09-18T07:30:00-05:00,30.273435,-97.751166,0.0
p_003,4,2026-09-18T07:40:00-05:00,30.273387,-97.751109,0.0
p_003,4,2026-09-18T07:50:00-05:00,30.273311,-97.751107,0.0
p_003,4,2026-09-18T08:00:00-05:00,30.273379,-97.751133,0.0
p_003,4,2026-09-18T08:10:00-05:00,30.273345,-97.751163,0.0
p_003,4,2026-09-18T08:20:00-05:00,30.273392,-97.75112,0.0
p_003,4,2026-09-18T08:30:00-05:00,30.273381,-97.75114,0.0
p_003,4,2026-09-18T08:40:00-05:00,30.273391,-97.751192,0.0
p_003,4,2026-09-18T08:50:00-05:00,30.273446,-97.751073,0.0
p_003,4,2026-09-18T09:00:00-05:00,30.273399,-97.751116,0.0
p_003,4,2026-09-18T09:10:00-05:00,30.273443,-97.751142,0.0
p_003,4,2026-09-18T09:20:00-05:00,30.273425,-97.75112,0.0
p_003,4,2026-09-18T09:30:00-05:00,30.273376,-97.751114,0.0
p_003,4,2026-09-18T09:40:00-05:00,30.280574,-97.749447,0.0
p_003,4,2026-09-18T09:50:00-05:00,30.280553,-97.749388,0.0
p_003,4,2026-09-18T10:00:00-05:00,30.280579,-97.749489,0.0
p_003,4,2026-09-18T10:10:00-05:00,30.280637,-97.749454,0.0
p_003,4,2026-09-18T10:20:00-05:00,30.281005,-97.748086,1.24
p_003,4,2026-09-18T10:30:00-05:00,30.28161,-97.745495,0.0
p_003,4,2026-09-18T10:40:00-05:00,30.281606,-97.745433,0.0
p_003,4,2026-09-18T10:50:00-05:00,30.281632,-97.745473,0.0
p_003,4,2026-09-18T11:00:00-05:00,30.281625,-97.745451,0.0
p_003,4,2026-09-18T11:10:00-05:00,30.281701,-97.745501,0.0
p_003,4,2026-09-18T11:20:00-05:00,30.281649,-97.745493,0.0
p_003,4,2026-09-18T11:30:00-05:00,30.281578,-97.745481,0.0
p_003,4,2026-09-18T11:40:00-05:00,30.281718,-97.745507,0.0
p_003,4,2026-09-18T11:50:00-05:00,30.280862,-97.738349,0.0
p_003,4,2026-09-18T12:00:00-05:00,30.280821,-97.738323,0.0
p_003,4,2026-09-18T12:10:00-05:00,30.280886,-97.738333,0.0
p_003,4,2026-09-18T12:20:00-05:00,30.280762,-97.73831,0.0
p_003,4,2026-09-18T12:30:00-05:00,30.280901,-97.738268,0.0
p_003,4,2026-09-18T12:40:00-05:00,30.28081,-97.738281,0.0
p_003,4,2026-09-18T12:50:00-05:00,30.280752,-97.738389,0.0
p_003,4,2026-09-18T13:00:00-05:00,30.280786,-97.738289,0.0
p_003,4,2026-09-18T13:10:00-05:00,30.2808,-97.738312,0.0
p_003,4,2026-09-18T13:20:00-05:00,30.280851,-97.738277,0.0
p_003,4,2026-09-18T13:30:00-05:00,30.278157,-97.740708,0.0
p_003,4,2026-09-18T13:40:00-05:00,30.278178,-97.740845,0.0
p_003,4,2026-09-18T13:50:00-05:00,30.278127,-97.740843,0.0
p_003,4,2026-09-18T14:00:00-05:00,30.278183,-97.740867,0.0
p_003,4,2026-09-18T14:10:00-05:00,30.278064,-97.740865,0.0
p_003,4,2026-09-18T14:20:00-05:00,30.278115,-97.740867,0.0
p_003,4,2026-09-18T14:30:00-05:00,30.278125,-97.740841,0.0
p_003,4,2026-09-18T14:40:00-05:00,30.278189,-97.740842,0.0
p_003,4,2026-09-18T14:50:00-05:00,30.278142,-97.740794,0.0
p_003,4,2026-09-18T15:00:00-05:00,30.278185,-97.740822,0.0
p_003,4,2026-09-18T15:10:00-05:00,30.278187,-97.740876,0.0
p_003,4,2026-09-18T15:20:00-05:00,30.278122,-97.740839,0.0
p_003,4,2026-09-18T15:30:00-05:00,30.2782,-97.740863,0.0
p_003,4,2026-09-18T15:40:00-05:00,30.278131,-97.740779,0.0
p_003,4,2026-09-18T15:50:00-05:00,30.278105,-97.740891,0.0
p_003,4,2026-09-18T16:00:00-05:00,30.278158,-97.740837,0.0
p_003,4,2026-09-18T16:10:00-05:00,30.278197,-97.740824,0.0
p_003,4,2026-09-18T16:20:00-05:00,30.278157,-97.740844,0.0
p_003,4,2026-09-18T16:30:00-05:00,30.278164,-97.740814,0.0
p_003,4,2026-09-18T16:40:00-05:00,30.278217,-97.740762,0.0
p_003,4,2026-09-18T16:50:00-05:00,30.278156,-97.740784,0.0
p_003,4,2026-09-18T17:00:00-05:00,30.278189,-97.740811,0.0
p_003,4,2026-09-18T17:10:00-05:00,30.278199,-97.740827,0.0
p_003,4,2026-09-18T17:20:00-05:00,30.278161,-97.740874,0.0
p_003,4,2026-09-18T17:30:00-05:00,30.278153,-97.740815,0.0
p_003,4,2026-09-18T17:40:00-05:00,30.278145,-97.740715,0.0
p_003,4,2026-09-18T17:50:00-05:00,30.278183,-97.740812,0.0
p_003,4,2026-09-18T18:00:00-05:00,30.278128,-97.74087,0.0
p_003,4,2026-09-18T18:10:00-05:00,30.278213,-97.740732,0.0
p_003,4,2026-09-18T18:20:00-05:00,30.278147,-97.740891,0.0
p_003,4,2026-09-18T18:30:00-05:00,30.278154,-97.74087,0.0
p_003,4,2026-09-18T18:40:00-05:00,30.278144,-97.740786,0.0
p_003,4,2026-09-18T18:50:00-05:00,30.278192,-97.740767,0.0
p_003,4,2026-09-18T19:00:00-05:00,30.278177,-97.740833,0.0
p_003,4,2026-09-18T19:10:00-05:00,30.278107,-97.740863,0.0
p_003,4,2026-09-18T19:20:00-05:00,30.277164,-97.735009,0.0
p_003,4,2026-09-18T19:30:00-05:00,30.277173,-97.734983,0.0
p_003,4,2026-09-18T19:40:00-05:00,30.277146,-97.73501,0.0
p_003,4,2026-09-18T19:50:00-05:00,30.277287,-97.735198,0.0
p_003,4,2026-09-18T20:00:00-05:00,30.277253,-97.734959,0.0
p_003,4,2026-09-18T20:10:00-05:00,30.2772,-97.734972,0.0
p_003,4,2026-09-18T20:20:00-05:00,30.277166,-97.734991,0.0
p_003,4,2026-09-18T20:30:00-05:00,30.277139,-97.734947,0.0
p_003,4,2026-09-18T20:40:00-05:00,30.27714,-97.734913,0.0
p_003,4,2026-09-18T20:50:00-05:00,30.277086,-97.73493,0.0
p_003,4,2026-09-18T21:00:00-05:00,30.277192,-97.734904,0.0
p_003,4,2026-09-18T21:10:00-05:00,30.277194,-97.735005,0.0
p_003,4,2026-09-18T21:20:00-05:00,30.277228,-97.735002,0.0
p_003,4,2026-09-18T21:30:00-05:00,30.273435,-97.751124,0.0
p_003,4,2026-09-18T21:40:00-05:00,30.273335,-97.751132,0.0
p_003,4,2026-09-18T21:50:00-05:00,30.27337,-97.751155,0.0
p_003,4,2026-09-18T22:00:00-05:00,30.273379,-97.751108,0.0
p_003,4,2026-09-18T22:10:00-05:00,30.273357,-97.751114,0.0
p_003,4,2026-09-18T22:20:00-05:00,30.273319,-97.751134,0.0
p_003,4,2026-09-18T22:30:00-05:00,30.273411,-97.751127,0.0
p_003,4,2026-09-18T22:40:00-05:00,30.273331,-97.751089,0.0
p_003,4,2026-09-18T22:50:00-05:00,30.273347,-97.751113,0.0
p_003,4,2026-09-18T23:00:00-05:00,30.273364,-97.75111,0.0
p_003,4,2026-09-18T23:10:00-05:00,30.273446,-97.751131,0.0
p_003,4,2026-09-18T23:20:00-05:00,30.273379,-97.75111,0.0
p_003,4,2026-09-18T23:30:00-05:00,30.273349,-97.751097,0.0
p_003,4,2026-09-18T23:40:00-05:00,30.273325,-97.751053,0.0
p_003,4,2026-09-18T23:50:00-05:00,30.273472,-97.751206,0.0
p_003,4,2026-09-19T00:00:00-05:00,30.273375,-97.751076,0.0
p_003,4,2026-09-19T00:10:00-05:00,30.273381,-97.750997,0.0
p_003,4,2026-09-19T00:20:00-05:00,30.273418,-97.751173,0.0
p_003,4,2026-09-19T00:30:00-05:00,30.27349,-97.75114,0.0
p_003,4,2026-09-19T00:40:00-05:00,30.27342,-97.751153,0.0
p_003,4,2026-09-19T00:50:00-05:00,30.273383,-97.751148,0.0
p_003,4,2026-09-19T01:00:00-05:00,30.273353,-97.751128,0.0
p_003,4,2026-09-19T01:10:00-05:00,30.273419,-97.751135,0.0
p_003,4,2026-09-19T01:20:00-05:00,30.273468,-97.751141,0.0
p_003,4,2026-09-19T01:30:00-05:00,30.273405,-97.751193,0.0
p_003,4,2026-09-19T01:40:00-05:00,30.273374,-97.75109,0.0
p_003,4,2026-09-19T01:50:00-05:00,30.273448,-97.751095,0.0
p_003,4,2026-09-19T02:00:00-05:00,30.273378,-97.751312,0.0
p_003,4,2026-09-19T02:10:00-05:00,30.273432,-97.751146,0.0
p_003,4,2026-09-19T02:20:00-05:00,30.273366,-97.751072,0.0
p_003,4,2026-09-19T02:30:00-05:00,30.273369,-97.751063,0.0
p_003,4,2026-09-19T02:40:00-05:00,30.273377,-97.751067,0.0
p_003,4,2026-09-19T02:50:00-05:00,30.273408,-97.751125,0.0
p_004,0,2026-09-14T00:00:00-05:00,30.25065,-97.761355,0.0
p_004,0,2026-09-14T00:10:00-05:00,30.25069,-97.761406,0.0
p_004,0,2026-09-14T00:20:00-05:00,30.250639,-97.761438,0.0
p_004,0,2026-09-14T00:30:00-05:00,30.250646,-97.761332,0.0
p_004,0,2026-09-14T00:40:00-05:00,30.250666,-97.761438,0.0
p_004,0,2026-09-14T00:50:00-05:00,30.250668,-97.761364,0.0
p_004,0,2026-09-14T01:00:00-05:00,30.25067,-97.761391,0.0
p_004,0,2026-09-14T01:10:00-05:00,30.250655,-97.761439,0.0
p_004,0,2026-09-14T01:20:00-05:00,30.250704,-97.761355,0.0
p_004,0,2026-09-14T01:30:00-05:00,30.250641,-97.761359,0.0
p_004,0,2026-09-14T01:40:00-05:00,30.250661,-97.76141,0.0
p_004,0,2026-09-14T01:50:00-05:00,30.250657,-97.761366,0.0
p_004,0,2026-09-14T02:00:00-05:00,30.250704,-97.761413,0.0
p_004,0,2026-09-14T02:10:00-05:00,30.250634,-97.761394,0.0
p_004,0,2026-09-14T02:20:00-05:00,30.250649,-97.761369,0.0
p_004,0,2026-09-14T02:30:00-05:00,30.250634,-97.761428,0.0
p_004,0,2026-09-14T02:40:00-05:00,30.250663,-97.761362,0.0
p_004,0,2026-09-14T02:50:00-05:00,30.250668,-97.761437,0.0
p_004,0,2026-09-14T03:00:00-05:00,30.250649,-97.761374,0.0
p_004,0,2026-09-14T03:10:00-05:00,30.250656,-97.761386,0.0
p_004,0,2026-09-14T03:20:00-05:00,30.25068,-97.761357,0.0
p_004,0,2026-09-14T03:30:00-05:00,30.250659,-97.7613,0.0
p_004,0,2026-09-14T03:40:00-05:00,30.250664,-97.761442,0.0
p_004,0,2026-09-14T03:50:00-05:00,30.25071,-97.761434,0.0
p_004,0,2026-09-14T04:00:00-05:00,30.250636,-97.761359,0.0
p_004,0,2026-09-14T04:10:00-05:00,30.250627,-97.761346,0.0
p_004,0,2026-09-14T04:20:00-05:00,30.250739,-97.761419,0.0
p_004,0,2026-09-14T04:30:00-05:00,30.250604,-97.761439,0.0
p_004,0,2026-09-14T04:40:00-05:00,30.250642,-97.761467,0.0
p_004,0,2026-09-14T04:50:00-05:00,30.250588,-97.761385,0.0
p_004,0,2026-09-14T05:00:00-05:00,30.250772,-97.761349,0.0
p_004,0,2026-09-14T05:10:00-05:00,30.250612,-97.761359,0.0
p_004,0,2026-09-14T05:20:00-05:00,30.250675,-97.761376,0.0
p_004,0,2026-09-14T05:30:00-05:00,30.250684,-97.761449,0.0
p_004,0,2026-09-14T05:40:00-05:00,30.250746,-97.761437,0.0
p_004,0,2026-09-14T05:50:00-05:00,30.250643,-97.761353,0.0
p_004,0,2026-09-14T06:00:00-05:00,30.250629,-97.761428,0.0
p_004,0,2026-09-14T06:10:00-05:00,30.250615,-97.761438,0.0
p_004,0,2026-09-14T06:20:00-05:00,30.250606,-97.761403,0.0
p_004,0,2026-09-14T06:30:00-05:00,30.250691,-97.761421,0.0
p_004,0,2026-09-14T06:40:00-05:00,30.250706,-97.761393,0.0
p_004,0,2026-09-14T06:50:00-05:00,30.250684,-97.761422,0.0
p_004,0,2026-09-14T07:00:00-05:00,30.250623,-97.761458,0.0
p_004,0,2026-09-14T07:10:00-05:00,30.250737,-97.761454,0.0
p_004,0,2026-09-14T07:20:00-05:00,30.250689,-97.761408,0.0
p_004,0,2026-09-14T07:30:00-05:00,30.250689,-97.761408,0.0
p_004,0,2026-09-14T07:40:00-05:00,30.250617,-97.761439,0.0
p_004,0,2026-09-14T07:50:00-05:00,30.250664,-97.761422,0.0
p_004,0,2026-09-14T08:00:00-05:00,30.250589,-97.761427,0.0
p_004,0,2026-09-14T08:10:00-05:00,30.250599,-97.761427,0.0
p_004,0,2026-09-14T08:20:00-05:00,30.250677,-97.761409,0.0
p_004,0,2026-09-14T08:30:00-05:00,30.250612,-97.761411,0.0
p_004,0,2026-09-14T08:40:00-05:00,30.250634,-97.761402,0.0
p_004,0,2026-09-14T08:50:00-05:00,30.250667,-97.761399,0.0
p_004,0,2026-09-14T09:00:00-05:00,30.250633,-97.761492,0.0
p_004,0,2026-09-14T09:10:00-05:00,30.250723,-97.761394,0.0
p_004,0,2026-09-14T09:20:00-05:00,30.250642,-97.761394,0.0
p_004,0,2026-09-14T09:30:00-05:00,30.250617,-97.761453,0.0
p_004,0,2026-09-14T09:40:00-05:00,30.25064,-97.761368,0.0
p_004,0,2026-09-14T09:50:00-05:00,30.250702,-97.761386,0.0
p_004,0,2026-09-14T10:00:00-05:00,30.250749,-97.761418,0.0
p_004,0,2026-09-14T10:10:00-05:00,30.250695,-97.761407,0.0
p_004,0,2026-09-14T10:20:00-05:00,30.250695,-97.761458,0.0
p_004,0,2026-09-14T10:30:00-05:00,30.250646,-97.761379,0.0
p_004,0,2026-09-14T10:40:00-05:00,30.25062,-97.761401,0.0
p_004,0,2026-09-14T10:50:00-05:00,30.250593,-97.761481,0.0
p_004,0,2026-09-14T11:00:00-05:00,30.250631,-97.761452,0.0
p_004,0,2026-09-14T11:10:00-05:00,30.250621,-97.761472,0.0
p_004,0,2026-09-14T11:20:00-05:00,30.250602,-97.761421,0.0
p_004,0,2026-09-14T11:30:00-05:00,30.250676,-97.761411,0.0
p_004,0,2026-09-14T11:40:00-05:00,30.25065,-97.761356,0.0
p_004,0,2026-09-14T11:50:00-05:00,30.250715,-97.761373,0.0
p_004,0,2026-09-14T12:00:00-05:00,30.250611,-97.761349,0.0
p_004,0,2026-09-14T12:10:00-05:00,30.250656,-97.761384,0.0
p_004,0,2026-09-14T12:20:00-05:00,30.251323,-97.746717,0.0
p_004,0,2026-09-14T12:30:00-05:00,30.251206,-97.746734,0.0
p_004,0,2026-09-14T12:40:00-05:00,30.251206,-97.746609,0.0
p_004,0,2026-09-14T12:50:00-05:00,30.251292,-97.746823,0.0
p_004,0,2026-09-14T13:00:00-05:00,30.251208,-97.746677,0.0
p_004,0,2026-09-14T13:10:00-05:00,30.251237,-97.746672,0.0
p_004,0,2026-09-14T13:20:00-05:00,30.251243,-97.746729,0.0
p_004,0,2026-09-14T13:30:00-05:00,30.257093,-97.743154,12.91
p_004,0,2026-09-14T13:40:00-05:00,30.273064,-97.734316,0.0
p_004,0,2026-09-14T13:50:00-05:00,30.273078,-97.734207,0.0
p_004,0,2026-09-14T14:00:00-05:00,30.273023,-97.734272,0.0
p_004,0,2026-09-14T14:10:00-05:00,30.273025,-97.734277,0.0
p_004,0,2026-09-14T14:20:00-05:00,30.273053,-97.734352,0.0
p_004,0,2026-09-14T14:30:00-05:00,30.273018,-97.734323,0.0
p_004,0,2026-09-14T14:40:00-05:00,30.272926,-97.734288,0.0
p_004,0,2026-09-14T14:50:00-05:00,30.27305,-97.734238,0.0
p_004,0,2026-09-14T15:00:00-05:00,30.273048,-97.73431,0.0
p_004,0,2026-09-14T15:10:00-05:00,30.273008,-97.73438,0.0
p_004,0,2026-09-14T15:20:00-05:00,30.273014,-97.734307,0.0
p_004,0,2026-09-14T15:30:00-05:00,30.273062,-97.734285,0.0
p_004,0,2026-09-14T15:40:00-05:00,30.273068,-97.734346,0.0
p_004,0,2026-09-14T15:50:00-05:00,30.272973,-97.734259,0.0
p_004,0,2026-09-14T16:00:00-05:00,30.273061,-97.734338,0.0
p_004,0,2026-09-14T16:10:00-05:00,30.273024,-97.734228,0.0
p_004,0,2026-09-14T16:20:00-05:00,30.272967,-97.734336,0.0
p_004,0,2026-09-14T16:30:00-05:00,30.273099,-97.734252,0.0
p_004,0,2026-09-14T16:40:00-05:00,30.273046,-97.734276,0.0
p_004,0,2026-09-14T16:50:00-05:00,30.27308,-97.734284,0.0
p_004,0,2026-09-14T17:00:00-05:00,30.273022,-97.734339,0.0
p_004,0,2026-09-14T17:10:00-05:00,30.273033,-97.734261,0.0
p_004,0,2026-09-14T17:20:00-05:00,30.273058,-97.73428,0.0
p_004,0,2026-09-14T17:30:00-05:00,30.273003,-97.734294,0.0
p_004,0,2026-09-14T17:40:00-05:00,30.273101,-97.734282,0.0
p_004,0,2026-09-14T17:50:00-05:00,30.273022,-97.734254,0.0
p_004,0,2026-09-14T18:00:00-05:00,30.273015,-97.734313,0.0
p_004,0,2026-09-14T18:10:00-05:00,30.273036,-97.73427,0.0
p_004,0,2026-09-14T18:20:00-05:00,30.273032,-97.734268,0.0
p_004,0,2026-09-14T18:30:00-05:00,30.273049,-97.734294,0.0
p_004,0,2026-09-14T18:40:00-05:00,30.273016,-97.734291,0.0
p_004,0,2026-09-14T18:50:00-05:00,30.272992,-97.734299,0.0
p_004,0,2026-09-14T19:00:00-05:00,30.27301,-97.734296,0.0
p_004,0,2026-09-14T19:10:00-05:00,30.273082,-97.73423,0.0
p_004,0,2026-09-14T19:20:00-05:00,30.273063,-97.734287,0.0
p_004,0,2026-09-14T19:30:00-05:00,30.250693,-97.761495,0.0
p_004,0,2026-09-14T19:40:00-05:00,30.25072,-97.761445,0.0
p_004,0,2026-09-14T19:50:00-05:00,30.250662,-97.761373,0.0
p_004,0,2026-09-14T20:00:00-05:00,30.250717,-97.761376,0.0
p_004,0,2026-09-14T20:10:00-05:00,30.250655,-97.761292,0.0
p_004,0,2026-09-14T20:20:00-05:00,30.250601,-97.761322,0.0
p_004,0,2026-09-14T20:30:00-05:00,30.250706,-97.761335,0.0
p_004,0,2026-09-14T20:40:00-05:00,30.250622,-97.761418,0.0
p_004,0,2026-09-14T20:50:00-05:00,30.250635,-97.761405,0.0
p_004,0,2026-09-14T21:00:00-05:00,30.250655,-97.76134,0.0
p_004,0,2026-09-14T21:10:00-05:00,30.25065,-97.761382,0.0
p_004,0,2026-09-14T21:20:00-05:00,30.250727,-97.761367,0.0
p_004,0,2026-09-14T21:30:00-05:00,30.250677,-97.76132,0.0
p_004,0,2026-09-14T21:40:00-05:00,30.250697,-97.761372,0.0
p_004,0,2026-09-14T21:50:00-05:00,30.250665,-97.761401,0.0
p_004,0,2026-09-14T22:00:00-05:00,30.250655,-97.761432,0.0
p_004,0,2026-09-14T22:10:00-05:00,30.25053,-97.761498,0.0
p_004,0,2026-09-14T22:20:00-05:00,30.250689,-97.761374,0.0
p_004,0,2026-09-14T22:30:00-05:00,30.250808,-97.761351,0.0
p_004,0,2026-09-14T22:40:00-05:00,30.250615,-97.761423,0.0
p_004,0,2026-09-14T22:50:00-05:00,30.250666,-97.761347,0.0
p_004,0,2026-09-14T23:00:00-05:00,30.250598,-97.761404,0.0
p_004,0,2026-09-14T23:10:00-05:00,30.25063,-97.761487,0.0
p_004,0,2026-09-14T23:20:00-05:00,30.250696,-97.761455,0.0
p_004,0,2026-09-14T23:30:00-05:00,30.250665,-97.761454,0.0
p_004,0,2026-09-14T23:40:00-05:00,30.250664,-97.761369,0.0
p_004,0,2026-09-14T23:50:00-05:00,30.250723,-97.761478,0.0
p_004,0,2026-09-15T00:00:00-05:00,30.250642,-97.761357,0.0
p_004,0,2026-09-15T00:10:00-05:00,30.250637,-97.761408,0.0
p_004,0,2026-09-15T00:20:00-05:00,30.250635,-97.761431,0.0
p_004,0,2026-09-15T00:30:00-05:00,30.250658,-97.761388,0.0
p_004,0,2026-09-15T00:40:00-05:00,30.250588,-97.761433,0.0
p_004,0,2026-09-15T00:50:00-05:00,30.250718,-97.761484,0.0
p_004,0,2026-09-15T01:00:00-05:00,30.250646,-97.761432,0.0
p_004,0,2026-09-15T01:10:00-05:00,30.250579,-97.761434,0.0
p_004,0,2026-09-15T01:20:00-05:00,30.250711,-97.761364,0.0
p_004,0,2026-09-15T01:30:00-05:00,30.250606,-97.761426,0.0
p_004,0,2026-09-15T01:40:00-05:00,30.250624,-97.761384,0.0
p_004,0,2026-09-15T01:50:00-05:00,30.250638,-97.761357,0.0
p_004,0,2026-09-15T02:00:00-05:00,30.250683,-97.761469,0.0
p_004,0,2026-09-15T02:10:00-05:00,30.25063,-97.761381,0.0
p_004,0,2026-09-15T02:20:00-05:00,30.250696,-97.761397,0.0
p_004,0,2026-09-15T02:30:00-05:00,30.250562,-97.76149,0.0
p_004,0,2026-09-15T02:40:00-05:00,30.250645,-97.761461,0.0
p_004,0,2026-09-15T02:50:00-05:00,30.250697,-97.761494,0.0
p_004,1,2026-09-15T00:00:00-05:00,30.250608,-97.761355,0.0
p_004,1,2026-09-15T00:10:00-05:00,30.250666,-97.761372,0.0
p_004,1,2026-09-15T00:20:00-05:00,30.250676,-97.761411,0.0
p_004,1,2026-09-15T00:30:00-05:00,30.250675,-97.761449,0.0
p_004,1,2026-09-15T00:40:00-05:00,30.250654,-97.761323,0.0
p_004,1,2026-09-15T00:50:00-05:00,30.250693,-97.761411,0.0
p_004,1,2026-09-15T01:00:00-05:00,30.250631,-97.761392,0.0
p_004,1,2026-09-15T01:10:00-05:00,30.250683,-97.761405,0.0
p_004,1,2026-09-15T01:20:00-05:00,30.250698,-97.761351,0.0
p_004,1,2026-09-15T01:30:00-05:00,30.250672,-97.761365,0.0
p_004,1,2026-09-15T01:40:00-05:00,30.250653,-97.761412,0.0
p_004,1,2026-09-15T01:50:00-05:00,30.250633,-97.761416,0.0
p_004,1,2026-09-15T02:00:00-05:00,30.25066,-97.761345,0.0
p_004,1,2026-09-15T02:10:00-05:00,30.250708,-97.761399,0.0
p_004,1,2026-09-15T02:20:00-05:00,30.250646,-97.761338,0.0
p_004,1,2026-09-15T02:30:00-05:00,30.250635,-97.761405,0.0
p_004,1,2026-09-15T02:40:00-05:00,30.250675,-97.761372,0.0
p_004,1,2026-09-15T02:50:00-05:00,30.250711,-97.761371,0.0
p_004,1,2026-09-15T03:00:00-05:00,30.25068,-97.761432,0.0
p_004,1,2026-09-15T03:10:00-05:00,30.250636,-97.761393,0.0
p_004,1,2026-09-15T03:20:00-05:00,30.250587,-97.761362,0.0
p_004,1,2026-09-15T03:30:00-05:00,30.250719,-97.761357,0.0
p_004,1,2026-09-15T03:40:00-05:00,30.250607,-97.761353,0.0
p_004,1,2026-09-15T03:50:00-05:00,30.25064,-97.761331,0.0
p_004,1,2026-09-15T04:00:00-05:00,30.250638,-97.761408,0.0
p_004,1,2026-09-15T04:10:00-05:00,30.250577,-97.76142,0.0
p_004,1,2026-09-15T04:20:00-05:00,30.250648,-97.761485,0.0
p_004,1,2026-09-15T04:30:00-05:00,30.250661,-97.761405,0.0
p_004,1,2026-09-15T04:40:00-05:00,30.250638,-97.761409,0.0
p_004,1,2026-09-15T04:50:00-05:00,30.250661,-97.761418,0.0
p_004,1,2026-09-15T05:00:00-05:00,30.250682,-97.761427,0.0
p_004,1,2026-09-15T05:10:00-05:00,30.250707,-97.761436,0.0
p_004,1,2026-09-15T05:20:00-05:00,30.250656,-97.761428,0.0
p_004,1,2026-09-15T05:30:00-05:00,30.250677,-97.761381,0.0
p_004,1,2026-09-15T05:40:00-05:00,30.250665,-97.761407,0.0
p_004,1,2026-09-15T05:50:00-05:00,30.250594,-97.761402,0.0
p_004,1,2026-09-15T06:00:00-05:00,30.25071,-97.761393,0.0
p_004,1,2026-09-15T06:10:00-05:00,30.250662,-97.761394,0.0
p_004,1,2026-09-15T06:20:00-05:00,30.250696,-97.761423,0.0
p_004,1,2026-09-15T06:30:00-05:00,30.250691,-97.761318,0.0
p_004,1,2026-09-15T06:40:00-05:00,30.250585,-97.761426,0.0
p_004,1,2026-09-15T06:50:00-05:00,30.250713,-97.761375,0.0
p_004,1,2026-09-15T07:00:00-05:00,30.250706,-97.761397,0.0
p_004,1,2026-09-15T07:10:00-05:00,30.25068,-97.761339,0.0
p_004,1,2026-09-15T07:20:00-05:00,30.250647,-97.761398,0.0
p_004,1,2026-09-15T07:30:00-05:00,30.250681,-97.761443,0.0
p_004,1,2026-09-15T07:40:00-05:00,30.25067,-97.761484,0.0
p_004,1,2026-09-15T07:50:00-05:00,30.250622,-97.761374,0.0
p_004,1,2026-09-15T08:00:00-05:00,30.250722,-97.761439,0.0
p_004,1,2026-09-15T08:10:00-05:00,30.250693,-97.761386,0.0
p_004,1,2026-09-15T08:20:00-05:00,30.250725,-97.761369,0.0
p_004,1,2026-09-15T08:30:00-05:00,30.257056,-97.758046,4.23
p_004,1,2026-09-15T08:40:00-05:00,30.262085,-97.755331,0.0
p_004,1,2026-09-15T08:50:00-05:00,30.262154,-97.755265,0.0
p_004,1,2026-09-15T09:00:00-05:00,30.262117,-97.755358,0.0
p_004,1,2026-09-15T09:10:00-05:00,30.262185,-97.755372,0.0
p_004,1,2026-09-15T09:20:00-05:00,30.262113,-97.755321,0.0
p_004,1,2026-09-15T09:30:00-05:00,30.262133,-97.755327,0.0
p_004,1,2026-09-15T09:40:00-05:00,30.262168,-97.75528,0.0
p_004,1,2026-09-15T09:50:00-05:00,30.262095,-97.755297,0.0
p_004,1,2026-09-15T10:00:00-05:00,30.262136,-97.755317,0.0
p_004,1,2026-09-15T10:10:00-05:00,30.262083,-97.755262,0.0
p_004,1,2026-09-15T10:20:00-05:00,30.26216,-97.755414,0.0
p_004,1,2026-09-15T10:30:00-05:00,30.26211,-97.755298,0.0
p_004,1,2026-09-15T10:40:00-05:00,30.262157,-97.755294,0.0
p_004,1,2026-09-15T10:50:00-05:00,30.262095,-97.755344,0.0
p_004,1,2026-09-15T11:00:00-05:00,30.262113,-97.755232,0.0
p_004,1,2026-09-15T11:10:00-05:00,30.262161,-97.755339,0.0
p_004,1,2026-09-15T11:20:00-05:00,30.262176,-97.755347,0.0
p_004,1,2026-09-15T11:30:00-05:00,30.262073,-97.75529,0.0
p_004,1,2026-09-15T11:40:00-05:00,30.262138,-97.755257,0.0
p_004,1,2026-09-15T11:50:00-05:00,30.262079,-97.755252,0.0
p_004,1,2026-09-15T12:00:00-05:00,30.262131,-97.755357,0.0
p_004,1,2026-09-15T12:10:00-05:00,30.266779,-97.754816,5.41
p_004,1,2026-09-15T12:20:00-05:00,30.268709,-97.754194,0.0
p_004,1,2026-09-15T12:30:00-05:00,30.268626,-97.754221,0.0
p_004,1,2026-09-15T12:40:00-05:00,30.268597,-97.754237,0.0
p_004,1,2026-09-15T12:50:00-05:00,30.268568,-97.754262,0.0
p_004,1,2026-09-15T13:00:00-05:00,30.268633,-97.754295,0.0
p_004,1,2026-09-15T13:10:00-05:00,30.268642,-97.754201,0.0
p_004,1,2026-09-15T13:20:00-05:00,30.276214,-97.753666,6.6
p_004,1,2026-09-15T13:30:00-05:00,30.277953,-97.753839,0.0
p_004,1,2026-09-15T13:40:00-05:00,30.278037,-97.75373,0.0
p_004,1,2026-09-15T13:50:00-05:00,30.277983,-97.753709,0.0
p_004,1,2026-09-15T14:00:00-05:00,30.277981,-97.753793,0.0
p_004,1,2026-09-15T14:10:00-05:00,30.277968,-97.753805,0.0
p_004,1,2026-09-15T14:20:00-05:00,30.277987,-97.753727,0.0
p_004,1,2026-09-15T14:30:00-05:00,30.277932,-97.753656,0.0
p_004,1,2026-09-15T14:40:00-05:00,30.278018,-97.753758,0.0
p_004,1,2026-09-15T14:50:00-05:00,30.2779,-97.753775,0.0
p_004,1,2026-09-15T15:00:00-05:00,30.277975,-97.753705,0.0
p_004,1,2026-09-15T15:10:00-05:00,30.278017,-97.753768,0.0
p_004,1,2026-09-15T15:20:00-05:00,30.277975,-97.753794,0.0
p_004,1,2026-09-15T15:30:00-05:00,30.278067,-97.753727,0.0
p_004,1,2026-09-15T15:40:00-05:00,30.278035,-97.753736,0.0
p_004,1,2026-09-15T15:50:00-05:00,30.277908,-97.753833,0.0
p_004,1,2026-09-15T16:00:00-05:00,30.278015,-97.753824,0.0
p_004,1,2026-09-15T16:10:00-05:00,30.277953,-97.753739,0.0
p_004,1,2026-09-15T16:20:00-05:00,30.277967,-97.753761,0.0
p_004,1,2026-09-15T16:30:00-05:00,30.277959,-97.753775,0.0
p_004,1,2026-09-15T16:40:00-05:00,30.277999,-97.753678,0.0
p_004,1,2026-09-15T16:50:00-05:00,30.278031,-97.753747,0.0
p_004,1,2026-09-15T17:00:00-05:00,30.278078,-97.753755,0.0
p_004,1,2026-09-15T17:10:00-05:00,30.277942,-97.753795,0.0
p_004,1,2026-09-15T17:20:00-05:00,30.277982,-97.753664,0.0
p_004,1,2026-09-15T17:30:00-05:00,30.277992,-97.753724,0.0
p_004,1,2026-09-15T17:40:00-05:00,30.277991,-97.753765,0.0
p_004,1,2026-09-15T17:50:00-05:00,30.275118,-97.757591,5.15
p_004,1,2026-09-15T18:00:00-05:00,30.2724,-97.763321,0.0
p_004,1,2026-09-15T18:10:00-05:00,30.272401,-97.763329,0.0
p_004,1,2026-09-15T18:20:00-05:00,30.272438,-97.763346,0.0
p_004,1,2026-09-15T18:30:00-05:00,30.272436,-97.763336,0.0
p_004,1,2026-09-15T18:40:00-05:00,30.250563,-97.761446,6.92
p_004,1,2026-09-15T18:50:00-05:00,30.250714,-97.761455,0.0
p_004,1,2026-09-15T19:00:00-05:00,30.250617,-97.761464,0.0
p_004,1,2026-09-15T19:10:00-05:00,30.250794,-97.761373,0.0
p_004,1,2026-09-15T19:20:00-05:00,30.250652,-97.761428,0.0
p_004,1,2026-09-15T19:30:00-05:00,30.250654,-97.761418,0.0
p_004,1,2026-09-15T19:40:00-05:00,30.250679,-97.761337,0.0
p_004,1,2026-09-15T19:50:00-05:00,30.250715,-97.761408,0.0
p_004,1,2026-09-15T20:00:00-05:00,30.250621,-97.761334,0.0
p_004,1,2026-09-15T20:10:00-05:00,30.25066,-97.761383,0.0
p_004,1,2026-09-15T20:20:00-05:00,30.250654,-97.761459,0.0
p_004,1,2026-09-15T20:30:00-05:00,30.250709,-97.761411,0.0
p_004,1,2026-09-15T20:40:00-05:00,30.250648,-97.761394,0.0
p_004,1,2026-09-15T20:50:00-05:00,30.25069,-97.761327,0.0
p_004,1,2026-09-15T21:00:00-05:00,30.250689,-97.761383,0.0
p_004,1,2026-09-15T21:10:00-05:00,30.250669,-97.761473,0.0
p_004,1,2026-09-15T21:20:00-05:00,30.250616,-97.761434,0.0
p_004,1,2026-09-15T21:30:00-05:00,30.250667,-97.761296,0.0
p_004,1,2026-09-15T21:40:00-05:00,30.250556,-97.761386,0.0
p_004,1,2026-09-15T21:50:00-05:00,30.250676,-97.761369,0.0
p_004,1,2026-09-15T22:00:00-05:00,30.250696,-97.761449,0.0
p_004,1,2026-09-15T22:10:00-05:00,30.25067,-97.761402,0.0
p_004,1,2026-09-15T22:20:00-05:00,30.250603,-97.761522,0.0
p_004,1,2026-09-15T22:30:00-05:00,30.250696,-97.761368,0.0
p_004,1,2026-09-15T22:40:00-05:00,30.250627,-97.761293,0.0
p_004,1,2026-09-15T22:50:00-05:00,30.250628,-97.761405,0.0
p_004,1,2026-09-15T23:00:00-05:00,30.250636,-97.761321,0.0
p_004,1,2026-09-15T23:10:00-05:00,30.25076,-97.761343,0.0
p_004,1,2026-09-15T23:20:00-05:00,30.250683,-97.761405,0.0
p_004,1,2026-09-15T23:30:00-05:00,30.250657,-97.761492,0.0
p_004,1,2026-09-15T23:40:00-05:00,30.250723,-97.761284,0.0
p_004,1,2026-09-15T23:50:00-05:00,30.250648,-97.761414,0.0
p_004,1,2026-09-16T00:00:00-05:00,30.250618,-97.76137,0.0
p_004,1,2026-09-16T00:10:00-05:00,30.250744,-97.761433,0.0
p_004,1,2026-09-16T00:20:00-05:00,30.250686,-97.76135,0.0
p_004,1,2026-09-16T00:30:00-05:00,30.250727,-97.761433,0.0
p_004,1,2026-09-16T00:40:00-05:00,30.250697,-97.761308,0.0
p_004,1,2026-09-16T00:50:00-05:00,30.250624,-97.761423,0.0
p_004,1,2026-09-16T01:00:00-05:00,30.250663,-97.761508,0.0
p_004,1,2026-09-16T01:10:00-05:00,30.250645,-97.761365,0.0
p_004,1,2026-09-16T01:20:00-05:00,30.250709,-97.761388,0.0
p_004,1,2026-09-16T01:30:00-05:00,30.250674,-97.761433,0.0
p_004,1,2026-09-16T01:40:00-05:00,30.250657,-97.761428,0.0
p_004,1,2026-09-16T01:50:00-05:00,30.250615,-97.76144,0.0
p_004,1,2026-09-16T02:00:00-05:00,30.250553,-97.761434,0.0
p_004,1,2026-09-16T02:10:00-05:00,30.250641,-97.761373,0.0
p_004,1,2026-09-16T02:20:00-05:00,30.250614,-97.761403,0.0
p_004,1,2026-09-16T02:30:00-05:00,30.250633,-97.761352,0.0
p_004,1,2026-09-16T02:40:00-05:00,30.250734,-97.761374,0.0
p_004,1,2026-09-16T02:50:00-05:00,30.250604,-97.761286,0.0
p_004,2,2026-09-16T00:00:00-05:00,30.250638,-97.761424,0.0
p_004,2,2026-09-16T00:10:00-05:00,30.250703,-97.761445,0.0
p_004,2,2026-09-16T00:20:00-05:00,30.250577,-97.761375,0.0
p_004,2,2026-09-16T00:30:00-05:00,30.250687,-97.761445,0.0
p_004,2,2026-09-16T00:40:00-05:00,30.250692,-97.761425,0.0
p_004,2,2026-09-16T00:50:00-05:00,30.250756,-97.761371,0.0
p_004,2,2026-09-16T01:00:00-05:00,30.250693,-97.761421,0.0
p_004,2,2026-09-16T01:10:00-05:00,30.250637,-97.761418,0.0
p_004,2,2026-09-16T01:20:00-05:00,30.250709,-97.761426,0.0
p_004,2,2026-09-16T01:30:00-05:00,30.250674,-97.761417,0.0
p_004,2,2026-09-16T01:40:00-05:00,30.250652,-97.761408,0.0
p_004,2,2026-09-16T01:50:00-05:00,30.250695,-97.761354,0.0
p_004,2,2026-09-16T02:00:00-05:00,30.250642,-97.761403,0.0
p_004,2,2026-09-16T02:10:00-05:00,30.250638,-97.761342,0.0
p_004,2,2026-09-16T02:20:00-05:00,30.25065,-97.761392,0.0
p_004,2,2026-09-16T02:30:00-05:00,30.250687,-97.761373,0.0
p_004,2,2026-09-16T02:40:00-05:00,30.250653,-97.761413,0.0
p_004,2,2026-09-16T02:50:00-05:00,30.250627,-97.761415,0.0
p_004,2,2026-09-16T03:00:00-05:00,30.250691,-97.761387,0.0
p_004,2,2026-09-16T03:10:00-05:00,30.250622,-97.761434,0.0
p_004,2,2026-09-16T03:20:00-05:00,30.250696,-97.761441,0.0
p_004,2,2026-09-16T03:30:00-05:00,30.250717,-97.761379,0.0
p_004,2,2026-09-16T03:40:00-05:00,30.25066,-97.761406,0.0
p_004,2,2026-09-16T03:50:00-05:00,30.25058,-97.761426,0.0
p_004,2,2026-09-16T04:00:00-05:00,30.250642,-97.761375,0.0
p_004,2,2026-09-16T04:10:00-05:00,30.250658,-97.761366,0.0
p_004,2,2026-09-16T04:20:00-05:00,30.25064,-97.761407,0.0
p_004,2,2026-09-16T04:30:00-05:00,30.250665,-97.761348,0.0
p_004,2,2026-09-16T04:40:00-05:00,30.250725,-97.761366,0.0
p_004,2,2026-09-16T04:50:00-05:00,30.250651,-97.761289,0.0
p_004,2,2026-09-16T05:00:00-05:00,30.250662,-97.761431,0.0
p_004,2,2026-09-16T05:10:00-05:00,30.2507,-97.761344,0.0
p_004,2,2026-09-16T05:20:00-05:00,30.250638,-97.761391,0.0
p_004,2,2026-09-16T05:30:00-05:00,30.250653,-97.761389,0.0
p_004,2,2026-09-16T05:40:00-05:00,30.250681,-97.761398,0.0
p_004,2,2026-09-16T05:50:00-05:00,30.250614,-97.76142,0.0
p_004,2,2026-09-16T06:00:00-05:00,30.25064,-97.761386,0.0
p_004,2,2026-09-16T06:10:00-05:00,30.250658,-97.761359,0.0
p_004,2,2026-09-16T06:20:00-05:00,30.250696,-97.76142,0.0
p_004,2,2026-09-16T06:30:00-05:00,30.250632,-97.761401,0.0
p_004,2,2026-09-16T06:40:00-05:00,30.250649,-97.761438,0.0
p_004,2,2026-09-16T06:50:00-05:00,30.250636,-97.761439,0.0
p_004,2,2026-09-16T07:00:00-05:00,30.250693,-97.761356,0.0
p_004,2,2026-09-16T07:10:00-05:00,30.250709,-97.761417,0.0
p_004,2,2026-09-16T07:20:00-05:00,30.250687,-97.761404,0.0
p_004,2,2026-09-16T07:30:00-05:00,30.250675,-97.761426,0.0
p_004,2,2026-09-16T07:40:00-05:00,30.250633,-97.761419,0.0
p_004,2,2026-09-16T07:50:00-05:00,30.250598,-97.761369,0.0
p_004,2,2026-09-16T08:00:00-05:00,30.250657,-97.761426,0.0
p_004,2,2026-09-16T08:10:00-05:00,30.250639,-97.761373,0.0
p_004,2,2026-09-16T08:20:00-05:00,30.250654,-97.761346,0.0
p_004,2,2026-09-16T08:30:00-05:00,30.25066,-97.76139,0.0
p_004,2,2026-09-16T08:40:00-05:00,30.250667,-97.761398,0.0
p_004,2,2026-09-16T08:50:00-05:00,30.250621,-97.76137,0.0
p_004,2,2026-09-16T09:00:00-05:00,30.252433,-97.760529,7.39
p_004,2,2026-09-16T09:10:00-05:00,30.262178,-97.755279,0.0
p_004,2,2026-09-16T09:20:00-05:00,30.262057,-97.755336,0.0
p_004,2,2026-09-16T09:30:00-05:00,30.262148,-97.755247,0.0
p_004,2,2026-09-16T09:40:00-05:00,30.262134,-97.755278,0.0
p_004,2,2026-09-16T09:50:00-05:00,30.262131,-97.755383,0.0
p_004,2,2026-09-16T10:00:00-05:00,30.262075,-97.755311,0.0
p_004,2,2026-09-16T10:10:00-05:00,30.262091,-97.75521,0.0
p_004,2,2026-09-16T10:20:00-05:00,30.262166,-97.755283,0.0
p_004,2,2026-09-16T10:30:00-05:00,30.26215,-97.755273,0.0
p_004,2,2026-09-16T10:40:00-05:00,30.262193,-97.755184,0.0
p_004,2,2026-09-16T10:50:00-05:00,30.262059,-97.755363,0.0
p_004,2,2026-09-16T11:00:00-05:00,30.262106,-97.755251,0.0
p_004,2,2026-09-16T11:10:00-05:00,30.262106,-97.755326,0.0
p_004,2,2026-09-16T11:20:00-05:00,30.26213,-97.755359,0.0
p_004,2,2026-09-16T11:30:00-05:00,30.262081,-97.755298,0.0
p_004,2,2026-09-16T11:40:00-05:00,30.262091,-97.755227,0.0
p_004,2,2026-09-16T11:50:00-05:00,30.262148,-97.755288,0.0
p_004,2,2026-09-16T12:00:00-05:00,30.262138,-97.755353,0.0
p_004,2,2026-09-16T12:10:00-05:00,30.260973,-97.755702,1.42
p_004,2,2026-09-16T12:20:00-05:00,30.260901,-97.755767,0.0
p_004,2,2026-09-16T12:30:00-05:00,30.261014,-97.755734,0.0
p_004,2,2026-09-16T12:40:00-05:00,30.260948,-97.755724,0.0
p_004,2,2026-09-16T12:50:00-05:00,30.260874,-97.755605,0.0
p_004,2,2026-09-16T13:00:00-05:00,30.260917,-97.755688,0.0
p_004,2,2026-09-16T13:10:00-05:00,30.260918,-97.755697,0.0
p_004,2,2026-09-16T13:20:00-05:00,30.260983,-97.755708,0.0
p_004,2,2026-09-16T13:30:00-05:00,30.260904,-97.755668,0.0
p_004,2,2026-09-16T13:40:00-05:00,30.260903,-97.755723,0.0
p_004,2,2026-09-16T13:50:00-05:00,30.260914,-97.755649,0.0
p_004,2,2026-09-16T14:00:00-05:00,30.260895,-97.755692,0.0
p_004,2,2026-09-16T14:10:00-05:00,30.26098,-97.755722,0.0
p_004,2,2026-09-16T14:20:00-05:00,30.260955,-97.755758,0.0
p_004,2,2026-09-16T14:30:00-05:00,30.260916,-97.755736,0.0
p_004,2,2026-09-16T14:40:00-05:00,30.260957,-97.755735,0.0
p_004,2,2026-09-16T14:50:00-05:00,30.260854,-97.755727,0.0
p_004,2,2026-09-16T15:00:00-05:00,30.260948,-97.755674,0.0
p_004,2,2026-09-16T15:10:00-05:00,30.260901,-97.75574,0.0
p_004,2,2026-09-16T15:20:00-05:00,30.260942,-97.755725,0.0
p_004,2,2026-09-16T15:30:00-05:00,30.2609,-97.755666,0.0
p_004,2,2026-09-16T15:40:00-05:00,30.260989,-97.755748,0.0
p_004,2,2026-09-16T15:50:00-05:00,30.260937,-97.755768,0.0
p_004,2,2026-09-16T16:00:00-05:00,30.260943,-97.755681,0.0
p_004,2,2026-09-16T16:10:00-05:00,30.260935,-97.755671,0.0
p_004,2,2026-09-16T16:20:00-05:00,30.260935,-97.755726,0.0
p_004,2,2026-09-16T16:30:00-05:00,30.260828,-97.755675,0.0
p_004,2,2026-09-16T16:40:00-05:00,30.260954,-97.755756,0.0
p_004,2,2026-09-16T16:50:00-05:00,30.26093,-97.755747,0.0
p_004,2,2026-09-16T17:00:00-05:00,30.260872,-97.755807,0.0
p_004,2,2026-09-16T17:10:00-05:00,30.260917,-97.755666,0.0
p_004,2,2026-09-16T17:20:00-05:00,30.260895,-97.755746,0.0
p_004,2,2026-09-16T17:30:00-05:00,30.260956,-97.755663,0.0
p_004,2,2026-09-16T17:40:00-05:00,30.260878,-97.755672,0.0
p_004,2,2026-09-16T17:50:00-05:00,30.26096,-97.755656,0.0
p_004,2,2026-09-16T18:00:00-05:00,30.260885,-97.755697,0.0
p_004,2,2026-09-16T18:10:00-05:00,30.260902,-97.755662,0.0
p_004,2,2026-09-16T18:20:00-05:00,30.250598,-97.761446,0.0
p_004,2,2026-09-16T18:30:00-05:00,30.250656,-97.761259,0.0
p_004,2,2026-09-16T18:40:00-05:00,30.250722,-97.761466,0.0
p_004,2,2026-09-16T18:50:00-05:00,30.250652,-97.761452,0.0
p_004,2,2026-09-16T19:00:00-05:00,30.250714,-97.76142,0.0
p_004,2,2026-09-16T19:10:00-05:00,30.250646,-97.761313,0.0
p_004,2,2026-09-16T19:20:00-05:00,30.250613,-97.761383,0.0
p_004,2,2026-09-16T19:30:00-05:00,30.250686,-97.761436,0.0
p_004,2,2026-09-16T19:40:00-05:00,30.25066,-97.761288,0.0
p_004,2,2026-09-16T19:50:00-05:00,30.250615,-97.761364,0.0
p_004,2,2026-09-16T20:00:00-05:00,30.250638,-97.76141,0.0
p_004,2,2026-09-16T20:10:00-05:00,30.250642,-97.761398,0.0
p_004,2,2026-09-16T20:20:00-05:00,30.250648,-97.761386,0.0
p_004,2,2026-09-16T20:30:00-05:00,30.25068,-97.761381,0.0
p_004,2,2026-09-16T20:40:00-05:00,30.250684,-97.761298,0.0
p_004,2,2026-09-16T20:50:00-05:00,30.250728,-97.761478,0.0
p_004,2,2026-09-16T21:00:00-05:00,30.250745,-97.761323,0.0
p_004,2,2026-09-16T21:10:00-05:00,30.250628,-97.761449,0.0
p_004,2,2026-09-16T21:20:00-05:00,30.250688,-97.761321,0.0
p_004,2,2026-09-16T21:30:00-05:00,30.250705,-97.761339,0.0
p_004,2,2026-09-16T21:40:00-05:00,30.25064,-97.761378,0.0
p_004,2,2026-09-16T21:50:00-05:00,30.250666,-97.76137,0.0
p_004,2,2026-09-16T22:00:00-05:00,30.250731,-97.761458,0.0
p_004,2,2026-09-16T22:10:00-05:00,30.250665,-97.761347,0.0
p_004,2,2026-09-16T22:20:00-05:00,30.250687,-97.761349,0.0
p_004,2,2026-09-16T22:30:00-05:00,30.25072,-97.76137,0.0
p_004,2,2026-09-16T22:40:00-05:00,30.250592,-97.761536,0.0
p_004,2,2026-09-16T22:50:00-05:00,30.250705,-97.761447,0.0
p_004,2,2026-09-16T23:00:00-05:00,30.250599,-97.76139,0.0
p_004,2,2026-09-16T23:10:00-05:00,30.250662,-97.761448,0.0
p_004,2,2026-09-16T23:20:00-05:00,30.250662,-97.761398,0.0
p_004,2,2026-09-16T23:30:00-05:00,30.250635,-97.761337,0.0
p_004,2,2026-09-16T23:40:00-05:00,30.250702,-97.761424,0.0
p_004,2,2026-09-16T23:50:00-05:00,30.250621,-97.761436,0.0
p_004,2,2026-09-17T00:00:00-05:00,30.250634,-97.761389,0.0
p_004,2,2026-09-17T00:10:00-05:00,30.250697,-97.761484,0.0
p_004,2,2026-09-17T00:20:00-05:00,30.250669,-97.76141,0.0
p_004,2,2026-09-17T00:30:00-05:00,30.250651,-97.761468,0.0
p_004,2,2026-09-17T00:40:00-05:00,30.250682,-97.761303,0.0
p_004,2,2026-09-17T00:50:00-05:00,30.250662,-97.761401,0.0
p_004,2,2026-09-17T01:00:00-05:00,30.250602,-97.761334,0.0
p_004,2,2026-09-17T01:10:00-05:00,30.250597,-97.761455,0.0
p_004,2,2026-09-17T01:20:00-05:00,30.250634,-97.761366,0.0
p_004,2,2026-09-17T01:30:00-05:00,30.250672,-97.761477,0.0
p_004,2,2026-09-17T01:40:00-05:00,30.250658,-97.761422,0.0
p_004,2,2026-09-17T01:50:00-05:00,30.250681,-97.761403,0.0
p_004,2,2026-09-17T02:00:00-05:00,30.250627,-97.761403,0.0
p_004,2,2026-09-17T02:10:00-05:00,30.250682,-97.761404,0.0
p_004,2,2026-09-17T02:20:00-05:00,30.250658,-97.761359,0.0
p_004,2,2026-09-17T02:30:00-05:00,30.250671,-97.761441,0.0
p_004,2,2026-09-17T02:40:00-05:00,30.250682,-97.761397,0.0
p_004,2,2026-09-17T02:50:00-05:00,30.250623,-97.76139,0.0
p_004,3,2026-09-17T00:00:00-05:00,30.250663,-97.761385,0.0
p_004,3,2026-09-17T00:10:00-05:00,30.250691,-97.761462,0.0
p_004,3,2026-09-17T00:20:00-05:00,30.250618,-97.761386,0.0
p_004,3,2026-09-17T00:30:00-05:00,30.250635,-97.761322,0.0
p_004,3,2026-09-17T00:40:00-05:00,30.250715,-97.761385,0.0
p_004,3,2026-09-17T00:50:00-05:00,30.250629,-97.761429,0.0
p_004,3,2026-09-17T01:00:00-05:00,30.250654,-97.761381,0.0
p_004,3,2026-09-17T01:10:00-05:00,30.250734,-97.761409,0.0
p_004,3,2026-09-17T01:20:00-05:00,30.250707,-97.761358,0.0
p_004,3,2026-09-17T01:30:00-05:00,30.250707,-97.761369,0.0
p_004,3,2026-09-17T01:40:00-05:00,30.250619,-97.761409,0.0
p_004,3,2026-09-17T01:50:00-05:00,30.250605,-97.761411,0.0
p_004,3,2026-09-17T02:00:00-05:00,30.250626,-97.761365,0.0
p_004,3,2026-09-17T02:10:00-05:00,30.250645,-97.761432,0.0
p_004,3,2026-09-17T02:20:00-05:00,30.250657,-97.761435,0.0
p_004,3,2026-09-17T02:30:00-05:00,30.250735,-97.761309,0.0
p_004,3,2026-09-17T02:40:00-05:00,30.250662,-97.761376,0.0
p_004,3,2026-09-17T02:50:00-05:00,30.250607,-97.761319,0.0
p_004,3,2026-09-17T03:00:00-05:00,30.250708,-97.761441,0.0
p_004,3,2026-09-17T03:10:00-05:00,30.250693,-97.761454,0.0
p_004,3,2026-09-17T03:20:00-05:00,30.250653,-97.761394,0.0
p_004,3,2026-09-17T03:30:00-05:00,30.250744,-97.76142,0.0
p_004,3,2026-09-17T03:40:00-05:00,30.250661,-97.761417,0.0
p_004,3,2026-09-17T03:50:00-05:00,30.250614,-97.761407,0.0
p_004,3,2026-09-17T04:00:00-05:00,30.250686,-97.761335,0.0
p_004,3,2026-09-17T04:10:00-05:00,30.250749,-97.7614,0.0
p_004,3,2026-09-17T04:20:00-05:00,30.250671,-97.761357,0.0
p_004,3,2026-09-17T04:30:00-05:00,30.250644,-97.761438,0.0
p_004,3,2026-09-17T04:40:00-05:00,30.250667,-97.761398,0.0
p_004,3,2026-09-17T04:50:00-05:00,30.250751,-97.761451,0.0
p_004,3,2026-09-17T05:00:00-05:00,30.250631,-97.761351,0.0
p_004,3,2026-09-17T05:10:00-05:00,30.250622,-97.761359,0.0
p_004,3,2026-09-17T05:20:00-05:00,30.250694,-97.761335,0.0
p_004,3,2026-09-17T05:30:00-05:00,30.250708,-97.761442,0.0
p_004,3,2026-09-17T05:40:00-05:00,30.25065,-97.761455,0.0
p_004,3,2026-09-17T05:50:00-05:00,30.25065,-97.761364,0.0
p_004,3,2026-09-17T06:00:00-05:00,30.250651,-97.761405,0.0
p_004,3,2026-09-17T06:10:00-05:00,30.25066,-97.761411,0.0
p_004,3,2026-09-17T06:20:00-05:00,30.250685,-97.761411,0.0
p_004,3,2026-09-17T06:30:00-05:00,30.250657,-97.761403,0.0
p_004,3,2026-09-17T06:40:00-05:00,30.250668,-97.761425,0.0
p_004,3,2026-09-17T06:50:00-05:00,30.250753,-97.761372,0.0
p_004,3,2026-09-17T07:00:00-05:00,30.250678,-97.761338,0.0
p_004,3,2026-09-17T07:10:00-05:00,30.250621,-97.761396,0.0
p_004,3,2026-09-17T07:20:00-05:00,30.25064,-97.761438,0.0
p_004,3,2026-09-17T07:30:00-05:00,30.250617,-97.761412,0.0
p_004,3,2026-09-17T07:40:00-05:00,30.250645,-97.761395,0.0
p_004,3,2026-09-17T07:50:00-05:00,30.25064,-97.761358,0.0
p_004,3,2026-09-17T08:00:00-05:00,30.250651,-97.761342,0.0
p_004,3,2026-09-17T08:10:00-05:00,30.250643,-97.761413,0.0
p_004,3,2026-09-17T08:20:00-05:00,30.25069,-97.761439,0.0
p_004,3,2026-09-17T08:30:00-05:00,30.250638,-97.761455,0.0
p_004,3,2026-09-17T08:40:00-05:00,30.250733,-97.761446,0.0
p_004,3,2026-09-17T08:50:00-05:00,30.2506,-97.761362,0.0
p_004,3,2026-09-17T09:00:00-05:00,30.250687,-97.761386,0.0
p_004,3,2026-09-17T09:10:00-05:00,30.250627,-97.761407,0.0
p_004,3,2026-09-17T09:20:00-05:00,30.250685,-97.761412,0.0
p_004,3,2026-09-17T09:30:00-05:00,30.253835,-97.747078,0.0
p_004,3,2026-09-17T09:40:00-05:00,30.253851,-97.747078,0.0
p_004,3,2026-09-17T09:50:00-05:00,30.253872,-97.747154,0.0
p_004,3,2026-09-17T10:00:00-05:00,30.2538,-97.747287,0.0
p_004,3,2026-09-17T10:10:00-05:00,30.253862,-97.747101,0.0
p_004,3,2026-09-17T10:20:00-05:00,30.25383,-97.747143,0.0
p_004,3,2026-09-17T10:30:00-05:00,30.253778,-97.74721,0.0
p_004,3,2026-09-17T10:40:00-05:00,30.253853,-97.747163,0.0
p_004,3,2026-09-17T10:50:00-05:00,30.253863,-97.747193,0.0
p_004,3,2026-09-17T11:00:00-05:00,30.253846,-97.747143,0.0
p_004,3,2026-09-17T11:10:00-05:00,30.25391,-97.74713,0.0
p_004,3,2026-09-17T11:20:00-05:00,30.253864,-97.747158,0.0
p_004,3,2026-09-17T11:30:00-05:00,30.253876,-97.747179,0.0
p_004,3,2026-09-17T11:40:00-05:00,30.253811,-97.747191,0.0
p_004,3,2026-09-17T11:50:00-05:00,30.253876,-97.74723,0.0
p_004,3,2026-09-17T12:00:00-05:00,30.253835,-97.747172,0.0
p_004,3,2026-09-17T12:10:00-05:00,30.253825,-97.747134,0.0
p_004,3,2026-09-17T12:20:00-05:00,30.253791,-97.747168,0.0
p_004,3,2026-09-17T12:30:00-05:00,30.253842,-97.747259,0.0
p_004,3,2026-09-17T12:40:00-05:00,30.253785,-97.747121,0.0
p_004,3,2026-09-17T12:50:00-05:00,30.2538,-97.747152,0.0
p_004,3,2026-09-17T13:00:00-05:00,30.253837,-97.747229,0.0
p_004,3,2026-09-17T13:10:00-05:00,30.253801,-97.747167,0.0
p_004,3,2026-09-17T13:20:00-05:00,30.253835,-97.747188,0.0
p_004,3,2026-09-17T13:30:00-05:00,30.253841,-97.747177,0.0
p_004,3,2026-09-17T13:40:00-05:00,30.269229,-97.756448,0.0
p_004,3,2026-09-17T13:50:00-05:00,30.269249,-97.756488,0.0
p_004,3,2026-09-17T14:00:00-05:00,30.269301,-97.756577,0.0
p_004,3,2026-09-17T14:10:00-05:00,30.269289,-97.756498,0.0
p_004,3,2026-09-17T14:20:00-05:00,30.26931,-97.756465,0.0
p_004,3,2026-09-17T14:30:00-05:00,30.269244,-97.756455,0.0
p_004,3,2026-09-17T14:40:00-05:00,30.269288,-97.756503,0.0
p_004,3,2026-09-17T14:50:00-05:00,30.269244,-97.756418,0.0
p_004,3,2026-09-17T15:00:00-05:00,30.269287,-97.756554,0.0
p_004,3,2026-09-17T15:10:00-05:00,30.269186,-97.75644,0.0
p_004,3,2026-09-17T15:20:00-05:00,30.269245,-97.756527,0.0
p_004,3,2026-09-17T15:30:00-05:00,30.26928,-97.756395,0.0
p_004,3,2026-09-17T15:40:00-05:00,30.269294,-97.756411,0.0
p_004,3,2026-09-17T15:50:00-05:00,30.269248,-97.756522,0.0
p_004,3,2026-09-17T16:00:00-05:00,30.269245,-97.756573,0.0
p_004,3,2026-09-17T16:10:00-05:00,30.269275,-97.756523,0.0
p_004,3,2026-09-17T16:20:00-05:00,30.269252,-97.756517,0.0
p_004,3,2026-09-17T16:30:00-05:00,30.269257,-97.756423,0.0
p_004,3,2026-09-17T16:40:00-05:00,30.269257,-97.756471,0.0
p_004,3,2026-09-17T16:50:00-05:00,30.269265,-97.756467,0.0
p_004,3,2026-09-17T17:00:00-05:00,30.269241,-97.756549,0.0
p_004,3,2026-09-17T17:10:00-05:00,30.269256,-97.756491,0.0
p_004,3,2026-09-17T17:20:00-05:00,30.269284,-97.756474,0.0
p_004,3,2026-09-17T17:30:00-05:00,30.26928,-97.756502,0.0
p_004,3,2026-09-17T17:40:00-05:00,30.253921,-97.761092,5.21
p_004,3,2026-09-17T17:50:00-05:00,30.250619,-97.761344,0.0
p_004,3,2026-09-17T18:00:00-05:00,30.250736,-97.761272,0.0
p_004,3,2026-09-17T18:10:00-05:00,30.250702,-97.761444,0.0
p_004,3,2026-09-17T18:20:00-05:00,30.250672,-97.761412,0.0
p_004,3,2026-09-17T18:30:00-05:00,30.250623,-97.761396,0.0
p_004,3,2026-09-17T18:40:00-05:00,30.250701,-97.761482,0.0
p_004,3,2026-09-17T18:50:00-05:00,30.250699,-97.761353,0.0
p_004,3,2026-09-17T19:00:00-05:00,30.250719,-97.761295,0.0
p_004,3,2026-09-17T19:10:00-05:00,30.250633,-97.761388,0.0
p_004,3,2026-09-17T19:20:00-05:00,30.250658,-97.761357,0.0
p_004,3,2026-09-17T19:30:00-05:00,30.250655,-97.761288,0.0
p_004,3,2026-09-17T19:40:00-05:00,30.250701,-97.761393,0.0
p_004,3,2026-09-17T19:50:00-05:00,30.250658,-97.761431,0.0
p_004,3,2026-09-17T20:00:00-05:00,30.250677,-97.761472,0.0
p_004,3,2026-09-17T20:10:00-05:00,30.250717,-97.76139,0.0
p_004,3,2026-09-17T20:20:00-05:00,30.250669,-97.761443,0.0
p_004,3,2026-09-17T20:30:00-05:00,30.250704,-97.761317,0.0
p_004,3,2026-09-17T20:40:00-05:00,30.250663,-97.76126,0.0
p_004,3,2026-09-17T20:50:00-05:00,30.250704,-97.76137,0.0
p_004,3,2026-09-17T21:00:00-05:00,30.250711,-97.761367,0.0
p_004,3,2026-09-17T21:10:00-05:00,30.250626,-97.761313,0.0
p_004,3,2026-09-17T21:20:00-05:00,30.250703,-97.761368,0.0
p_004,3,2026-09-17T21:30:00-05:00,30.250702,-97.761294,0.0
p_004,3,2026-09-17T21:40:00-05:00,30.250646,-97.761365,0.0
p_004,3,2026-09-17T21:50:00-05:00,30.250562,-97.761429,0.0
p_004,3,2026-09-17T22:00:00-05:00,30.250695,-97.761381,0.0
p_004,3,2026-09-17T22:10:00-05:00,30.250687,-97.761489,0.0
p_004,3,2026-09-17T22:20:00-05:00,30.250672,-97.761415,0.0
p_004,3,2026-09-17T22:30:00-05:00,30.25069,-97.761418,0.0
p_004,3,2026-09-17T22:40:00-05:00,30.250706,-97.761382,0.0
p_004,3,2026-09-17T22:50:00-05:00,30.250641,-97.761337,0.0
p_004,3,2026-09-17T23:00:00-05:00,30.250714,-97.761471,0.0
p_004,3,2026-09-17T23:10:00-05:00,30.250701,-97.76142,0.0
p_004,3,2026-09-17T23:20:00-05:00,30.250692,-97.761379,0.0
p_004,3,2026-09-17T23:30:00-05:00,30.250664,-97.761472,0.0
p_004,3,2026-09-17T23:40:00-05:00,30.250595,-97.761366,0.0
p_004,3,2026-09-17T23:50:00-05:00,30.250698,-97.761324,0.0
p_004,3,2026-09-18T00:00:00-05:00,30.250679,-97.761267,0.0
p_004,3,2026-09-18T00:10:00-05:00,30.250664,-97.761444,0.0
p_004,3,2026-09-18T00:20:00-05:00,30.250687,-97.761387,0.0
p_004,3,2026-09-18T00:30:00-05:00,30.250654,-97.761405,0.0
p_004,3,2026-09-18T00:40:00-05:00,30.250768,-97.761357,0.0
p_004,3,2026-09-18T00:50:00-05:00,30.250626,-97.761298,0.0
p_004,3,2026-09-18T01:00:00-05:00,30.25071,-97.76134,0.0
p_004,3,2026-09-18T01:10:00-05:00,30.250693,-97.76129,0.0
p_004,3,2026-09-18T01:20:00-05:00,30.250599,-97.761356,0.0
p_004,3,2026-09-18T01:30:00-05:00,30.250643,-97.761453,0.0
p_004,3,2026-09-18T01:40:00-05:00,30.250626,-97.761328,0.0
p_004,3,2026-09-18T01:50:00-05:00,30.250667,-97.7614,0.0
p_004,3,2026-09-18T02:00:00-05:00,30.250703,-97.761423,0.0
p_004,3,2026-09-18T02:10:00-05:00,30.250719,-97.761292,0.0
p_004,3,2026-09-18T02:20:00-05:00,30.25072,-97.761371,0.0
p_004,3,2026-09-18T02:30:00-05:00,30.250784,-97.761397,0.0
p_004,3,2026-09-18T02:40:00-05:00,30.250624,-97.761444,0.0
p_004,3,2026-09-18T02:50:00-05:00,30.250654,-97.761416,0.0
p_004,4,2026-09-18T00:00:00-05:00,30.250629,-97.761443,0.0
p_004,4,2026-09-18T00:10:00-05:00,30.25063,-97.761415,0.0
p_004,4,2026-09-18T00:20:00-05:00,30.250685,-97.761461,0.0
p_004,4,2026-09-18T00:30:00-05:00,30.250654,-97.761439,0.0
p_004,4,2026-09-18T00:40:00-05:00,30.250675,-97.761358,0.0
p_004,4,2026-09-18T00:50:00-05:00,30.250654,-97.761381,0.0
p_004,4,2026-09-18T01:00:00-05:00,30.250638,-97.761328,0.0
p_004,4,2026-09-18T01:10:00-05:00,30.250649,-97.761465,0.0
p_004,4,2026-09-18T01:20:00-05:00,30.250678,-97.761457,0.0
p_004,4,2026-09-18T01:30:00-05:00,30.250617,-97.761384,0.0
p_004,4,2026-09-18T01:40:00-05:00,30.250675,-97.761375,0.0
p_004,4,2026-09-18T01:50:00-05:00,30.250651,-97.761376,0.0
p_004,4,2026-09-18T02:00:00-05:00,30.250717,-97.76148,0.0
p_004,4,2026-09-18T02:10:00-05:00,30.250652,-97.7614,0.0
p_004,4,2026-09-18T02:20:00-05:00,30.250709,-97.761423,0.0
p_004,4,2026-09-18T02:30:00-05:00,30.250696,-97.761358,0.0
p_004,4,2026-09-18T02:40:00-05:00,30.250657,-97.761367,0.0
p_004,4,2026-09-18T02:50:00-05:00,30.250697,-97.761431,0.0
p_004,4,2026-09-18T03:00:00-05:00,30.250695,-97.761365,0.0
p_004,4,2026-09-18T03:10:00-05:00,30.250592,-97.761363,0.0
p_004,4,2026-09-18T03:20:00-05:00,30.250631,-97.761389,0.0
p_004,4,2026-09-18T03:30:00-05:00,30.250622,-97.761414,0.0
p_004,4,2026-09-18T03:40:00-05:00,30.25068,-97.761431,0.0
p_004,4,2026-09-18T03:50:00-05:00,30.250714,-97.761398,0.0
p_004,4,2026-09-18T04:00:00-05:00,30.250707,-97.761416,0.0
p_004,4,2026-09-18T04:10:00-05:00,30.250676,-97.761406,0.0
p_004,4,2026-09-18T04:20:00-05:00,30.250609,-97.761396,0.0
p_004,4,2026-09-18T04:30:00-05:00,30.250666,-97.761427,0.0
p_004,4,2026-09-18T04:40:00-05:00,30.250636,-97.761413,0.0
p_004,4,2026-09-18T04:50:00-05:00,30.25064,-97.761416,0.0
p_004,4,2026-09-18T05:00:00-05:00,30.250701,-97.761315,0.0
p_004,4,2026-09-18T05:10:00-05:00,30.250655,-97.761426,0.0
p_004,4,2026-09-18T05:20:00-05:00,30.25068,-97.761384,0.0
p_004,4,2026-09-18T05:30:00-05:00,30.250686,-97.761397,0.0
p_004,4,2026-09-18T05:40:00-05:00,30.250628,-97.761387,0.0
p_004,4,2026-09-18T05:50:00-05:00,30.250624,-97.761404,0.0
p_004,4,2026-09-18T06:00:00-05:00,30.250674,-97.761393,0.0
p_004,4,2026-09-18T06:10:00-05:00,30.250673,-97.761391,0.0
p_004,4,2026-09-18T06:20:00-05:00,30.250601,-97.761331,0.0
p_004,4,2026-09-18T06:30:00-05:00,30.25058,-97.761407,0.0
p_004,4,2026-09-18T06:40:00-05:00,30.250669,-97.761492,0.0
p_004,4,2026-09-18T06:50:00-05:00,30.250622,-97.761346,0.0
p_004,4,2026-09-18T07:00:00-05:00,30.250678,-97.761379,0.0
p_004,4,2026-09-18T07:10:00-05:00,30.250655,-97.761417,0.0
p_004,4,2026-09-18T07:20:00-05:00,30.250645,-97.761385,0.0
p_004,4,2026-09-18T07:30:00-05:00,30.250613,-97.76138,0.0
p_004,4,2026-09-18T07:40:00-05:00,30.250693,-97.761398,0.0
p_004,4,2026-09-18T07:50:00-05:00,30.250613,-97.761477,0.0
p_004,4,2026-09-18T08:00:00-05:00,30.250664,-97.761423,0.0
p_004,4,2026-09-18T08:10:00-05:00,30.25065,-97.761334,0.0
p_004,4,2026-09-18T08:20:00-05:00,30.250639,-97.76142,0.0
p_004,4,2026-09-18T08:30:00-05:00,30.250652,-97.761484,0.0
p_004,4,2026-09-18T08:40:00-05:00,30.250692,-97.761323,0.0
p_004,4,2026-09-18T08:50:00-05:00,30.25065,-97.761376,0.0
p_004,4,2026-09-18T09:00:00-05:00,30.253834,-97.74712,0.0
p_004,4,2026-09-18T09:10:00-05:00,30.25379,-97.747178,0.0
p_004,4,2026-09-18T09:20:00-05:00,30.253851,-97.747179,0.0
p_004,4,2026-09-18T09:30:00-05:00,30.253786,-97.747125,0.0
p_004,4,2026-09-18T09:40:00-05:00,30.253806,-97.747178,0.0
p_004,4,2026-09-18T09:50:00-05:00,30.253911,-97.747246,0.0
p_004,4,2026-09-18T10:00:00-05:00,30.253809,-97.747136,0.0
p_004,4,2026-09-18T10:10:00-05:00,30.253822,-97.747174,0.0
p_004,4,2026-09-18T10:20:00-05:00,30.253774,-97.747156,0.0
p_004,4,2026-09-18T10:30:00-05:00,30.253821,-97.747207,0.0
p_004,4,2026-09-18T10:40:00-05:00,30.253891,-97.747154,0.0
p_004,4,2026-09-18T10:50:00-05:00,30.25387,-97.747094,0.0
p_004,4,2026-09-18T11:00:00-05:00,30.2538,-97.74716,0.0
p_004,4,2026-09-18T11:10:00-05:00,30.253885,-97.74711,0.0
p_004,4,2026-09-18T11:20:00-05:00,30.253845,-97.747148,0.0
p_004,4,2026-09-18T11:30:00-05:00,30.253844,-97.747121,0.0
p_004,4,2026-09-18T11:40:00-05:00,30.25384,-97.74718,0.0
p_004,4,2026-09-18T11:50:00-05:00,30.25384,-97.74718,0.0
p_004,4,2026-09-18T12:00:00-05:00,30.253838,-97.747213,0.0
p_004,4,2026-09-18T12:10:00-05:00,30.253745,-97.747126,0.0
p_004,4,2026-09-18T12:20:00-05:00,30.253826,-97.747141,0.0
p_004,4,2026-09-18T12:30:00-05:00,30.253815,-97.747135,0.0
p_004,4,2026-09-18T12:40:00-05:00,30.253837,-97.747177,0.0
p_004,4,2026-09-18T12:50:00-05:00,30.253809,-97.747181,0.0
p_004,4,2026-09-18T13:00:00-05:00,30.253786,-97.747176,0.0
p_004,4,2026-09-18T13:10:00-05:00,30.253857,-97.74709,0.0
p_004,4,2026-09-18T13:20:00-05:00,30.253767,-97.747172,0.0
p_004,4,2026-09-18T13:30:00-05:00,30.253852,-97.747111,0.0
p_004,4,2026-09-18T13:40:00-05:00,30.269272,-97.756425,0.0
p_004,4,2026-09-18T13:50:00-05:00,30.269225,-97.75657,0.0
p_004,4,2026-09-18T14:00:00-05:00,30.269199,-97.756528,0.0
p_004,4,2026-09-18T14:10:00-05:00,30.269152,-97.756464,0.0
p_004,4,2026-09-18T14:20:00-05:00,30.269217,-97.756431,0.0
p_004,4,2026-09-18T14:30:00-05:00,30.26926,-97.756545,0.0
p_004,4,2026-09-18T14:40:00-05:00,30.269167,-97.7565,0.0
p_004,4,2026-09-18T14:50:00-05:00,30.269276,-97.756466,0.0
p_004,4,2026-09-18T15:00:00-05:00,30.269213,-97.756477,0.0
p_004,4,2026-09-18T15:10:00-05:00,30.269267,-97.756505,0.0
p_004,4,2026-09-18T15:20:00-05:00,30.269282,-97.756535,0.0
p_004,4,2026-09-18T15:30:00-05:00,30.269205,-97.756518,0.0
p_004,4,2026-09-18T15:40:00-05:00,30.269294,-97.756507,0.0
p_004,4,2026-09-18T15:50:00-05:00,30.2692,-97.756523,0.0
p_004,4,2026-09-18T16:00:00-05:00,30.269228,-97.756452,0.0
p_004,4,2026-09-18T16:10:00-05:00,30.269243,-97.75642,0.0
p_004,4,2026-09-18T16:20:00-05:00,30.269267,-97.756538,0.0
p_004,4,2026-09-18T16:30:00-05:00,30.269204,-97.756555,0.0
p_004,4,2026-09-18T16:40:00-05:00,30.26918,-97.756468,0.0
p_004,4,2026-09-18T16:50:00-05:00,30.269192,-97.756492,0.0
p_004,4,2026-09-18T17:00:00-05:00,30.269352,-97.75665,0.0
p_004,4,2026-09-18T17:10:00-05:00,30.269249,-97.756492,0.0
p_004,4,2026-09-18T17:20:00-05:00,30.269233,-97.75652,0.0
p_004,4,2026-09-18T17:30:00-05:00,30.269214,-97.756511,0.0
p_004,4,2026-09-18T17:40:00-05:00,30.269312,-97.756462,0.0
p_004,4,2026-09-18T17:50:00-05:00,30.269314,-97.756434,0.0
p_004,4,2026-09-18T18:00:00-05:00,30.269265,-97.75651,0.0
p_004,4,2026-09-18T18:10:00-05:00,30.269231,-97.756438,0.0
p_004,4,2026-09-18T18:20:00-05:00,30.269261,-97.756472,0.0
p_004,4,2026-09-18T18:30:00-05:00,30.269292,-97.756476,0.0
p_004,4,2026-09-18T18:40:00-05:00,30.26924,-97.756526,0.0
p_004,4,2026-09-18T18:50:00-05:00,30.269239,-97.75654,0.0
p_004,4,2026-09-18T19:00:00-05:00,30.25472,-97.760554,7.38
p_004,4,2026-09-18T19:10:00-05:00,30.250661,-97.761434,0.0
p_004,4,2026-09-18T19:20:00-05:00,30.250539,-97.761435,0.0
p_004,4,2026-09-18T19:30:00-05:00,30.250675,-97.761527,0.0
p_004,4,2026-09-18T19:40:00-05:00,30.250676,-97.761386,0.0
p_004,4,2026-09-18T19:50:00-05:00,30.250698,-97.761433,0.0
p_004,4,2026-09-18T20:00:00-05:00,30.250697,-97.761373,0.0
p_004,4,2026-09-18T20:10:00-05:00,30.25059,-97.761433,0.0
p_004,4,2026-09-18T20:20:00-05:00,30.250646,-97.761437,0.0
p_004,4,2026-09-18T20:30:00-05:00,30.250662,-97.761336,0.0
p_004,4,2026-09-18T20:40:00-05:00,30.250714,-97.761373,0.0
p_004,4,2026-09-18T20:50:00-05:00,30.250654,-97.761377,0.0
p_004,4,2026-09-18T21:00:00-05:00,30.250641,-97.761353,0.0
p_004,4,2026-09-18T21:10:00-05:00,30.250651,-97.761464,0.0
p_004,4,2026-09-18T21:20:00-05:00,30.250588,-97.761418,0.0
p_004,4,2026-09-18T21:30:00-05:00,30.250635,-97.761423,0.0
p_004,4,2026-09-18T21:40:00-05:00,30.250652,-97.76141,0.0
p_004,4,2026-09-18T21:50:00-05:00,30.250676,-97.761468,0.0
p_004,4,2026-09-18T22:00:00-05:00,30.250684,-97.761429,0.0
p_004,4,2026-09-18T22:10:00-05:00,30.250623,-97.761506,0.0
p_004,4,2026-09-18T22:20:00-05:00,30.250661,-97.761399,0.0
p_004,4,2026-09-18T22:30:00-05:00,30.250618,-97.76128,0.0
p_004,4,2026-09-18T22:40:00-05:00,30.250618,-97.761474,0.0
p_004,4,2026-09-18T22:50:00-05:00,30.25069,-97.761208,0.0
p_004,4,2026-09-18T23:00:00-05:00,30.250682,-97.761383,0.0
p_004,4,2026-09-18T23:10:00-05:00,30.250699,-97.761408,0.0
p_004,4,2026-09-18T23:20:00-05:00,30.250641,-97.761361,0.0
p_004,4,2026-09-18T23:30:00-05:00,30.250727,-97.761435,0.0
p_004,4,2026-09-18T23:40:00-05:00,30.250674,-97.761481,0.0
p_004,4,2026-09-18T23:50:00-05:00,30.250688,-97.761362,0.0
p_004,4,2026-09-19T00:00:00-05:00,30.25068,-97.761466,0.0
p_004,4,2026-09-19T00:10:00-05:00,30.250662,-97.761389,0.0
p_004,4,2026-09-19T00:20:00-05:00,30.250702,-97.761402,0.0
p_004,4,2026-09-19T00:30:00-05:00,30.250721,-97.761493,0.0
p_004,4,2026-09-19T00:40:00-05:00,30.250659,-97.761482,0.0
p_004,4,2026-09-19T00:50:00-05:00,30.25064,-97.761328,0.0
p_004,4,2026-09-19T01:00:00-05:00,30.250723,-97.761344,0.0
p_004,4,2026-09-19T01:10:00-05:00,30.250659,-97.761459,0.0
p_004,4,2026-09-19T01:20:00-05:00,30.25061,-97.761347,0.0
p_004,4,2026-09-19T01:30:00-05:00,30.250596,-97.761269,0.0
p_004,4,2026-09-19T01:40:00-05:00,30.250661,-97.761452,0.0
p_004,4,2026-09-19T01:50:00-05:00,30.250608,-97.761452,0.0
p_004,4,2026-09-19T02:00:00-05:00,30.250579,-97.761422,0.0
p_004,4,2026-09-19T02:10:00-05:00,30.250738,-97.761455,0.0
p_004,4,2026-09-19T02:20:00-05:00,30.250736,-97.761399,0.0
p_004,4,2026-09-19T02:30:00-05:00,30.250623,-97.761402,0.0
p_004,4,2026-09-19T02:40:00-05:00,30.250636,-97.761388,0.0
p_004,4,2026-09-19T02:50:00-05:00,30.250707,-97.761368,0.0
p_005,0,2026-09-14T00:00:00-05:00,30.26404,-97.743551,0.0
p_005,0,2026-09-14T00:10:00-05:00,30.264127,-97.743549,0.0
p_005,0,2026-09-14T00:20:00-05:00,30.26412,-97.743547,0.0
p_005,0,2026-09-14T00:30:00-05:00,30.264072,-97.743498,0.0
p_005,0,2026-09-14T00:40:00-05:00,30.264098,-97.743572,0.0
p_005,0,2026-09-14T00:50:00-05:00,30.264157,-97.743588,0.0
p_005,0,2026-09-14T01:00:00-05:00,30.264038,-97.743637,0.0
p_005,0,2026-09-14T01:10:00-05:00,30.26405,-97.743557,0.0
p_005,0,2026-09-14T01:20:00-05:00,30.264099,-97.743626,0.0
p_005,0,2026-09-14T01:30:00-05:00,30.264186,-97.743572,0.0
p_005,0,2026-09-14T01:40:00-05:00,30.264129,-97.74352,0.0
p_005,0,2026-09-14T01:50:00-05:00,30.264093,-97.743527,0.0
p_005,0,2026-09-14T02:00:00-05:00,30.264074,-97.743592,0.0
p_005,0,2026-09-14T02:10:00-05:00,30.264125,-97.743517,0.0
p_005,0,2026-09-14T02:20:00-05:00,30.264113,-97.743507,0.0
p_005,0,2026-09-14T02:30:00-05:00,30.264046,-97.743576,0.0
p_005,0,2026-09-14T02:40:00-05:00,30.264036,-97.743569,0.0
p_005,0,2026-09-14T02:50:00-05:00,30.264143,-97.743616,0.0
p_005,0,2026-09-14T03:00:00-05:00,30.264133,-97.743584,0.0
p_005,0,2026-09-14T03:10:00-05:00,30.264041,-97.743565,0.0
p_005,0,2026-09-14T03:20:00-05:00,30.264126,-97.743605,0.0
p_005,0,2026-09-14T03:30:00-05:00,30.264128,-97.743494,0.0
p_005,0,2026-09-14T03:40:00-05:00,30.264089,-97.743558,0.0
p_005,0,2026-09-14T03:50:00-05:00,30.264131,-97.743505,0.0
p_005,0,2026-09-14T04:00:00-05:00,30.264103,-97.743523,0.0
p_005,0,2026-09-14T04:10:00-05:00,30.264157,-97.743558,0.0
p_005,0,2026-09-14T04:20:00-05:00,30.264103,-97.74358,0.0
p_005,0,2026-09-14T04:30:00-05:00,30.264111,-97.74355,0.0
p_005,0,2026-09-14T04:40:00-05:00,30.264136,-97.743551,0.0
p_005,0,2026-09-14T04:50:00-05:00,30.264053,-97.743587,0.0
p_005,0,2026-09-14T05:00:00-05:00,30.264107,-97.743599,0.0
p_005,0,2026-09-14T05:10:00-05:00,30.264167,-97.74361,0.0
p_005,0,2026-09-14T05:20:00-05:00,30.26409,-97.743537,0.0
p_005,0,2026-09-14T05:30:00-05:00,30.264099,-97.743504,0.0
p_005,0,2026-09-14T05:40:00-05:00,30.264166,-97.743543,0.0
p_005,0,2026-09-14T05:50:00-05:00,30.264182,-97.743612,0.0
p_005,0,2026-09-14T06:00:00-05:00,30.264105,-97.743567,0.0
p_005,0,2026-09-14T06:10:00-05:00,30.264115,-97.743583,0.0
p_005,0,2026-09-14T06:20:00-05:00,30.26415,-97.743565,0.0
p_005,0,2026-09-14T06:30:00-05:00,30.264185,-97.743586,0.0
p_005,0,2026-09-14T06:40:00-05:00,30.264152,-97.743544,0.0
p_005,0,2026-09-14T06:50:00-05:00,30.264136,-97.743551,0.0
p_005,0,2026-09-14T07:00:00-05:00,30.264095,-97.743583,0.0
p_005,0,2026-09-14T07:10:00-05:00,30.264085,-97.743595,0.0
p_005,0,2026-09-14T07:20:00-05:00,30.264103,-97.743598,0.0
p_005,0,2026-09-14T07:30:00-05:00,30.264113,-97.743575,0.0
p_005,0,2026-09-14T07:40:00-05:00,30.264138,-97.743507,0.0
p_005,0,2026-09-14T07:50:00-05:00,30.264111,-97.74357,0.0
p_005,0,2026-09-14T08:00:00-05:00,30.2642,-97.743571,0.0
p_005,0,2026-09-14T08:10:00-05:00,30.264087,-97.743559,0.0
p_005,0,2026-09-14T08:20:00-05:00,30.264102,-97.743619,0.0
p_005,0,2026-09-14T08:30:00-05:00,30.264133,-97.743529,0.0
p_005,0,2026-09-14T08:40:00-05:00,30.264185,-97.743552,0.0
p_005,0,2026-09-14T08:50:00-05:00,30.264064,-97.743579,0.0
p_005,0,2026-09-14T09:00:00-05:00,30.255014,-97.728836,4.15
p_005,0,2026-09-14T09:10:00-05:00,30.252337,-97.7237,0.0
p_005,0,2026-09-14T09:20:00-05:00,30.252302,-97.723672,0.0
p_005,0,2026-09-14T09:30:00-05:00,30.252225,-97.723662,0.0
p_005,0,2026-09-14T09:40:00-05:00,30.252256,-97.723644,0.0
p_005,0,2026-09-14T09:50:00-05:00,30.252292,-97.723634,0.0
p_005,0,2026-09-14T10:00:00-05:00,30.25231,-97.723576,0.0
p_005,0,2026-09-14T10:10:00-05:00,30.252282,-97.723631,0.0
p_005,0,2026-09-14T10:20:00-05:00,30.252312,-97.723666,0.0
p_005,0,2026-09-14T10:30:00-05:00,30.252299,-97.723676,0.0
p_005,0,2026-09-14T10:40:00-05:00,30.252319,-97.723667,0.0
p_005,0,2026-09-14T10:50:00-05:00,30.252301,-97.723638,0.0
p_005,0,2026-09-14T11:00:00-05:00,30.25229,-97.723668,0.0
p_005,0,2026-09-14T11:10:00-05:00,30.25232,-97.723568,0.0
p_005,0,2026-09-14T11:20:00-05:00,30.252246,-97.723625,0.0
p_005,0,2026-09-14T11:30:00-05:00,30.252337,-97.723713,0.0
p_005,0,2026-09-14T11:40:00-05:00,30.252251,-97.723646,0.0
p_005,0,2026-09-14T11:50:00-05:00,30.252302,-97.72353,0.0
p_005,0,2026-09-14T12:00:00-05:00,30.252325,-97.723649,0.0
p_005,0,2026-09-14T12:10:00-05:00,30.252265,-97.723672,0.0
p_005,0,2026-09-14T12:20:00-05:00,30.260079,-97.726428,6.62
p_005,0,2026-09-14T12:30:00-05:00,30.26564,-97.728154,0.0
p_005,0,2026-09-14T12:40:00-05:00,30.265685,-97.728319,0.0
p_005,0,2026-09-14T12:50:00-05:00,30.265569,-97.728254,0.0
p_005,0,2026-09-14T13:00:00-05:00,30.265614,-97.728311,0.0
p_005,0,2026-09-14T13:10:00-05:00,30.265629,-97.72834,0.0
p_005,0,2026-09-14T13:20:00-05:00,30.265651,-97.728181,0.0
p_005,0,2026-09-14T13:30:00-05:00,30.265621,-97.72828,0.0
p_005,0,2026-09-14T13:40:00-05:00,30.274978,-97.742165,0.0
p_005,0,2026-09-14T13:50:00-05:00,30.274973,-97.742237,0.0
p_005,0,2026-09-14T14:00:00-05:00,30.274923,-97.742291,0.0
p_005,0,2026-09-14T14:10:00-05:00,30.274967,-97.742281,0.0
p_005,0,2026-09-14T14:20:00-05:00,30.274979,-97.742157,0.0
p_005,0,2026-09-14T14:30:00-05:00,30.274895,-97.74218,0.0
p_005,0,2026-09-14T14:40:00-05:00,30.274942,-97.74225,0.0
p_005,0,2026-09-14T14:50:00-05:00,30.274868,-97.742203,0.0
p_005,0,2026-09-14T15:00:00-05:00,30.274947,-97.742252,0.0
p_005,0,2026-09-14T15:10:00-05:00,30.274928,-97.742225,0.0
p_005,0,2026-09-14T15:20:00-05:00,30.275039,-97.74226,0.0
p_005,0,2026-09-14T15:30:00-05:00,30.274899,-97.742286,0.0
p_005,0,2026-09-14T15:40:00-05:00,30.274883,-97.74216,0.0
p_005,0,2026-09-14T15:50:00-05:00,30.274882,-97.742259,0.0
p_005,0,2026-09-14T16:00:00-05:00,30.275028,-97.742184,0.0
p_005,0,2026-09-14T16:10:00-05:00,30.274883,-97.742278,0.0
p_005,0,2026-09-14T16:20:00-05:00,30.274956,-97.742221,0.0
p_005,0,2026-09-14T16:30:00-05:00,30.274959,-97.742372,0.0
p_005,0,2026-09-14T16:40:00-05:00,30.27489,-97.74222,0.0
p_005,0,2026-09-14T16:50:00-05:00,30.274995,-97.74227,0.0
p_005,0,2026-09-14T17:00:00-05:00,30.274951,-97.742221,0.0
p_005,0,2026-09-14T17:10:00-05:00,30.274862,-97.742179,0.0
p_005,0,2026-09-14T17:20:00-05:00,30.274966,-97.742264,0.0
p_005,0,2026-09-14T17:30:00-05:00,30.275004,-97.74224,0.0
p_005,0,2026-09-14T17:40:00-05:00,30.274927,-97.742186,0.0
p_005,0,2026-09-14T17:50:00-05:00,30.274926,-97.742189,0.0
p_005,0,2026-09-14T18:00:00-05:00,30.274961,-97.742206,0.0
p_005,0,2026-09-14T18:10:00-05:00,30.274969,-97.742266,0.0
p_005,0,2026-09-14T18:20:00-05:00,30.274944,-97.742216,0.0
p_005,0,2026-09-14T18:30:00-05:00,30.274899,-97.742279,0.0
p_005,0,2026-09-14T18:40:00-05:00,30.274907,-97.742278,0.0
p_005,0,2026-09-14T18:50:00-05:00,30.274932,-97.742241,0.0
p_005,0,2026-09-14T19:00:00-05:00,30.274935,-97.742225,0.0
p_005,0,2026-09-14T19:10:00-05:00,30.274959,-97.742233,0.0
p_005,0,2026-09-14T19:20:00-05:00,30.274937,-97.742267,0.0
p_005,0,2026-09-14T19:30:00-05:00,30.274949,-97.742193,0.0
p_005,0,2026-09-14T19:40:00-05:00,30.274954,-97.742195,0.0
p_005,0,2026-09-14T19:50:00-05:00,30.274928,-97.742233,0.0
p_005,0,2026-09-14T20:00:00-05:00,30.274949,-97.742246,0.0
p_005,0,2026-09-14T20:10:00-05:00,30.275007,-97.742304,0.0
p_005,0,2026-09-14T20:20:00-05:00,30.274929,-97.742259,0.0
p_005,0,2026-09-14T20:30:00-05:00,30.275036,-97.742275,0.0
p_005,0,2026-09-14T20:40:00-05:00,30.274981,-97.742216,0.0
p_005,0,2026-09-14T20:50:00-05:00,30.274967,-97.742243,0.0
p_005,0,2026-09-14T21:00:00-05:00,30.274922,-97.742263,0.0
p_005,0,2026-09-14T21:10:00-05:00,30.274993,-97.742241,0.0
p_005,0,2026-09-14T21:20:00-05:00,30.275005,-97.742235,0.0
p_005,0,2026-09-14T21:30:00-05:00,30.274924,-97.742229,0.0
p_005,0,2026-09-14T21:40:00-05:00,30.27496,-97.742227,0.0
p_005,0,2026-09-14T21:50:00-05:00,30.274935,-97.742247,0.0
p_005,0,2026-09-14T22:00:00-05:00,30.275067,-97.742275,0.0
p_005,0,2026-09-14T22:10:00-05:00,30.27498,-97.742316,0.0
p_005,0,2026-09-14T22:20:00-05:00,30.274908,-97.742296,0.0
p_005,0,2026-09-14T22:30:00-05:00,30.265142,-97.743379,4.44
p_005,0,2026-09-14T22:40:00-05:00,30.264117,-97.743505,0.0
p_005,0,2026-09-14T22:50:00-05:00,30.264189,-97.743549,0.0
p_005,0,2026-09-14T23:00:00-05:00,30.264095,-97.743522,0.0
p_005,0,2026-09-14T23:10:00-05:00,30.264123,-97.743576,0.0
p_005,0,2026-09-14T23:20:00-05:00,30.264136,-97.743601,0.0
p_005,0,2026-09-14T23:30:00-05:00,30.264159,-97.743566,0.0
p_005,0,2026-09-14T23:40:00-05:00,30.264185,-97.743631,0.0
p_005,0,2026-09-14T23:50:00-05:00,30.264143,-97.743671,0.0
p_005,0,2026-09-15T00:00:00-05:00,30.264103,-97.743551,0.0
p_005,0,2026-09-15T00:10:00-05:00,30.264141,-97.74361,0.0
p_005,0,2026-09-15T00:20:00-05:00,30.264088,-97.743564,0.0
p_005,0,2026-09-15T00:30:00-05:00,30.264107,-97.743545,0.0
p_005,0,2026-09-15T00:40:00-05:00,30.264123,-97.743623,0.0
p_005,0,2026-09-15T00:50:00-05:00,30.264093,-97.743623,0.0
p_005,0,2026-09-15T01:00:00-05:00,30.264149,-97.743587,0.0
p_005,0,2026-09-15T01:10:00-05:00,30.264154,-97.743445,0.0
p_005,0,2026-09-15T01:20:00-05:00,30.264228,-97.743627,0.0
p_005,0,2026-09-15T01:30:00-05:00,30.264126,-97.743619,0.0
p_005,0,2026-09-15T01:40:00-05:00,30.264111,-97.743643,0.0
p_005,0,2026-09-15T01:50:00-05:00,30.264078,-97.743549,0.0
p_005,0,2026-09-15T02:00:00-05:00,30.264094,-97.74362,0.0
p_005,0,2026-09-15T02:10:00-05:00,30.264097,-97.743549,0.0
p_005,0,2026-09-15T02:20:00-05:00,30.264116,-97.743613,0.0
p_005,0,2026-09-15T02:30:00-05:00,30.264164,-97.743608,0.0
p_005,0,2026-09-15T02:40:00-05:00,30.264105,-97.743577,0.0
p_005,0,2026-09-15T02:50:00-05:00,30.26411,-97.743562,0.0
p_005,1,2026-09-15T00:00:00-05:00,30.264163,-97.743548,0.0
p_005,1,2026-09-15T00:10:00-05:00,30.264089,-97.743528,0.0
p_005,1,2026-09-15T00:20:00-05:00,30.264137,-97.743615,0.0
p_005,1,2026-09-15T00:30:00-05:00,30.264134,-97.743533,0.0
p_005,1,2026-09-15T00:40:00-05:00,30.264096,-97.743542,0.0
p_005,1,2026-09-15T00:50:00-05:00,30.264091,-97.743589,0.0
p_005,1,2026-09-15T01:00:00-05:00,30.26401,-97.743558,0.0
p_005,1,2026-09-15T01:10:00-05:00,30.264098,-97.743632,0.0
p_005,1,2026-09-15T01:20:00-05:00,30.264112,-97.743549,0.0
p_005,1,2026-09-15T01:30:00-05:00,30.264112,-97.743611,0.0
p_005,1,2026-09-15T01:40:00-05:00,30.264147,-97.743562,0.0
p_005,1,2026-09-15T01:50:00-05:00,30.264155,-97.74354,0.0
p_005,1,2026-09-15T02:00:00-05:00,30.264172,-97.743547,0.0
p_005,1,2026-09-15T02:10:00-05:00,30.264124,-97.74359,0.0
p_005,1,2026-09-15T02:20:00-05:00,30.264105,-97.743621,0.0
p_005,1,2026-09-15T02:30:00-05:00,30.264127,-97.743532,0.0
p_005,1,2026-09-15T02:40:00-05:00,30.264092,-97.743554,0.0
p_005,1,2026-09-15T02:50:00-05:00,30.264163,-97.743611,0.0
p_005,1,2026-09-15T03:00:00-05:00,30.264015,-97.743591,0.0
p_005,1,2026-09-15T03:10:00-05:00,30.264121,-97.743595,0.0
p_005,1,2026-09-15T03:20:00-05:00,30.264149,-97.743564,0.0
p_005,1,2026-09-15T03:30:00-05:00,30.264109,-97.743538,0.0
p_005,1,2026-09-15T03:40:00-05:00,30.264138,-97.743555,0.0
p_005,1,2026-09-15T03:50:00-05:00,30.264176,-97.743523,0.0
p_005,1,2026-09-15T04:00:00-05:00,30.26406,-97.743587,0.0
p_005,1,2026-09-15T04:10:00-05:00,30.264121,-97.74355,0.0
p_005,1,2026-09-15T04:20:00-05:00,30.264118,-97.743585,0.0
p_005,1,2026-09-15T04:30:00-05:00,30.264092,-97.743543,0.0
p_005,1,2026-09-15T04:40:00-05:00,30.264115,-97.743551,0.0
p_005,1,2026-09-15T04:50:00-05:00,30.264046,-97.743535,0.0
p_005,1,2026-09-15T05:00:00-05:00,30.264095,-97.743531,0.0
p_005,1,2026-09-15T05:10:00-05:00,30.264148,-97.743503,0.0
p_005,1,2026-09-15T05:20:00-05:00,30.264106,-97.743556,0.0
p_005,1,2026-09-15T05:30:00-05:00,30.264079,-97.743684,0.0
p_005,1,2026-09-15T05:40:00-05:00,30.264125,-97.743597,0.0
p_005,1,2026-09-15T05:50:00-05:00,30.264072,-97.743503,0.0
p_005,1,2026-09-15T06:00:00-05:00,30.264155,-97.743485,0.0
p_005,1,2026-09-15T06:10:00-05:00,30.264148,-97.743598,0.0
p_005,1,2026-09-15T06:20:00-05:00,30.264153,-97.743525,0.0
p_005,1,2026-09-15T06:30:00-05:00,30.264067,-97.743588,0.0
p_005,1,2026-09-15T06:40:00-05:00,30.264167,-97.743626,0.0
p_005,1,2026-09-15T06:50:00-05:00,30.264138,-97.743581,0.0
p_005,1,2026-09-15T07:00:00-05:00,30.264117,-97.743507,0.0
p_005,1,2026-09-15T07:10:00-05:00,30.264087,-97.743636,0.0
p_005,1,2026-09-15T07:20:00-05:00,30.264157,-97.743512,0.0
p_005,1,2026-09-15T07:30:00-05:00,30.264122,-97.743558,0.0
p_005,1,2026-09-15T07:40:00-05:00,30.264141,-97.743614,0.0
p_005,1,2026-09-15T07:50:00-05:00,30.264123,-97.743596,0.0
p_005,1,2026-09-15T08:00:00-05:00,30.264163,-97.743585,0.0
p_005,1,2026-09-15T08:10:00-05:00,30.264175,-97.743532,0.0
p_005,1,2026-09-15T08:20:00-05:00,30.264089,-97.743548,0.0
p_005,1,2026-09-15T08:30:00-05:00,30.264149,-97.743608,0.0
p_005,1,2026-09-15T08:40:00-05:00,30.264102,-97.743456,0.0
p_005,1,2026-09-15T08:50:00-05:00,30.264135,-97.743583,0.0
p_005,1,2026-09-15T09:00:00-05:00,30.264071,-97.74353,0.0
p_005,1,2026-09-15T09:10:00-05:00,30.263937,-97.739824,5.85
p_005,1,2026-09-15T09:20:00-05:00,30.261722,-97.722831,0.0
p_005,1,2026-09-15T09:30:00-05:00,30.26172,-97.722866,0.0
p_005,1,2026-09-15T09:40:00-05:00,30.261833,-97.722888,0.0
p_005,1,2026-09-15T09:50:00-05:00,30.261755,-97.722865,0.0
p_005,1,2026-09-15T10:00:00-05:00,30.26177,-97.722911,0.0
p_005,1,2026-09-15T10:10:00-05:00,30.261767,-97.72286,0.0
p_005,1,2026-09-15T10:20:00-05:00,30.261709,-97.722857,0.0
p_005,1,2026-09-15T10:30:00-05:00,30.26174,-97.722849,0.0
p_005,1,2026-09-15T10:40:00-05:00,30.261763,-97.722902,0.0
p_005,1,2026-09-15T10:50:00-05:00,30.261871,-97.722939,0.0
p_005,1,2026-09-15T11:00:00-05:00,30.261728,-97.722836,0.0
p_005,1,2026-09-15T11:10:00-05:00,30.261749,-97.722887,0.0
p_005,1,2026-09-15T11:20:00-05:00,30.261687,-97.722873,0.0
p_005,1,2026-09-15T11:30:00-05:00,30.26177,-97.722932,0.0
p_005,1,2026-09-15T11:40:00-05:00,30.261768,-97.72283,0.0
p_005,1,2026-09-15T11:50:00-05:00,30.261744,-97.722836,0.0
p_005,1,2026-09-15T12:00:00-05:00,30.261718,-97.722855,0.0
p_005,1,2026-09-15T12:10:00-05:00,30.261767,-97.722841,0.0
p_005,1,2026-09-15T12:20:00-05:00,30.26175,-97.722813,0.0
p_005,1,2026-09-15T12:30:00-05:00,30.259368,-97.733834,0.0
p_005,1,2026-09-15T12:40:00-05:00,30.259325,-97.733915,0.0
p_005,1,2026-09-15T12:50:00-05:00,30.259371,-97.733866,0.0
p_005,1,2026-09-15T13:00:00-05:00,30.259392,-97.733758,0.0
p_005,1,2026-09-15T13:10:00-05:00,30.25943,-97.733822,0.0
p_005,1,2026-09-15T13:20:00-05:00,30.259302,-97.733846,0.0
p_005,1,2026-09-15T13:30:00-05:00,30.259359,-97.733783,0.0
p_005,1,2026-09-15T13:40:00-05:00,30.273152,-97.732125,5.57
p_005,1,2026-09-15T13:50:00-05:00,30.275945,-97.731769,0.0
p_005,1,2026-09-15T14:00:00-05:00,30.275992,-97.731669,0.0
p_005,1,2026-09-15T14:10:00-05:00,30.275987,-97.731756,0.0
p_005,1,2026-09-15T14:20:00-05:00,30.27595,-97.731614,0.0
p_005,1,2026-09-15T14:30:00-05:00,30.275985,-97.731662,0.0
p_005,1,2026-09-15T14:40:00-05:00,30.275878,-97.731718,0.0
p_005,1,2026-09-15T14:50:00-05:00,30.275968,-97.731696,0.0
p_005,1,2026-09-15T15:00:00-05:00,30.275966,-97.731715,0.0
p_005,1,2026-09-15T15:10:00-05:00,30.275938,-97.73166,0.0
p_005,1,2026-09-15T15:20:00-05:00,30.275872,-97.731693,0.0
p_005,1,2026-09-15T15:30:00-05:00,30.275928,-97.731731,0.0
p_005,1,2026-09-15T15:40:00-05:00,30.275964,-97.731708,0.0
p_005,1,2026-09-15T15:50:00-05:00,30.275915,-97.731637,0.0
p_005,1,2026-09-15T16:00:00-05:00,30.275911,-97.731706,0.0
p_005,1,2026-09-15T16:10:00-05:00,30.275917,-97.73179,0.0
p_005,1,2026-09-15T16:20:00-05:00,30.275959,-97.731626,0.0
p_005,1,2026-09-15T16:30:00-05:00,30.275983,-97.731617,0.0
p_005,1,2026-09-15T16:40:00-05:00,30.275852,-97.731664,0.0
p_005,1,2026-09-15T16:50:00-05:00,30.275974,-97.731619,0.0
p_005,1,2026-09-15T17:00:00-05:00,30.275925,-97.731802,0.0
p_005,1,2026-09-15T17:10:00-05:00,30.275944,-97.731654,0.0
p_005,1,2026-09-15T17:20:00-05:00,30.275131,-97.731016,0.0
p_005,1,2026-09-15T17:30:00-05:00,30.275185,-97.730958,0.0
p_005,1,2026-09-15T17:40:00-05:00,30.275154,-97.731001,0.0
p_005,1,2026-09-15T17:50:00-05:00,30.275109,-97.731007,0.0
p_005,1,2026-09-15T18:00:00-05:00,30.275218,-97.730984,0.0
p_005,1,2026-09-15T18:10:00-05:00,30.275174,-97.731009,0.0
p_005,1,2026-09-15T18:20:00-05:00,30.275193,-97.730964,0.0
p_005,1,2026-09-15T18:30:00-05:00,30.275146,-97.731013,0.0
p_005,1,2026-09-15T18:40:00-05:00,30.27515,-97.731029,0.0
p_005,1,2026-09-15T18:50:00-05:00,30.275103,-97.730957,0.0
p_005,1,2026-09-15T19:00:00-05:00,30.275109,-97.731007,0.0
p_005,1,2026-09-15T19:10:00-05:00,30.275074,-97.730914,0.0
p_005,1,2026-09-15T19:20:00-05:00,30.275146,-97.731044,0.0
p_005,1,2026-09-15T19:30:00-05:00,30.275194,-97.731017,0.0
p_005,1,2026-09-15T19:40:00-05:00,30.275229,-97.731053,0.0
p_005,1,2026-09-15T19:50:00-05:00,30.275152,-97.730969,0.0
p_005,1,2026-09-15T20:00:00-05:00,30.275148,-97.730944,0.0
p_005,1,2026-09-15T20:10:00-05:00,30.275139,-97.731042,0.0
p_005,1,2026-09-15T20:20:00-05:00,30.27512,-97.731002,0.0
p_005,1,2026-09-15T20:30:00-05:00,30.275155,-97.731047,0.0
p_005,1,2026-09-15T20:40:00-05:00,30.275133,-97.731048,0.0
p_005,1,2026-09-15T20:50:00-05:00,30.275125,-97.731045,0.0
p_005,1,2026-09-15T21:00:00-05:00,30.275134,-97.731085,0.0
p_005,1,2026-09-15T21:10:00-05:00,30.275215,-97.73106,0.0
p_005,1,2026-09-15T21:20:00-05:00,30.275174,-97.731005,0.0
p_005,1,2026-09-15T21:30:00-05:00,30.275136,-97.730916,0.0
p_005,1,2026-09-15T21:40:00-05:00,30.275165,-97.73094,0.0
p_005,1,2026-09-15T21:50:00-05:00,30.269276,-97.73811,5.34
p_005,1,2026-09-15T22:00:00-05:00,30.264147,-97.743579,0.0
p_005,1,2026-09-15T22:10:00-05:00,30.264148,-97.743565,0.0
p_005,1,2026-09-15T22:20:00-05:00,30.264118,-97.743544,0.0
p_005,1,2026-09-15T22:30:00-05:00,30.264119,-97.743577,0.0
p_005,1,2026-09-15T22:40:00-05:00,30.264101,-97.74355,0.0
p_005,1,2026-09-15T22:50:00-05:00,30.264155,-97.743679,0.0
p_005,1,2026-09-15T23:00:00-05:00,30.264027,-97.74358,0.0
p_005,1,2026-09-15T23:10:00-05:00,30.264136,-97.743573,0.0
p_005,1,2026-09-15T23:20:00-05:00,30.264198,-97.743543,0.0
p_005,1,2026-09-15T23:30:00-05:00,30.264092,-97.743546,0.0
p_005,1,2026-09-15T23:40:00-05:00,30.264026,-97.743648,0.0
p_005,1,2026-09-15T23:50:00-05:00,30.26409,-97.743537,0.0
p_005,1,2026-09-16T00:00:00-05:00,30.264106,-97.743536,0.0
p_005,1,2026-09-16T00:10:00-05:00,30.264159,-97.743592,0.0
p_005,1,2026-09-16T00:20:00-05:00,30.264204,-97.743465,0.0
p_005,1,2026-09-16T00:30:00-05:00,30.264196,-97.743557,0.0
p_005,1,2026-09-16T00:40:00-05:00,30.264124,-97.743634,0.0
p_005,1,2026-09-16T00:50:00-05:00,30.264167,-97.743539,0.0
p_005,1,2026-09-16T01:00:00-05:00,30.264165,-97.743638,0.0
p_005,1,2026-09-16T01:10:00-05:00,30.264077,-97.743592,0.0
p_005,1,2026-09-16T01:20:00-05:00,30.264128,-97.743617,0.0
p_005,1,2026-09-16T01:30:00-05:00,30.26412,-97.743525,0.0
p_005,1,2026-09-16T01:40:00-05:00,30.264139,-97.743536,0.0
p_005,1,2026-09-16T01:50:00-05:00,30.264161,-97.743557,0.0
p_005,1,2026-09-16T02:00:00-05:00,30.264115,-97.743613,0.0
p_005,1,2026-09-16T02:10:00-05:00,30.264205,-97.743561,0.0
p_005,1,2026-09-16T02:20:00-05:00,30.264108,-97.743593,0.0
p_005,1,2026-09-16T02:30:00-05:00,30.264175,-97.743528,0.0
p_005,1,2026-09-16T02:40:00-05:00,30.264064,-97.743577,0.0
p_005,1,2026-09-16T02:50:00-05:00,30.2641,-97.743449,0.0
p_005,2,2026-09-16T00:00:00-05:00,30.264137,-97.743561,0.0
p_005,2,2026-09-16T00:10:00-05:00,30.264049,-97.743583,0.0
p_005,2,2026-09-16T00:20:00-05:00,30.264168,-97.743528,0.0
p_005,2,2026-09-16T00:30:00-05:00,30.264122,-97.743567,0.0
p_005,2,2026-09-16T00:40:00-05:00,30.264165,-97.743563,0.0
p_005,2,2026-09-16T00:50:00-05:00,30.264149,-97.743519,0.0
p_005,2,2026-09-16T01:00:00-05:00,30.264097,-97.743443,0.0
p_005,2,2026-09-16T01:10:00-05:00,30.264155,-97.74349,0.0
p_005,2,2026-09-16T01:20:00-05:00,30.264046,-97.743589,0.0
p_005,2,2026-09-16T01:30:00-05:00,30.264123,-97.743506,0.0
p_005,2,2026-09-16T01:40:00-05:00,30.264076,-97.743576,0.0
p_005,2,2026-09-16T01:50:00-05:00,30.264046,-97.743517,0.0
p_005,2,2026-09-16T02:00:00-05:00,30.264047,-97.743549,0.0
p_005,2,2026-09-16T02:10:00-05:00,30.264112,-97.74358,0.0
p_005,2,2026-09-16T02:20:00-05:00,30.264102,-97.743564,0.0
p_005,2,2026-09-16T02:30:00-05:00,30.264183,-97.743636,0.0
p_005,2,2026-09-16T02:40:00-05:00,30.264147,-97.743591,0.0
p_005,2,2026-09-16T02:50:00-05:00,30.264119,-97.743575,0.0
p_005,2,2026-09-16T03:00:00-05:00,30.264129,-97.743602,0.0
p_005,2,2026-09-16T03:10:00-05:00,30.264061,-97.743521,0.0
p_005,2,2026-09-16T03:20:00-05:00,30.264075,-97.74358,0.0
p_005,2,2026-09-16T03:30:00-05:00,30.264119,-97.743571,0.0
p_005,2,2026-09-16T03:40:00-05:00,30.264184,-97.743514,0.0
p_005,2,2026-09-16T03:50:00-05:00,30.264098,-97.743526,0.0
p_005,2,2026-09-16T04:00:00-05:00,30.264116,-97.743579,0.0
p_005,2,2026-09-16T04:10:00-05:00,30.264155,-97.743604,0.0
p_005,2,2026-09-16T04:20:00-05:00,30.264129,-97.743573,0.0
p_005,2,2026-09-16T04:30:00-05:00,30.264068,-97.743659,0.0
p_005,2,2026-09-16T04:40:00-05:00,30.264064,-97.743553,0.0
p_005,2,2026-09-16T04:50:00-05:00,30.264128,-97.743658,0.0
p_005,2,2026-09-16T05:00:00-05:00,30.264103,-97.743599,0.0
p_005,2,2026-09-16T05:10:00-05:00,30.264076,-97.743571,0.0
p_005,2,2026-09-16T05:20:00-05:00,30.264142,-97.743609,0.0
p_005,2,2026-09-16T05:30:00-05:00,30.264097,-97.743543,0.0
p_005,2,2026-09-16T05:40:00-05:00,30.26413,-97.743565,0.0
p_005,2,2026-09-16T05:50:00-05:00,30.264088,-97.743584,0.0
p_005,2,2026-09-16T06:00:00-05:00,30.264085,-97.743616,0.0
p_005,2,2026-09-16T06:10:00-05:00,30.26413,-97.743629,0.0
p_005,2,2026-09-16T06:20:00-05:00,30.264074,-97.743596,0.0
p_005,2,2026-09-16T06:30:00-05:00,30.264084,-97.743584,0.0
p_005,2,2026-09-16T06:40:00-05:00,30.264082,-97.74363,0.0
p_005,2,2026-09-16T06:50:00-05:00,30.264112,-97.743554,0.0
p_005,2,2026-09-16T07:00:00-05:00,30.264124,-97.743602,0.0
p_005,2,2026-09-16T07:10:00-05:00,30.264099,-97.743529,0.0
p_005,2,2026-09-16T07:20:00-05:00,30.264097,-97.743584,0.0
p_005,2,2026-09-16T07:30:00-05:00,30.264158,-97.743617,0.0
p_005,2,2026-09-16T07:40:00-05:00,30.264125,-97.743585,0.0
p_005,2,2026-09-16T07:50:00-05:00,30.26404,-97.743563,0.0
p_005,2,2026-09-16T08:00:00-05:00,30.264048,-97.743569,0.0
p_005,2,2026-09-16T08:10:00-05:00,30.264128,-97.743636,0.0
p_005,2,2026-09-16T08:20:00-05:00,30.264087,-97.743513,0.0
p_005,2,2026-09-16T08:30:00-05:00,30.26409,-97.743602,0.0
p_005,2,2026-09-16T08:40:00-05:00,30.264155,-97.743555,0.0
p_005,2,2026-09-16T08:50:00-05:00,30.264109,-97.743538,0.0
p_005,2,2026-09-16T09:00:00-05:00,30.264085,-97.743462,0.0
p_005,2,2026-09-16T09:10:00-05:00,30.264137,-97.743563,0.0
p_005,2,2026-09-16T09:20:00-05:00,30.262374,-97.733523,6.64
p_005,2,2026-09-16T09:30:00-05:00,30.261786,-97.722894,0.0
p_005,2,2026-09-16T09:40:00-05:00,30.261774,-97.722869,0.0
p_005,2,2026-09-16T09:50:00-05:00,30.261744,-97.722906,0.0
p_005,2,2026-09-16T10:00:00-05:00,30.261717,-97.722928,0.0
p_005,2,2026-09-16T10:10:00-05:00,30.261766,-97.722859,0.0
p_005,2,2026-09-16T10:20:00-05:00,30.261807,-97.723025,0.0
p_005,2,2026-09-16T10:30:00-05:00,30.261854,-97.722896,0.0
p_005,2,2026-09-16T10:40:00-05:00,30.261762,-97.722884,0.0
p_005,2,2026-09-16T10:50:00-05:00,30.261709,-97.722797,0.0
p_005,2,2026-09-16T11:00:00-05:00,30.261732,-97.722917,0.0
p_005,2,2026-09-16T11:10:00-05:00,30.261701,-97.722911,0.0
p_005,2,2026-09-16T11:20:00-05:00,30.261748,-97.722866,0.0
p_005,2,2026-09-16T11:30:00-05:00,30.261749,-97.722935,0.0
p_005,2,2026-09-16T11:40:00-05:00,30.261745,-97.722959,0.0
p_005,2,2026-09-16T11:50:00-05:00,30.261713,-97.722936,0.0
p_005,2,2026-09-16T12:00:00-05:00,30.261756,-97.722828,0.0
p_005,2,2026-09-16T12:10:00-05:00,30.261794,-97.722972,0.0
p_005,2,2026-09-16T12:20:00-05:00,30.261797,-97.72289,0.0
p_005,2,2026-09-16T12:30:00-05:00,30.261754,-97.722857,0.0
p_005,2,2026-09-16T12:40:00-05:00,30.261695,-97.722863,0.0
p_005,2,2026-09-16T12:50:00-05:00,30.261749,-97.722884,0.0
p_005,2,2026-09-16T13:00:00-05:00,30.259398,-97.733791,0.0
p_005,2,2026-09-16T13:10:00-05:00,30.259418,-97.733859,0.0
p_005,2,2026-09-16T13:20:00-05:00,30.259333,-97.73378,0.0
p_005,2,2026-09-16T13:30:00-05:00,30.259399,-97.733796,0.0
p_005,2,2026-09-16T13:40:00-05:00,30.259342,-97.733825,0.0
p_005,2,2026-09-16T13:50:00-05:00,30.259343,-97.733824,0.0
p_005,2,2026-09-16T14:00:00-05:00,30.270254,-97.733002,5.53
p_005,2,2026-09-16T14:10:00-05:00,30.275974,-97.731637,0.0
p_005,2,2026-09-16T14:20:00-05:00,30.275989,-97.731708,0.0
p_005,2,2026-09-16T14:30:00-05:00,30.275997,-97.731663,0.0
p_005,2,2026-09-16T14:40:00-05:00,30.27594,-97.731717,0.0
p_005,2,2026-09-16T14:50:00-05:00,30.275931,-97.731656,0.0
p_005,2,2026-09-16T15:00:00-05:00,30.275934,-97.731611,0.0
p_005,2,2026-09-16T15:10:00-05:00,30.275919,-97.731682,0.0
p_005,2,2026-09-16T15:20:00-05:00,30.275924,-97.731655,0.0
p_005,2,2026-09-16T15:30:00-05:00,30.275875,-97.731697,0.0
p_005,2,2026-09-16T15:40:00-05:00,30.275945,-97.731692,0.0
p_005,2,2026-09-16T15:50:00-05:00,30.275976,-97.731689,0.0
p_005,2,2026-09-16T16:00:00-05:00,30.275999,-97.731578,0.0
p_005,2,2026-09-16T16:10:00-05:00,30.275925,-97.73164,0.0
p_005,2,2026-09-16T16:20:00-05:00,30.275916,-97.731605,0.0
p_005,2,2026-09-16T16:30:00-05:00,30.276034,-97.731655,0.0
p_005,2,2026-09-16T16:40:00-05:00,30.275875,-97.731656,0.0
p_005,2,2026-09-16T16:50:00-05:00,30.275925,-97.731691,0.0
p_005,2,2026-09-16T17:00:00-05:00,30.275923,-97.731719,0.0
p_005,2,2026-09-16T17:10:00-05:00,30.276017,-97.731651,0.0
p_005,2,2026-09-16T17:20:00-05:00,30.27604,-97.731723,0.0
p_005,2,2026-09-16T17:30:00-05:00,30.275985,-97.731738,0.0
p_005,2,2026-09-16T17:40:00-05:00,30.275786,-97.732706,1.34
p_005,2,2026-09-16T17:50:00-05:00,30.274919,-97.737572,0.0
p_005,2,2026-09-16T18:00:00-05:00,30.275001,-97.737659,0.0
p_005,2,2026-09-16T18:10:00-05:00,30.27498,-97.737435,0.0
p_005,2,2026-09-16T18:20:00-05:00,30.2749,-97.737588,0.0
p_005,2,2026-09-16T18:30:00-05:00,30.274946,-97.737493,0.0
p_005,2,2026-09-16T18:40:00-05:00,30.274979,-97.737522,0.0
p_005,2,2026-09-16T18:50:00-05:00,30.274875,-97.737579,0.0
p_005,2,2026-09-16T19:00:00-05:00,30.274966,-97.737524,0.0
p_005,2,2026-09-16T19:10:00-05:00,30.274956,-97.737561,0.0
p_005,2,2026-09-16T19:20:00-05:00,30.274894,-97.737459,0.0
p_005,2,2026-09-16T19:30:00-05:00,30.274929,-97.737548,0.0
p_005,2,2026-09-16T19:40:00-05:00,30.274939,-97.737567,0.0
p_005,2,2026-09-16T19:50:00-05:00,30.274941,-97.73757,0.0
p_005,2,2026-09-16T20:00:00-05:00,30.275007,-97.73752,0.0
p_005,2,2026-09-16T20:10:00-05:00,30.274918,-97.737508,0.0
p_005,2,2026-09-16T20:20:00-05:00,30.274983,-97.737515,0.0
p_005,2,2026-09-16T20:30:00-05:00,30.281524,-97.734766,0.0
p_005,2,2026-09-16T20:40:00-05:00,30.281582,-97.734733,0.0
p_005,2,2026-09-16T20:50:00-05:00,30.281505,-97.7348,0.0
p_005,2,2026-09-16T21:00:00-05:00,30.281567,-97.734748,0.0
p_005,2,2026-09-16T21:10:00-05:00,30.281593,-97.734717,0.0
p_005,2,2026-09-16T21:20:00-05:00,30.281516,-97.734754,0.0
p_005,2,2026-09-16T21:30:00-05:00,30.281536,-97.734726,0.0
p_005,2,2026-09-16T21:40:00-05:00,30.281542,-97.734848,0.0
p_005,2,2026-09-16T21:50:00-05:00,30.281522,-97.734735,0.0
p_005,2,2026-09-16T22:00:00-05:00,30.281548,-97.734672,0.0
p_005,2,2026-09-16T22:10:00-05:00,30.281514,-97.734695,0.0
p_005,2,2026-09-16T22:20:00-05:00,30.281507,-97.734737,0.0
p_005,2,2026-09-16T22:30:00-05:00,30.281528,-97.73468,0.0
p_005,2,2026-09-16T22:40:00-05:00,30.281544,-97.734762,0.0
p_005,2,2026-09-16T22:50:00-05:00,30.267631,-97.742263,6.91
p_005,2,2026-09-16T23:00:00-05:00,30.264083,-97.743583,0.0
p_005,2,2026-09-16T23:10:00-05:00,30.264139,-97.743618,0.0
p_005,2,2026-09-16T23:20:00-05:00,30.26407,-97.743604,0.0
p_005,2,2026-09-16T23:30:00-05:00,30.264204,-97.743552,0.0
p_005,2,2026-09-16T23:40:00-05:00,30.264176,-97.743577,0.0
p_005,2,2026-09-16T23:50:00-05:00,30.26412,-97.743524,0.0
p_005,2,2026-09-17T00:00:00-05:00,30.264034,-97.743583,0.0
p_005,2,2026-09-17T00:10:00-05:00,30.264096,-97.743526,0.0
p_005,2,2026-09-17T00:20:00-05:00,30.26416,-97.743632,0.0
p_005,2,2026-09-17T00:30:00-05:00,30.264208,-97.743607,0.0
p_005,2,2026-09-17T00:40:00-05:00,30.264057,-97.743498,0.0
p_005,2,2026-09-17T00:50:00-05:00,30.264079,-97.743715,0.0
p_005,2,2026-09-17T01:00:00-05:00,30.264114,-97.743498,0.0
p_005,2,2026-09-17T01:10:00-05:00,30.264191,-97.743601,0.0
p_005,2,2026-09-17T01:20:00-05:00,30.264098,-97.743592,0.0
p_005,2,2026-09-17T01:30:00-05:00,30.264076,-97.743596,0.0
p_005,2,2026-09-17T01:40:00-05:00,30.264114,-97.743563,0.0
p_005,2,2026-09-17T01:50:00-05:00,30.264129,-97.743543,0.0
p_005,2,2026-09-17T02:00:00-05:00,30.264155,-97.743464,0.0
p_005,2,2026-09-17T02:10:00-05:00,30.26415,-97.743617,0.0
p_005,2,2026-09-17T02:20:00-05:00,30.264097,-97.743546,0.0
p_005,2,2026-09-17T02:30:00-05:00,30.264059,-97.743563,0.0
p_005,2,2026-09-17T02:40:00-05:00,30.264103,-97.743625,0.0
p_005,2,2026-09-17T02:50:00-05:00,30.264133,-97.743592,0.0
p_005,3,2026-09-17T00:00:00-05:00,30.264096,-97.743621,0.0
p_005,3,2026-09-17T00:10:00-05:00,30.26414,-97.743597,0.0
p_005,3,2026-09-17T00:20:00-05:00,30.264148,-97.743592,0.0
p_005,3,2026-09-17T00:30:00-05:00,30.264099,-97.743519,0.0
p_005,3,2026-09-17T00:40:00-05:00,30.264119,-97.743586,0.0
p_005,3,2026-09-17T00:50:00-05:00,30.264109,-97.743551,0.0
p_005,3,2026-09-17T01:00:00-05:00,30.264099,-97.743576,0.0
p_005,3,2026-09-17T01:10:00-05:00,30.264141,-97.743563,0.0
p_005,3,2026-09-17T01:20:00-05:00,30.264127,-97.743584,0.0
p_005,3,2026-09-17T01:30:00-05:00,30.264185,-97.743567,0.0
p_005,3,2026-09-17T01:40:00-05:00,30.264139,-97.743549,0.0
p_005,3,2026-09-17T01:50:00-05:00,30.264058,-97.743574,0.0
p_005,3,2026-09-17T02:00:00-05:00,30.264127,-97.743587,0.0
p_005,3,2026-09-17T02:10:00-05:00,30.264175,-97.743588,0.0
p_005,3,2026-09-17T02:20:00-05:00,30.26414,-97.743581,0.0
p_005,3,2026-09-17T02:30:00-05:00,30.264111,-97.743579,0.0
p_005,3,2026-09-17T02:40:00-05:00,30.26411,-97.743589,0.0
p_005,3,2026-09-17T02:50:00-05:00,30.264123,-97.743636,0.0
p_005,3,2026-09-17T03:00:00-05:00,30.264099,-97.743586,0.0
p_005,3,2026-09-17T03:10:00-05:00,30.264146,-97.743538,0.0
p_005,3,2026-09-17T03:20:00-05:00,30.264238,-97.743561,0.0
p_005,3,2026-09-17T03:30:00-05:00,30.264123,-97.743592,0.0
p_005,3,2026-09-17T03:40:00-05:00,30.264118,-97.743547,0.0
p_005,3,2026-09-17T03:50:00-05:00,30.264041,-97.743537,0.0
p_005,3,2026-09-17T04:00:00-05:00,30.264074,-97.743651,0.0
p_005,3,2026-09-17T04:10:00-05:00,30.26409,-97.743504,0.0
p_005,3,2026-09-17T04:20:00-05:00,30.264173,-97.743614,0.0
p_005,3,2026-09-17T04:30:00-05:00,30.264087,-97.743635,0.0
p_005,3,2026-09-17T04:40:00-05:00,30.264119,-97.743571,0.0
p_005,3,2026-09-17T04:50:00-05:00,30.264125,-97.743541,0.0
p_005,3,2026-09-17T05:00:00-05:00,30.264135,-97.743544,0.0
p_005,3,2026-09-17T05:10:00-05:00,30.264114,-97.743495,0.0
p_005,3,2026-09-17T05:20:00-05:00,30.264096,-97.743531,0.0
p_005,3,2026-09-17T05:30:00-05:00,30.264041,-97.743515,0.0
p_005,3,2026-09-17T05:40:00-05:00,30.264098,-97.743596,0.0
p_005,3,2026-09-17T05:50:00-05:00,30.26407,-97.74361,0.0
p_005,3,2026-09-17T06:00:00-05:00,30.26408,-97.743557,0.0
p_005,3,2026-09-17T06:10:00-05:00,30.264094,-97.743559,0.0
p_005,3,2026-09-17T06:20:00-05:00,30.264129,-97.743581,0.0
p_005,3,2026-09-17T06:30:00-05:00,30.264131,-97.743539,0.0
p_005,3,2026-09-17T06:40:00-05:00,30.26413,-97.743588,0.0
p_005,3,2026-09-17T06:50:00-05:00,30.264132,-97.743558,0.0
p_005,3,2026-09-17T07:00:00-05:00,30.264109,-97.743558,0.0
p_005,3,2026-09-17T07:10:00-05:00,30.264092,-97.743513,0.0
p_005,3,2026-09-17T07:20:00-05:00,30.26408,-97.743595,0.0
p_005,3,2026-09-17T07:30:00-05:00,30.264115,-97.743498,0.0
p_005,3,2026-09-17T07:40:00-05:00,30.264089,-97.743585,0.0
p_005,3,2026-09-17T07:50:00-05:00,30.26408,-97.743605,0.0
p_005,3,2026-09-17T08:00:00-05:00,30.264151,-97.743621,0.0
p_005,3,2026-09-17T08:10:00-05:00,30.264074,-97.743565,0.0
p_005,3,2026-09-17T08:20:00-05:00,30.264081,-97.743582,0.0
p_005,3,2026-09-17T08:30:00-05:00,30.264106,-97.743503,0.0
p_005,3,2026-09-17T08:40:00-05:00,30.264176,-97.743534,0.0
p_005,3,2026-09-17T08:50:00-05:00,30.264102,-97.743536,0.0
p_005,3,2026-09-17T09:00:00-05:00,30.252285,-97.723712,0.0
p_005,3,2026-09-17T09:10:00-05:00,30.252293,-97.723658,0.0
p_005,3,2026-09-17T09:20:00-05:00,30.252273,-97.723608,0.0
p_005,3,2026-09-17T09:30:00-05:00,30.252259,-97.723744,0.0
p_005,3,2026-09-17T09:40:00-05:00,30.252231,-97.72374,0.0
p_005,3,2026-09-17T09:50:00-05:00,30.252211,-97.723666,0.0
p_005,3,2026-09-17T10:00:00-05:00,30.252298,-97.723708,0.0
p_005,3,2026-09-17T10:10:00-05:00,30.252286,-97.723727,0.0
p_005,3,2026-09-17T10:20:00-05:00,30.252287,-97.723637,0.0
p_005,3,2026-09-17T10:30:00-05:00,30.252185,-97.723684,0.0
p_005,3,2026-09-17T10:40:00-05:00,30.25225,-97.723682,0.0
p_005,3,2026-09-17T10:50:00-05:00,30.25223,-97.723692,0.0
p_005,3,2026-09-17T11:00:00-05:00,30.252289,-97.723686,0.0
p_005,3,2026-09-17T11:10:00-05:00,30.25231,-97.723666,0.0
p_005,3,2026-09-17T11:20:00-05:00,30.252219,-97.723625,0.0
p_005,3,2026-09-17T11:30:00-05:00,30.25232,-97.723707,0.0
p_005,3,2026-09-17T11:40:00-05:00,30.25224,-97.72366,0.0
p_005,3,2026-09-17T11:50:00-05:00,30.25233,-97.723732,0.0
p_005,3,2026-09-17T12:00:00-05:00,30.252237,-97.723666,0.0
p_005,3,2026-09-17T12:10:00-05:00,30.252241,-97.723677,0.0
p_005,3,2026-09-17T12:20:00-05:00,30.252338,-97.72363,0.0
p_005,3,2026-09-17T12:30:00-05:00,30.252284,-97.723671,0.0
p_005,3,2026-09-17T12:40:00-05:00,30.257456,-97.731317,5.21
p_005,3,2026-09-17T12:50:00-05:00,30.259278,-97.733792,0.0
p_005,3,2026-09-17T13:00:00-05:00,30.259333,-97.733919,0.0
p_005,3,2026-09-17T13:10:00-05:00,30.259382,-97.733778,0.0
p_005,3,2026-09-17T13:20:00-05:00,30.259371,-97.73387,0.0
p_005,3,2026-09-17T13:30:00-05:00,30.276755,-97.742081,0.0
p_005,3,2026-09-17T13:40:00-05:00,30.276748,-97.742091,0.0
p_005,3,2026-09-17T13:50:00-05:00,30.276707,-97.741987,0.0
p_005,3,2026-09-17T14:00:00-05:00,30.276809,-97.742052,0.0
p_005,3,2026-09-17T14:10:00-05:00,30.276777,-97.742131,0.0
p_005,3,2026-09-17T14:20:00-05:00,30.27678,-97.742098,0.0
p_005,3,2026-09-17T14:30:00-05:00,30.276795,-97.742108,0.0
p_005,3,2026-09-17T14:40:00-05:00,30.276726,-97.742027,0.0
p_005,3,2026-09-17T14:50:00-05:00,30.276764,-97.742034,0.0
p_005,3,2026-09-17T15:00:00-05:00,30.276738,-97.742105,0.0
p_005,3,2026-09-17T15:10:00-05:00,30.276779,-97.742074,0.0
p_005,3,2026-09-17T15:20:00-05:00,30.276709,-97.742003,0.0
p_005,3,2026-09-17T15:30:00-05:00,30.276697,-97.742001,0.0
p_005,3,2026-09-17T15:40:00-05:00,30.276718,-97.742106,0.0
p_005,3,2026-09-17T15:50:00-05:00,30.276747,-97.742178,0.0
p_005,3,2026-09-17T16:00:00-05:00,30.276805,-97.741986,0.0
p_005,3,2026-09-17T16:10:00-05:00,30.276764,-97.742113,0.0
p_005,3,2026-09-17T16:20:00-05:00,30.276798,-97.741997,0.0
p_005,3,2026-09-17T16:30:00-05:00,30.27674,-97.742071,0.0
p_005,3,2026-09-17T16:40:00-05:00,30.27671,-97.742018,0.0
p_005,3,2026-09-17T16:50:00-05:00,30.283108,-97.748079,4.1
p_005,3,2026-09-17T17:00:00-05:00,30.283815,-97.749125,0.0
p_005,3,2026-09-17T17:10:00-05:00,30.283873,-97.749046,0.0
p_005,3,2026-09-17T17:20:00-05:00,30.283898,-97.749107,0.0
p_005,3,2026-09-17T17:30:00-05:00,30.283853,-97.749119,0.0
p_005,3,2026-09-17T17:40:00-05:00,30.283842,-97.749073,0.0
p_005,3,2026-09-17T17:50:00-05:00,30.283863,-97.749171,0.0
p_005,3,2026-09-17T18:00:00-05:00,30.283769,-97.749158,0.0
p_005,3,2026-09-17T18:10:00-05:00,30.283802,-97.749197,0.0
p_005,3,2026-09-17T18:20:00-05:00,30.283821,-97.749104,0.0
p_005,3,2026-09-17T18:30:00-05:00,30.283854,-97.749241,0.0
p_005,3,2026-09-17T18:40:00-05:00,30.283854,-97.749147,0.0
p_005,3,2026-09-17T18:50:00-05:00,30.283877,-97.749218,0.0
p_005,3,2026-09-17T19:00:00-05:00,30.283846,-97.749148,0.0
p_005,3,2026-09-17T19:10:00-05:00,30.283759,-97.749116,0.0
p_005,3,2026-09-17T19:20:00-05:00,30.283792,-97.74911,0.0
p_005,3,2026-09-17T19:30:00-05:00,30.283811,-97.749082,0.0
p_005,3,2026-09-17T19:40:00-05:00,30.280125,-97.736734,0.0
p_005,3,2026-09-17T19:50:00-05:00,30.280145,-97.736726,0.0
p_005,3,2026-09-17T20:00:00-05:00,30.280165,-97.736708,0.0
p_005,3,2026-09-17T20:10:00-05:00,30.280131,-97.7367,0.0
p_005,3,2026-09-17T20:20:00-05:00,30.280152,-97.73681,0.0
p_005,3,2026-09-17T20:30:00-05:00,30.280197,-97.736634,0.0
p_005,3,2026-09-17T20:40:00-05:00,30.280181,-97.736621,0.0
p_005,3,2026-09-17T20:50:00-05:00,30.280114,-97.736735,0.0
p_005,3,2026-09-17T21:00:00-05:00,30.280268,-97.736735,0.0
p_005,3,2026-09-17T21:10:00-05:00,30.280202,-97.736623,0.0
p_005,3,2026-09-17T21:20:00-05:00,30.280083,-97.736748,0.0
p_005,3,2026-09-17T21:30:00-05:00,30.28018,-97.736681,0.0
p_005,3,2026-09-17T21:40:00-05:00,30.280149,-97.736705,0.0
p_005,3,2026-09-17T21:50:00-05:00,30.272461,-97.740894,4.45
p_005,3,2026-09-17T22:00:00-05:00,30.264065,-97.743663,0.0
p_005,3,2026-09-17T22:10:00-05:00,30.264177,-97.743671,0.0
p_005,3,2026-09-17T22:20:00-05:00,30.264159,-97.743608,0.0
p_005,3,2026-09-17T22:30:00-05:00,30.264068,-97.743595,0.0
p_005,3,2026-09-17T22:40:00-05:00,30.264064,-97.743519,0.0
p_005,3,2026-09-17T22:50:00-05:00,30.26411,-97.74362,0.0
p_005,3,2026-09-17T23:00:00-05:00,30.264085,-97.743606,0.0
p_005,3,2026-09-17T23:10:00-05:00,30.264125,-97.743523,0.0
p_005,3,2026-09-17T23:20:00-05:00,30.264176,-97.743612,0.0
p_005,3,2026-09-17T23:30:00-05:00,30.264121,-97.743533,0.0
p_005,3,2026-09-17T23:40:00-05:00,30.264105,-97.743514,0.0
p_005,3,2026-09-17T23:50:00-05:00,30.264144,-97.74359,0.0
p_005,3,2026-09-18T00:00:00-05:00,30.264147,-97.743544,0.0
p_005,3,2026-09-18T00:10:00-05:00,30.264132,-97.743587,0.0
p_005,3,2026-09-18T00:20:00-05:00,30.264243,-97.743667,0.0
p_005,3,2026-09-18T00:30:00-05:00,30.264088,-97.743686,0.0
p_005,3,2026-09-18T00:40:00-05:00,30.264139,-97.743544,0.0
p_005,3,2026-09-18T00:50:00-05:00,30.264139,-97.743511,0.0
p_005,3,2026-09-18T01:00:00-05:00,30.264073,-97.743662,0.0
p_005,3,2026-09-18T01:10:00-05:00,30.264109,-97.743567,0.0
p_005,3,2026-09-18T01:20:00-05:00,30.264103,-97.743578,0.0
p_005,3,2026-09-18T01:30:00-05:00,30.264146,-97.74359,0.0
p_005,3,2026-09-18T01:40:00-05:00,30.264062,-97.743537,0.0
p_005,3,2026-09-18T01:50:00-05:00,30.264122,-97.743509,0.0
p_005,3,2026-09-18T02:00:00-05:00,30.264025,-97.743688,0.0
p_005,3,2026-09-18T02:10:00-05:00,30.264173,-97.74356,0.0
p_005,3,2026-09-18T02:20:00-05:00,30.264075,-97.743683,0.0
p_005,3,2026-09-18T02:30:00-05:00,30.264102,-97.743678,0.0
p_005,3,2026-09-18T02:40:00-05:00,30.264074,-97.743559,0.0
p_005,3,2026-09-18T02:50:00-05:00,30.264125,-97.743608,0.0
p_005,4,2026-09-18T00:00:00-05:00,30.264064,-97.743589,0.0
p_005,4,2026-09-18T00:10:00-05:00,30.264142,-97.743568,0.0
p_005,4,2026-09-18T00:20:00-05:00,30.264122,-97.743597,0.0
p_005,4,2026-09-18T00:30:00-05:00,30.264121,-97.743565,0.0
p_005,4,2026-09-18T00:40:00-05:00,30.264176,-97.743537,0.0
p_005,4,2026-09-18T00:50:00-05:00,30.264126,-97.743544,0.0
p_005,4,2026-09-18T01:00:00-05:00,30.264141,-97.743651,0.0
p_005,4,2026-09-18T01:10:00-05:00,30.264156,-97.74351,0.0
p_005,4,2026-09-18T01:20:00-05:00,30.264165,-97.743552,0.0
p_005,4,2026-09-18T01:30:00-05:00,30.264092,-97.743466,0.0
p_005,4,2026-09-18T01:40:00-05:00,30.264089,-97.743569,0.0
p_005,4,2026-09-18T01:50:00-05:00,30.264173,-97.743584,0.0
p_005,4,2026-09-18T02:00:00-05:00,30.264112,-97.743572,0.0
p_005,4,2026-09-18T02:10:00-05:00,30.264176,-97.743488,0.0
p_005,4,2026-09-18T02:20:00-05:00,30.264106,-97.743566,0.0
p_005,4,2026-09-18T02:30:00-05:00,30.264106,-97.743604,0.0
p_005,4,2026-09-18T02:40:00-05:00,30.264094,-97.743565,0.0
p_005,4,2026-09-18T02:50:00-05:00,30.264102,-97.743672,0.0
p_005,4,2026-09-18T03:00:00-05:00,30.264084,-97.743524,0.0
p_005,4,2026-09-18T03:10:00-05:00,30.264156,-97.743554,0.0
p_005,4,2026-09-18T03:20:00-05:00,30.264133,-97.743602,0.0
p_005,4,2026-09-18T03:30:00-05:00,30.264166,-97.74355,0.0
p_005,4,2026-09-18T03:40:00-05:00,30.26407,-97.743609,0.0
p_005,4,2026-09-18T03:50:00-05:00,30.264133,-97.743532,0.0
p_005,4,2026-09-18T04:00:00-05:00,30.264122,-97.743575,0.0
p_005,4,2026-09-18T04:10:00-05:00,30.264125,-97.743594,0.0
p_005,4,2026-09-18T04:20:00-05:00,30.26411,-97.743595,0.0
p_005,4,2026-09-18T04:30:00-05:00,30.264146,-97.743534,0.0
p_005,4,2026-09-18T04:40:00-05:00,30.264117,-97.743521,0.0
p_005,4,2026-09-18T04:50:00-05:00,30.264164,-97.74363,0.0
p_005,4,2026-09-18T05:00:00-05:00,30.264149,-97.743521,0.0
p_005,4,2026-09-18T05:10:00-05:00,30.264078,-97.743573,0.0
p_005,4,2026-09-18T05:20:00-05:00,30.264162,-97.743505,0.0
p_005,4,2026-09-18T05:30:00-05:00,30.264108,-97.743526,0.0
p_005,4,2026-09-18T05:40:00-05:00,30.264183,-97.743577,0.0
p_005,4,2026-09-18T05:50:00-05:00,30.264116,-97.743599,0.0
p_005,4,2026-09-18T06:00:00-05:00,30.264073,-97.743497,0.0
p_005,4,2026-09-18T06:10:00-05:00,30.264183,-97.743639,0.0
p_005,4,2026-09-18T06:20:00-05:00,30.264121,-97.743629,0.0
p_005,4,2026-09-18T06:30:00-05:00,30.264155,-97.743571,0.0
p_005,4,2026-09-18T06:40:00-05:00,30.264132,-97.743524,0.0
p_005,4,2026-09-18T06:50:00-05:00,30.264099,-97.743511,0.0
p_005,4,2026-09-18T07:00:00-05:00,30.264142,-97.74361,0.0
p_005,4,2026-09-18T07:10:00-05:00,30.264125,-97.74357,0.0
p_005,4,2026-09-18T07:20:00-05:00,30.264169,-97.743448,0.0
p_005,4,2026-09-18T07:30:00-05:00,30.264121,-97.743567,0.0
p_005,4,2026-09-18T07:40:00-05:00,30.264145,-97.743563,0.0
p_005,4,2026-09-18T07:50:00-05:00,30.264094,-97.74353,0.0
p_005,4,2026-09-18T08:00:00-05:00,30.264077,-97.743538,0.0
p_005,4,2026-09-18T08:10:00-05:00,30.264088,-97.74359,0.0
p_005,4,2026-09-18T08:20:00-05:00,30.264118,-97.743573,0.0
p_005,4,2026-09-18T08:30:00-05:00,30.264143,-97.743507,0.0
p_005,4,2026-09-18T08:40:00-05:00,30.264121,-97.743603,0.0
p_005,4,2026-09-18T08:50:00-05:00,30.26414,-97.743686,0.0
p_005,4,2026-09-18T09:00:00-05:00,30.261848,-97.739592,5.14
p_005,4,2026-09-18T09:10:00-05:00,30.252274,-97.723643,0.0
p_005,4,2026-09-18T09:20:00-05:00,30.25229,-97.723681,0.0
p_005,4,2026-09-18T09:30:00-05:00,30.252262,-97.723623,0.0
p_005,4,2026-09-18T09:40:00-05:00,30.252313,-97.723675,0.0
p_005,4,2026-09-18T09:50:00-05:00,30.252248,-97.72369,0.0
p_005,4,2026-09-18T10:00:00-05:00,30.252315,-97.723609,0.0
p_005,4,2026-09-18T10:10:00-05:00,30.252243,-97.723644,0.0
p_005,4,2026-09-18T10:20:00-05:00,30.252255,-97.723728,0.0
p_005,4,2026-09-18T10:30:00-05:00,30.252367,-97.723618,0.0
p_005,4,2026-09-18T10:40:00-05:00,30.252283,-97.723636,0.0
p_005,4,2026-09-18T10:50:00-05:00,30.252313,-97.723693,0.0
p_005,4,2026-09-18T11:00:00-05:00,30.252279,-97.723709,0.0
p_005,4,2026-09-18T11:10:00-05:00,30.252267,-97.723632,0.0
p_005,4,2026-09-18T11:20:00-05:00,30.252182,-97.723663,0.0
p_005,4,2026-09-18T11:30:00-05:00,30.252185,-97.723616,0.0
p_005,4,2026-09-18T11:40:00-05:00,30.252235,-97.72368,0.0
p_005,4,2026-09-18T11:50:00-05:00,30.252298,-97.72368,0.0
p_005,4,2026-09-18T12:00:00-05:00,30.25225,-97.723636,0.0
p_005,4,2026-09-18T12:10:00-05:00,30.252348,-97.723626,0.0
p_005,4,2026-09-18T12:20:00-05:00,30.252304,-97.723705,0.0
p_005,4,2026-09-18T12:30:00-05:00,30.252301,-97.723733,0.0
p_005,4,2026-09-18T12:40:00-05:00,30.252302,-97.72369,0.0
p_005,4,2026-09-18T12:50:00-05:00,30.252265,-97.723674,0.0
p_005,4,2026-09-18T13:00:00-05:00,30.259487,-97.733745,6.54
p_005,4,2026-09-18T13:10:00-05:00,30.259303,-97.73385,0.0
p_005,4,2026-09-18T13:20:00-05:00,30.259251,-97.733829,0.0
p_005,4,2026-09-18T13:30:00-05:00,30.259413,-97.733775,0.0
p_005,4,2026-09-18T13:40:00-05:00,30.259392,-97.733888,0.0
p_005,4,2026-09-18T13:50:00-05:00,30.275886,-97.731677,0.0
p_005,4,2026-09-18T14:00:00-05:00,30.275884,-97.731572,0.0
p_005,4,2026-09-18T14:10:00-05:00,30.275874,-97.731701,0.0
p_005,4,2026-09-18T14:20:00-05:00,30.275927,-97.731606,0.0
p_005,4,2026-09-18T14:30:00-05:00,30.275903,-97.73167,0.0
p_005,4,2026-09-18T14:40:00-05:00,30.275881,-97.731654,0.0
p_005,4,2026-09-18T14:50:00-05:00,30.275935,-97.731683,0.0
p_005,4,2026-09-18T15:00:00-05:00,30.275954,-97.731581,0.0
p_005,4,2026-09-18T15:10:00-05:00,30.275897,-97.731652,0.0
p_005,4,2026-09-18T15:20:00-05:00,30.27595,-97.731648,0.0
p_005,4,2026-09-18T15:30:00-05:00,30.275928,-97.731632,0.0
p_005,4,2026-09-18T15:40:00-05:00,30.275872,-97.731632,0.0
p_005,4,2026-09-18T15:50:00-05:00,30.275865,-97.73166,0.0
p_005,4,2026-09-18T16:00:00-05:00,30.275914,-97.731735,0.0
p_005,4,2026-09-18T16:10:00-05:00,30.27582,-97.73161,0.0
p_005,4,2026-09-18T16:20:00-05:00,30.275907,-97.731755,0.0
p_005,4,2026-09-18T16:30:00-05:00,30.275964,-97.731566,0.0
p_005,4,2026-09-18T16:40:00-05:00,30.275857,-97.731676,0.0
p_005,4,2026-09-18T16:50:00-05:00,30.275947,-97.731633,0.0
p_005,4,2026-09-18T17:00:00-05:00,30.275923,-97.731643,0.0
p_005,4,2026-09-18T17:10:00-05:00,30.275897,-97.731718,0.0
p_005,4,2026-09-18T17:20:00-05:00,30.275983,-97.73168,0.0
p_005,4,2026-09-18T17:30:00-05:00,30.275968,-97.731627,0.0
p_005,4,2026-09-18T17:40:00-05:00,30.275901,-97.731693,0.0
p_005,4,2026-09-18T17:50:00-05:00,30.275936,-97.731658,0.0
p_005,4,2026-09-18T18:00:00-05:00,30.275944,-97.731644,0.0
p_005,4,2026-09-18T18:10:00-05:00,30.275959,-97.731667,0.0
p_005,4,2026-09-18T18:20:00-05:00,30.275944,-97.731697,0.0
p_005,4,2026-09-18T18:30:00-05:00,30.275937,-97.731666,0.0
p_005,4,2026-09-18T18:40:00-05:00,30.275907,-97.731645,0.0
p_005,4,2026-09-18T18:50:00-05:00,30.275918,-97.731547,0.0
p_005,4,2026-09-18T19:00:00-05:00,30.27592,-97.731696,0.0
p_005,4,2026-09-18T19:10:00-05:00,30.275947,-97.731689,0.0
p_005,4,2026-09-18T19:20:00-05:00,30.275982,-97.731665,0.0
p_005,4,2026-09-18T19:30:00-05:00,30.275956,-97.731686,0.0
p_005,4,2026-09-18T19:40:00-05:00,30.275942,-97.73166,0.0
p_005,4,2026-09-18T19:50:00-05:00,30.275871,-97.731699,0.0
p_005,4,2026-09-18T20:00:00-05:00,30.2759,-97.731639,0.0
p_005,4,2026-09-18T20:10:00-05:00,30.273084,-97.72908,0.0
p_005,4,2026-09-18T20:20:00-05:00,30.273232,-97.729231,0.0
p_005,4,2026-09-18T20:30:00-05:00,30.273137,-97.729024,0.0
p_005,4,2026-09-18T20:40:00-05:00,30.273145,-97.729194,0.0
p_005,4,2026-09-18T20:50:00-05:00,30.273103,-97.729099,0.0
p_005,4,2026-09-18T21:00:00-05:00,30.273079,-97.729116,0.0
p_005,4,2026-09-18T21:10:00-05:00,30.273139,-97.729203,0.0
p_005,4,2026-09-18T21:20:00-05:00,30.273116,-97.729321,0.0
p_005,4,2026-09-18T21:30:00-05:00,30.273117,-97.729181,0.0
p_005,4,2026-09-18T21:40:00-05:00,30.273106,-97.729257,0.0
p_005,4,2026-09-18T21:50:00-05:00,30.273146,-97.729195,0.0
p_005,4,2026-09-18T22:00:00-05:00,30.273156,-97.729189,0.0
p_005,4,2026-09-18T22:10:00-05:00,30.273158,-97.729236,0.0
p_005,4,2026-09-18T22:20:00-05:00,30.273157,-97.729222,0.0
p_005,4,2026-09-18T22:30:00-05:00,30.273141,-97.729172,0.0
p_005,4,2026-09-18T22:40:00-05:00,30.273143,-97.729282,0.0
p_005,4,2026-09-18T22:50:00-05:00,30.26927,-97.735141,5.73
p_005,4,2026-09-18T23:00:00-05:00,30.264045,-97.743497,0.0
p_005,4,2026-09-18T23:10:00-05:00,30.26413,-97.743507,0.0
p_005,4,2026-09-18T23:20:00-05:00,30.264085,-97.743525,0.0
p_005,4,2026-09-18T23:30:00-05:00,30.264137,-97.743554,0.0
p_005,4,2026-09-18T23:40:00-05:00,30.264064,-97.743526,0.0
p_005,4,2026-09-18T23:50:00-05:00,30.264089,-97.743538,0.0
p_005,4,2026-09-19T00:00:00-05:00,30.264124,-97.743474,0.0
p_005,4,2026-09-19T00:10:00-05:00,30.264069,-97.743576,0.0
p_005,4,2026-09-19T00:20:00-05:00,30.264095,-97.743553,0.0
p_005,4,2026-09-19T00:30:00-05:00,30.264039,-97.743532,0.0
p_005,4,2026-09-19T00:40:00-05:00,30.264162,-97.743647,0.0
p_005,4,2026-09-19T00:50:00-05:00,30.264087,-97.743579,0.0
p_005,4,2026-09-19T01:00:00-05:00,30.26406,-97.743506,0.0
p_005,4,2026-09-19T01:10:00-05:00,30.264145,-97.743488,0.0
p_005,4,2026-09-19T01:20:00-05:00,30.264124,-97.743686,0.0
p_005,4,2026-09-19T01:30:00-05:00,30.2641,-97.743582,0.0
p_005,4,2026-09-19T01:40:00-05:00,30.264053,-97.743581,0.0
p_005,4,2026-09-19T01:50:00-05:00,30.264105,-97.74364,0.0
p_005,4,2026-09-19T02:00:00-05:00,30.264116,-97.74363,0.0
p_005,4,2026-09-19T02:10:00-05:00,30.264064,-97.743484,0.0
p_005,4,2026-09-19T02:20:00-05:00,30.264017,-97.74358,0.0
p_005,4,2026-09-19T02:30:00-05:00,30.264142,-97.743506,0.0
p_005,4,2026-09-19T02:40:00-05:00,30.264079,-97.743544,0.0
p_005,4,2026-09-19T02:50:00-05:00,30.264166,-97.743642,0.0
p_006,0,2026-09-14T00:00:00-05:00,30.265335,-97.746322,0.0
p_006,0,2026-09-14T00:10:00-05:00,30.265381,-97.746412,0.0
p_006,0,2026-09-14T00:20:00-05:00,30.265325,-97.746344,0.0
p_006,0,2026-09-14T00:30:00-05:00,30.265319,-97.746377,0.0
p_006,0,2026-09-14T00:40:00-05:00,30.265262,-97.746317,0.0
p_006,0,2026-09-14T00:50:00-05:00,30.265342,-97.746318,0.0
p_006,0,2026-09-14T01:00:00-05:00,30.265274,-97.746313,0.0
p_006,0,2026-09-14T01:10:00-05:00,30.265353,-97.746263,0.0
p_006,0,2026-09-14T01:20:00-05:00,30.265326,-97.746272,0.0
p_006,0,2026-09-14T01:30:00-05:00,30.265406,-97.746322,0.0
p_006,0,2026-09-14T01:40:00-05:00,30.265319,-97.746294,0.0
p_006,0,2026-09-14T01:50:00-05:00,30.265349,-97.746303,0.0
p_006,0,2026-09-14T02:00:00-05:00,30.265363,-97.746304,0.0
p_006,0,2026-09-14T02:10:00-05:00,30.265314,-97.746203,0.0
p_006,0,2026-09-14T02:20:00-05:00,30.265285,-97.746216,0.0
p_006,0,2026-09-14T02:30:00-05:00,30.265367,-97.746304,0.0
p_006,0,2026-09-14T02:40:00-05:00,30.265313,-97.746333,0.0
p_006,0,2026-09-14T02:50:00-05:00,30.265276,-97.746266,0.0
p_006,0,2026-09-14T03:00:00-05:00,30.26533,-97.746309,0.0
p_006,0,2026-09-14T03:10:00-05:00,30.265278,-97.746337,0.0
p_006,0,2026-09-14T03:20:00-05:00,30.265376,-97.746258,0.0
p_006,0,2026-09-14T03:30:00-05:00,30.265264,-97.746271,0.0
p_006,0,2026-09-14T03:40:00-05:00,30.265333,-97.746266,0.0
p_006,0,2026-09-14T03:50:00-05:00,30.265382,-97.746356,0.0
p_006,0,2026-09-14T04:00:00-05:00,30.26531,-97.74624,0.0
p_006,0,2026-09-14T04:10:00-05:00,30.265343,-97.746302,0.0
p_006,0,2026-09-14T04:20:00-05:00,30.265304,-97.746281,0.0
p_006,0,2026-09-14T04:30:00-05:00,30.265342,-97.746295,0.0
p_006,0,2026-09-14T04:40:00-05:00,30.265323,-97.746283,0.0
p_006,0,2026-09-14T04:50:00-05:00,30.265285,-97.746303,0.0
p_006,0,2026-09-14T05:00:00-05:00,30.265286,-97.746238,0.0
p_006,0,2026-09-14T05:10:00-05:00,30.265365,-97.746287,0.0
p_006,0,2026-09-14T05:20:00-05:00,30.265323,-97.746314,0.0
p_006,0,2026-09-14T05:30:00-05:00,30.265398,-97.746281,0.0
p_006,0,2026-09-14T05:40:00-05:00,30.26531,-97.746239,0.0
p_006,0,2026-09-14T05:50:00-05:00,30.265321,-97.746317,0.0
p_006,0,2026-09-14T06:00:00-05:00,30.265334,-97.746285,0.0
p_006,0,2026-09-14T06:10:00-05:00,30.265343,-97.746311,0.0
p_006,0,2026-09-14T06:20:00-05:00,30.265418,-97.74633,0.0
p_006,0,2026-09-14T06:30:00-05:00,30.265322,-97.746245,0.0
p_006,0,2026-09-14T06:40:00-05:00,30.265316,-97.746287,0.0
p_006,0,2026-09-14T06:50:00-05:00,30.265323,-97.746318,0.0
p_006,0,2026-09-14T07:00:00-05:00,30.265334,-97.746304,0.0
p_006,0,2026-09-14T07:10:00-05:00,30.265254,-97.746287,0.0
p_006,0,2026-09-14T07:20:00-05:00,30.265343,-97.746342,0.0
p_006,0,2026-09-14T07:30:00-05:00,30.265293,-97.746255,0.0
p_006,0,2026-09-14T07:40:00-05:00,30.265313,-97.746306,0.0
p_006,0,2026-09-14T07:50:00-05:00,30.265301,-97.746387,0.0
p_006,0,2026-09-14T08:00:00-05:00,30.265334,-97.746365,0.0
p_006,0,2026-09-14T08:10:00-05:00,30.265315,-97.74629,0.0
p_006,0,2026-09-14T08:20:00-05:00,30.265307,-97.746321,0.0
p_006,0,2026-09-14T08:30:00-05:00,30.265291,-97.74621,0.0
p_006,0,2026-09-14T08:40:00-05:00,30.27065,-97.740324,0.0
p_006,0,2026-09-14T08:50:00-05:00,30.270695,-97.74037,0.0
p_006,0,2026-09-14T09:00:00-05:00,30.270675,-97.740294,0.0
p_006,0,2026-09-14T09:10:00-05:00,30.270649,-97.740267,0.0
p_006,0,2026-09-14T09:20:00-05:00,30.270674,-97.74016,0.0
p_006,0,2026-09-14T09:30:00-05:00,30.270722,-97.740257,0.0
p_006,0,2026-09-14T09:40:00-05:00,30.270677,-97.740322,0.0
p_006,0,2026-09-14T09:50:00-05:00,30.270689,-97.740331,0.0
p_006,0,2026-09-14T10:00:00-05:00,30.270645,-97.740283,0.0
p_006,0,2026-09-14T10:10:00-05:00,30.270599,-97.74037,0.0
p_006,0,2026-09-14T10:20:00-05:00,30.270669,-97.740397,0.0
p_006,0,2026-09-14T10:30:00-05:00,30.270655,-97.740258,0.0
p_006,0,2026-09-14T10:40:00-05:00,30.27069,-97.740312,0.0
p_006,0,2026-09-14T10:50:00-05:00,30.270687,-97.740292,0.0
p_006,0,2026-09-14T11:00:00-05:00,30.270668,-97.740221,0.0
p_006,0,2026-09-14T11:10:00-05:00,30.270651,-97.740298,0.0
p_006,0,2026-09-14T11:20:00-05:00,30.27063,-97.740307,0.0
p_006,0,2026-09-14T11:30:00-05:00,30.270644,-97.740275,0.0
p_006,0,2026-09-14T11:40:00-05:00,30.270727,-97.740221,0.0
p_006,0,2026-09-14T11:50:00-05:00,30.270648,-97.74028,0.0
p_006,0,2026-09-14T12:00:00-05:00,30.27061,-97.740216,0.0
p_006,0,2026-09-14T12:10:00-05:00,30.270634,-97.740325,0.0
p_006,0,2026-09-14T12:20:00-05:00,30.270593,-97.74028,0.0
p_006,0,2026-09-14T12:30:00-05:00,30.27071,-97.74032,0.0
p_006,0,2026-09-14T12:40:00-05:00,30.275907,-97.740897,4.11
p_006,0,2026-09-14T12:50:00-05:00,30.278059,-97.740819,0.0
p_006,0,2026-09-14T13:00:00-05:00,30.278207,-97.740757,0.0
p_006,0,2026-09-14T13:10:00-05:00,30.278213,-97.740841,0.0
p_006,0,2026-09-14T13:20:00-05:00,30.278196,-97.740869,0.0
p_006,0,2026-09-14T13:30:00-05:00,30.278157,-97.740848,0.0
p_006,0,2026-09-14T13:40:00-05:00,30.27818,-97.740737,0.0
p_006,0,2026-09-14T13:50:00-05:00,30.278306,-97.740928,0.0
p_006,0,2026-09-14T14:00:00-05:00,30.261174,-97.741148,6.78
p_006,0,2026-09-14T14:10:00-05:00,30.26119,-97.741159,0.0
p_006,0,2026-09-14T14:20:00-05:00,30.261198,-97.741148,0.0
p_006,0,2026-09-14T14:30:00-05:00,30.261205,-97.741059,0.0
p_006,0,2026-09-14T14:40:00-05:00,30.261144,-97.741142,0.0
p_006,0,2026-09-14T14:50:00-05:00,30.261066,-97.740998,0.0
p_006,0,2026-09-14T15:00:00-05:00,30.261104,-97.741151,0.0
p_006,0,2026-09-14T15:10:00-05:00,30.261175,-97.741128,0.0
p_006,0,2026-09-14T15:20:00-05:00,30.26117,-97.74109,0.0
p_006,0,2026-09-14T15:30:00-05:00,30.261108,-97.741104,0.0
p_006,0,2026-09-14T15:40:00-05:00,30.26113,-97.741082,0.0
p_006,0,2026-09-14T15:50:00-05:00,30.261164,-97.741205,0.0
p_006,0,2026-09-14T16:00:00-05:00,30.261109,-97.741068,0.0
p_006,0,2026-09-14T16:10:00-05:00,30.26112,-97.74123,0.0
p_006,0,2026-09-14T16:20:00-05:00,30.261118,-97.741028,0.0
p_006,0,2026-09-14T16:30:00-05:00,30.261068,-97.741189,0.0
p_006,0,2026-09-14T16:40:00-05:00,30.261154,-97.741041,0.0
p_006,0,2026-09-14T16:50:00-05:00,30.261184,-97.741061,0.0
p_006,0,2026-09-14T17:00:00-05:00,30.26115,-97.741132,0.0
p_006,0,2026-09-14T17:10:00-05:00,30.261128,-97.741072,0.0
p_006,0,2026-09-14T17:20:00-05:00,30.261169,-97.741141,0.0
p_006,0,2026-09-14T17:30:00-05:00,30.261144,-97.741202,0.0
p_006,0,2026-09-14T17:40:00-05:00,30.261142,-97.741248,0.0
p_006,0,2026-09-14T17:50:00-05:00,30.261099,-97.741107,0.0
p_006,0,2026-09-14T18:00:00-05:00,30.261112,-97.741169,0.0
p_006,0,2026-09-14T18:10:00-05:00,30.261134,-97.741155,0.0
p_006,0,2026-09-14T18:20:00-05:00,30.261188,-97.741122,0.0
p_006,0,2026-09-14T18:30:00-05:00,30.26111,-97.741129,0.0
p_006,0,2026-09-14T18:40:00-05:00,30.261133,-97.74113,0.0
p_006,0,2026-09-14T18:50:00-05:00,30.261229,-97.741098,0.0
p_006,0,2026-09-14T19:00:00-05:00,30.261146,-97.741153,0.0
p_006,0,2026-09-14T19:10:00-05:00,30.255168,-97.754509,0.0
p_006,0,2026-09-14T19:20:00-05:00,30.255202,-97.754437,0.0
p_006,0,2026-09-14T19:30:00-05:00,30.255209,-97.754504,0.0
p_006,0,2026-09-14T19:40:00-05:00,30.255233,-97.754545,0.0
p_006,0,2026-09-14T19:50:00-05:00,30.255347,-97.754435,0.0
p_006,0,2026-09-14T20:00:00-05:00,30.255215,-97.754418,0.0
p_006,0,2026-09-14T20:10:00-05:00,30.255263,-97.75449,0.0
p_006,0,2026-09-14T20:20:00-05:00,30.255278,-97.754465,0.0
p_006,0,2026-09-14T20:30:00-05:00,30.255246,-97.754432,0.0
p_006,0,2026-09-14T20:40:00-05:00,30.255314,-97.754396,0.0
p_006,0,2026-09-14T20:50:00-05:00,30.255342,-97.754478,0.0
p_006,0,2026-09-14T21:00:00-05:00,30.255325,-97.75446,0.0
p_006,0,2026-09-14T21:10:00-05:00,30.255246,-97.754477,0.0
p_006,0,2026-09-14T21:20:00-05:00,30.255167,-97.754529,0.0
p_006,0,2026-09-14T21:30:00-05:00,30.255194,-97.754453,0.0
p_006,0,2026-09-14T21:40:00-05:00,30.255277,-97.754409,0.0
p_006,0,2026-09-14T21:50:00-05:00,30.265338,-97.746314,0.0
p_006,0,2026-09-14T22:00:00-05:00,30.265355,-97.746272,0.0
p_006,0,2026-09-14T22:10:00-05:00,30.265281,-97.746283,0.0
p_006,0,2026-09-14T22:20:00-05:00,30.265284,-97.746288,0.0
p_006,0,2026-09-14T22:30:00-05:00,30.265361,-97.746262,0.0
p_006,0,2026-09-14T22:40:00-05:00,30.265367,-97.746314,0.0
p_006,0,2026-09-14T22:50:00-05:00,30.265281,-97.746351,0.0
p_006,0,2026-09-14T23:00:00-05:00,30.265343,-97.746195,0.0
p_006,0,2026-09-14T23:10:00-05:00,30.265259,-97.746347,0.0
p_006,0,2026-09-14T23:20:00-05:00,30.265366,-97.746326,0.0
p_006,0,2026-09-14T23:30:00-05:00,30.265364,-97.746364,0.0
p_006,0,2026-09-14T23:40:00-05:00,30.265269,-97.746274,0.0
p_006,0,2026-09-14T23:50:00-05:00,30.265349,-97.74633,0.0
p_006,0,2026-09-15T00:00:00-05:00,30.265374,-97.746226,0.0
p_006,0,2026-09-15T00:10:00-05:00,30.265397,-97.746521,0.0
p_006,0,2026-09-15T00:20:00-05:00,30.265305,-97.746328,0.0
p_006,0,2026-09-15T00:30:00-05:00,30.265323,-97.746259,0.0
p_006,0,2026-09-15T00:40:00-05:00,30.265225,-97.746276,0.0
p_006,0,2026-09-15T00:50:00-05:00,30.265269,-97.746385,0.0
p_006,0,2026-09-15T01:00:00-05:00,30.265299,-97.746309,0.0
p_006,0,2026-09-15T01:10:00-05:00,30.265361,-97.746372,0.0
p_006,0,2026-09-15T01:20:00-05:00,30.265273,-97.746243,0.0
p_006,0,2026-09-15T01:30:00-05:00,30.265309,-97.746189,0.0
p_006,0,2026-09-15T01:40:00-05:00,30.265331,-97.746352,0.0
p_006,0,2026-09-15T01:50:00-05:00,30.265336,-97.746309,0.0
p_006,0,2026-09-15T02:00:00-05:00,30.265284,-97.746277,0.0
p_006,0,2026-09-15T02:10:00-05:00,30.265316,-97.746255,0.0
p_006,0,2026-09-15T02:20:00-05:00,30.265285,-97.746286,0.0
p_006,0,2026-09-15T02:30:00-05:00,30.265366,-97.7464,0.0
p_006,0,2026-09-15T02:40:00-05:00,30.265349,-97.746354,0.0
p_006,0,2026-09-15T02:50:00-05:00,30.265409,-97.746372,0.0
p_006,1,2026-09-15T00:00:00-05:00,30.265351,-97.746303,0.0
p_006,1,2026-09-15T00:10:00-05:00,30.265361,-97.746349,0.0
p_006,1,2026-09-15T00:20:00-05:00,30.265312,-97.746261,0.0
p_006,1,2026-09-15T00:30:00-05:00,30.265362,-97.746301,0.0
p_006,1,2026-09-15T00:40:00-05:00,30.26532,-97.746272,0.0
p_006,1,2026-09-15T00:50:00-05:00,30.265274,-97.746269,0.0
p_006,1,2026-09-15T01:00:00-05:00,30.265404,-97.746363,0.0
p_006,1,2026-09-15T01:10:00-05:00,30.265246,-97.746329,0.0
p_006,1,2026-09-15T01:20:00-05:00,30.265313,-97.746382,0.0
p_006,1,2026-09-15T01:30:00-05:00,30.265331,-97.746297,0.0
p_006,1,2026-09-15T01:40:00-05:00,30.265348,-97.746338,0.0
p_006,1,2026-09-15T01:50:00-05:00,30.265305,-97.746363,0.0
p_006,1,2026-09-15T02:00:00-05:00,30.265304,-97.746315,0.0
p_006,1,2026-09-15T02:10:00-05:00,30.265315,-97.746317,0.0
p_006,1,2026-09-15T02:20:00-05:00,30.265331,-97.746403,0.0
p_006,1,2026-09-15T02:30:00-05:00,30.265308,-97.746322,0.0
p_006,1,2026-09-15T02:40:00-05:00,30.265318,-97.746298,0.0
p_006,1,2026-09-15T02:50:00-05:00,30.265345,-97.746394,0.0
p_006,1,2026-09-15T03:00:00-05:00,30.265327,-97.746242,0.0
p_006,1,2026-09-15T03:10:00-05:00,30.26532,-97.746304,0.0
p_006,1,2026-09-15T03:20:00-05:00,30.265266,-97.746242,0.0
p_006,1,2026-09-15T03:30:00-05:00,30.265355,-97.746276,0.0
p_006,1,2026-09-15T03:40:00-05:00,30.265284,-97.746251,0.0
p_006,1,2026-09-15T03:50:00-05:00,30.265363,-97.746373,0.0
p_006,1,2026-09-15T04:00:00-05:00,30.265286,-97.746301,0.0
p_006,1,2026-09-15T04:10:00-05:00,30.26536,-97.746328,0.0
p_006,1,2026-09-15T04:20:00-05:00,30.265269,-97.746313,0.0
p_006,1,2026-09-15T04:30:00-05:00,30.265351,-97.746278,0.0
p_006,1,2026-09-15T04:40:00-05:00,30.265382,-97.746299,0.0
p_006,1,2026-09-15T04:50:00-05:00,30.265335,-97.746314,0.0
p_006,1,2026-09-15T05:00:00-05:00,30.26538,-97.746262,0.0
p_006,1,2026-09-15T05:10:00-05:00,30.265374,-97.746275,0.0
p_006,1,2026-09-15T05:20:00-05:00,30.265296,-97.746268,0.0
p_006,1,2026-09-15T05:30:00-05:00,30.265288,-97.746259,0.0
p_006,1,2026-09-15T05:40:00-05:00,30.265325,-97.746245,0.0
p_006,1,2026-09-15T05:50:00-05:00,30.265329,-97.746251,0.0
p_006,1,2026-09-15T06:00:00-05:00,30.265343,-97.746332,0.0
p_006,1,2026-09-15T06:10:00-05:00,30.265251,-97.746301,0.0
p_006,1,2026-09-15T06:20:00-05:00,30.265286,-97.74627,0.0
p_006,1,2026-09-15T06:30:00-05:00,30.265387,-97.746323,0.0
p_006,1,2026-09-15T06:40:00-05:00,30.265319,-97.746279,0.0
p_006,1,2026-09-15T06:50:00-05:00,30.265371,-97.746359,0.0
p_006,1,2026-09-15T07:00:00-05:00,30.265307,-97.74631,0.0
p_006,1,2026-09-15T07:10:00-05:00,30.265348,-97.746289,0.0
p_006,1,2026-09-15T07:20:00-05:00,30.265377,-97.746278,0.0
p_006,1,2026-09-15T07:30:00-05:00,30.265381,-97.74628,0.0
p_006,1,2026-09-15T07:40:00-05:00,30.265329,-97.746305,0.0
p_006,1,2026-09-15T07:50:00-05:00,30.265341,-97.746245,0.0
p_006,1,2026-09-15T08:00:00-05:00,30.265301,-97.746271,0.0
p_006,1,2026-09-15T08:10:00-05:00,30.264918,-97.748094,5.45
p_006,1,2026-09-15T08:20:00-05:00,30.262273,-97.754824,0.0
p_006,1,2026-09-15T08:30:00-05:00,30.262323,-97.754748,0.0
p_006,1,2026-09-15T08:40:00-05:00,30.262219,-97.754768,0.0
p_006,1,2026-09-15T08:50:00-05:00,30.262301,-97.75481,0.0
p_006,1,2026-09-15T09:00:00-05:00,30.262319,-97.754792,0.0
p_006,1,2026-09-15T09:10:00-05:00,30.261084,-97.741105,0.0
p_006,1,2026-09-15T09:20:00-05:00,30.261188,-97.741117,0.0
p_006,1,2026-09-15T09:30:00-05:00,30.26111,-97.74113,0.0
p_006,1,2026-09-15T09:40:00-05:00,30.261189,-97.741091,0.0
p_006,1,2026-09-15T09:50:00-05:00,30.26116,-97.741117,0.0
p_006,1,2026-09-15T10:00:00-05:00,30.261062,-97.741187,0.0
p_006,1,2026-09-15T10:10:00-05:00,30.261139,-97.741195,0.0
p_006,1,2026-09-15T10:20:00-05:00,30.261084,-97.741015,0.0
p_006,1,2026-09-15T10:30:00-05:00,30.261134,-97.741115,0.0
p_006,1,2026-09-15T10:40:00-05:00,30.261141,-97.741118,0.0
p_006,1,2026-09-15T10:50:00-05:00,30.261096,-97.741036,0.0
p_006,1,2026-09-15T11:00:00-05:00,30.261181,-97.741118,0.0
p_006,1,2026-09-15T11:10:00-05:00,30.261183,-97.741108,0.0
p_006,1,2026-09-15T11:20:00-05:00,30.261069,-97.741164,0.0
p_006,1,2026-09-15T11:30:00-05:00,30.261222,-97.741102,0.0
p_006,1,2026-09-15T11:40:00-05:00,30.261026,-97.741173,0.0
p_006,1,2026-09-15T11:50:00-05:00,30.261115,-97.741169,0.0
p_006,1,2026-09-15T12:00:00-05:00,30.261203,-97.741116,0.0
p_006,1,2026-09-15T12:10:00-05:00,30.261194,-97.741175,0.0
p_006,1,2026-09-15T12:20:00-05:00,30.255971,-97.743435,1.46
p_006,1,2026-09-15T12:30:00-05:00,30.255675,-97.743846,0.0
p_006,1,2026-09-15T12:40:00-05:00,30.255656,-97.743961,0.0
p_006,1,2026-09-15T12:50:00-05:00,30.255759,-97.743858,0.0
p_006,1,2026-09-15T13:00:00-05:00,30.25573,-97.743869,0.0
p_006,1,2026-09-15T13:10:00-05:00,30.255738,-97.743888,0.0
p_006,1,2026-09-15T13:20:00-05:00,30.255781,-97.743881,0.0
p_006,1,2026-09-15T13:30:00-05:00,30.25565,-97.743837,0.0
p_006,1,2026-09-15T13:40:00-05:00,30.255683,-97.74393,0.0
p_006,1,2026-09-15T13:50:00-05:00,30.260582,-97.74135,1.14
p_006,1,2026-09-15T14:00:00-05:00,30.261239,-97.741103,0.0
p_006,1,2026-09-15T14:10:00-05:00,30.261174,-97.741049,0.0
p_006,1,2026-09-15T14:20:00-05:00,30.261142,-97.741071,0.0
p_006,1,2026-09-15T14:30:00-05:00,30.261174,-97.741152,0.0
p_006,1,2026-09-15T14:40:00-05:00,30.261184,-97.741191,0.0
p_006,1,2026-09-15T14:50:00-05:00,30.261177,-97.741106,0.0
p_006,1,2026-09-15T15:00:00-05:00,30.261119,-97.741078,0.0
p_006,1,2026-09-15T15:10:00-05:00,30.261125,-97.741098,0.0
p_006,1,2026-09-15T15:20:00-05:00,30.261106,-97.741064,0.0
p_006,1,2026-09-15T15:30:00-05:00,30.261096,-97.741132,0.0
p_006,1,2026-09-15T15:40:00-05:00,30.261135,-97.741262,0.0
p_006,1,2026-09-15T15:50:00-05:00,30.261194,-97.741185,0.0
p_006,1,2026-09-15T16:00:00-05:00,30.261097,-97.74111,0.0
p_006,1,2026-09-15T16:10:00-05:00,30.261168,-97.741049,0.0
p_006,1,2026-09-15T16:20:00-05:00,30.261181,-97.741097,0.0
p_006,1,2026-09-15T16:30:00-05:00,30.261182,-97.741073,0.0
p_006,1,2026-09-15T16:40:00-05:00,30.261115,-97.741107,0.0
p_006,1,2026-09-15T16:50:00-05:00,30.261141,-97.741176,0.0
p_006,1,2026-09-15T17:00:00-05:00,30.26116,-97.741101,0.0
p_006,1,2026-09-15T17:10:00-05:00,30.261112,-97.741177,0.0
p_006,1,2026-09-15T17:20:00-05:00,30.261178,-97.741243,0.0
p_006,1,2026-09-15T17:30:00-05:00,30.261091,-97.741159,0.0
p_006,1,2026-09-15T17:40:00-05:00,30.261091,-97.741116,0.0
p_006,1,2026-09-15T17:50:00-05:00,30.261207,-97.741017,0.0
p_006,1,2026-09-15T18:00:00-05:00,30.255035,-97.750936,0.0
p_006,1,2026-09-15T18:10:00-05:00,30.255005,-97.750925,0.0
p_006,1,2026-09-15T18:20:00-05:00,30.254992,-97.750936,0.0
p_006,1,2026-09-15T18:30:00-05:00,30.255088,-97.750818,0.0
p_006,1,2026-09-15T18:40:00-05:00,30.25501,-97.750827,0.0
p_006,1,2026-09-15T18:50:00-05:00,30.254991,-97.75087,0.0
p_006,1,2026-09-15T19:00:00-05:00,30.255026,-97.750885,0.0
p_006,1,2026-09-15T19:10:00-05:00,30.255041,-97.750827,0.0
p_006,1,2026-09-15T19:20:00-05:00,30.255016,-97.750975,0.0
p_006,1,2026-09-15T19:30:00-05:00,30.263514,-97.746271,0.0
p_006,1,2026-09-15T19:40:00-05:00,30.263406,-97.74643,0.0
p_006,1,2026-09-15T19:50:00-05:00,30.263569,-97.746301,0.0
p_006,1,2026-09-15T20:00:00-05:00,30.263568,-97.746385,0.0
p_006,1,2026-09-15T20:10:00-05:00,30.263467,-97.746511,0.0
p_006,1,2026-09-15T20:20:00-05:00,30.263505,-97.746461,0.0
p_006,1,2026-09-15T20:30:00-05:00,30.263467,-97.746367,0.0
p_006,1,2026-09-15T20:40:00-05:00,30.263581,-97.746315,0.0
p_006,1,2026-09-15T20:50:00-05:00,30.265417,-97.746261,0.0
p_006,1,2026-09-15T21:00:00-05:00,30.265234,-97.746287,0.0
p_006,1,2026-09-15T21:10:00-05:00,30.265295,-97.746323,0.0
p_006,1,2026-09-15T21:20:00-05:00,30.265201,-97.746287,0.0
p_006,1,2026-09-15T21:30:00-05:00,30.26527,-97.746297,0.0
p_006,1,2026-09-15T21:40:00-05:00,30.26535,-97.746313,0.0
p_006,1,2026-09-15T21:50:00-05:00,30.265298,-97.746224,0.0
p_006,1,2026-09-15T22:00:00-05:00,30.265305,-97.746282,0.0
p_006,1,2026-09-15T22:10:00-05:00,30.265328,-97.746283,0.0
p_006,1,2026-09-15T22:20:00-05:00,30.265308,-97.746266,0.0
p_006,1,2026-09-15T22:30:00-05:00,30.265346,-97.746336,0.0
p_006,1,2026-09-15T22:40:00-05:00,30.265389,-97.746272,0.0
p_006,1,2026-09-15T22:50:00-05:00,30.265318,-97.746193,0.0
p_006,1,2026-09-15T23:00:00-05:00,30.265313,-97.746299,0.0
p_006,1,2026-09-15T23:10:00-05:00,30.265313,-97.746256,0.0
p_006,1,2026-09-15T23:20:00-05:00,30.265275,-97.746307,0.0
p_006,1,2026-09-15T23:30:00-05:00,30.265398,-97.746275,0.0
p_006,1,2026-09-15T23:40:00-05:00,30.265367,-97.746176,0.0
p_006,1,2026-09-15T23:50:00-05:00,30.265391,-97.74629,0.0
p_006,1,2026-09-16T00:00:00-05:00,30.265362,-97.746216,0.0
p_006,1,2026-09-16T00:10:00-05:00,30.26534,-97.746396,0.0
p_006,1,2026-09-16T00:20:00-05:00,30.265349,-97.746215,0.0
p_006,1,2026-09-16T00:30:00-05:00,30.265301,-97.746341,0.0
p_006,1,2026-09-16T00:40:00-05:00,30.265312,-97.746313,0.0
p_006,1,2026-09-16T00:50:00-05:00,30.265225,-97.746266,0.0
p_006,1,2026-09-16T01:00:00-05:00,30.265351,-97.746218,0.0
p_006,1,2026-09-16T01:10:00-05:00,30.265313,-97.746395,0.0
p_006,1,2026-09-16T01:20:00-05:00,30.265376,-97.746349,0.0
p_006,1,2026-09-16T01:30:00-05:00,30.265326,-97.746314,0.0
p_006,1,2026-09-16T01:40:00-05:00,30.265356,-97.746356,0.0
p_006,1,2026-09-16T01:50:00-05:00,30.26531,-97.746322,0.0
p_006,1,2026-09-16T02:00:00-05:00,30.265423,-97.746343,0.0
p_006,1,2026-09-16T02:10:00-05:00,30.265354,-97.746281,0.0
p_006,1,2026-09-16T02:20:00-05:00,30.265297,-97.746229,0.0
p_006,1,2026-09-16T02:30:00-05:00,30.265289,-97.746293,0.0
p_006,1,2026-09-16T02:40:00-05:00,30.265341,-97.746352,0.0
p_006,1,2026-09-16T02:50:00-05:00,30.265361,-97.74633,0.0
p_006,2,2026-09-16T00:00:00-05:00,30.26533,-97.746346,0.0
p_006,2,2026-09-16T00:10:00-05:00,30.265319,-97.746288,0.0
p_006,2,2026-09-16T00:20:00-05:00,30.265333,-97.746285,0.0
p_006,2,2026-09-16T00:30:00-05:00,30.265288,-97.746342,0.0
p_006,2,2026-09-16T00:40:00-05:00,30.265334,-97.746356,0.0
p_006,2,2026-09-16T00:50:00-05:00,30.265243,-97.746275,0.0
p_006,2,2026-09-16T01:00:00-05:00,30.265348,-97.746312,0.0
p_006,2,2026-09-16T01:10:00-05:00,30.265369,-97.746308,0.0
p_006,2,2026-09-16T01:20:00-05:00,30.2654,-97.74634,0.0
p_006,2,2026-09-16T01:30:00-05:00,30.265339,-97.746246,0.0
p_006,2,2026-09-16T01:40:00-05:00,30.265325,-97.746358,0.0
p_006,2,2026-09-16T01:50:00-05:00,30.265298,-97.746283,0.0
p_006,2,2026-09-16T02:00:00-05:00,30.265331,-97.74636,0.0
p_006,2,2026-09-16T02:10:00-05:00,30.265362,-97.746287,0.0
p_006,2,2026-09-16T02:20:00-05:00,30.265327,-97.746291,0.0
p_006,2,2026-09-16T02:30:00-05:00,30.265319,-97.74626,0.0
p_006,2,2026-09-16T02:40:00-05:00,30.265337,-97.746252,0.0
p_006,2,2026-09-16T02:50:00-05:00,30.265304,-97.74635,0.0
p_006,2,2026-09-16T03:00:00-05:00,30.265308,-97.746272,0.0
p_006,2,2026-09-16T03:10:00-05:00,30.265325,-97.74631,0.0
p_006,2,2026-09-16T03:20:00-05:00,30.265346,-97.746279,0.0
p_006,2,2026-09-16T03:30:00-05:00,30.265315,-97.746288,0.0
p_006,2,2026-09-16T03:40:00-05:00,30.265323,-97.746342,0.0
p_006,2,2026-09-16T03:50:00-05:00,30.265303,-97.746333,0.0
p_006,2,2026-09-16T04:00:00-05:00,30.265357,-97.746331,0.0
p_006,2,2026-09-16T04:10:00-05:00,30.265319,-97.746372,0.0
p_006,2,2026-09-16T04:20:00-05:00,30.265367,-97.746312,0.0
p_006,2,2026-09-16T04:30:00-05:00,30.265366,-97.746296,0.0
p_006,2,2026-09-16T04:40:00-05:00,30.265366,-97.746253,0.0
p_006,2,2026-09-16T04:50:00-05:00,30.265326,-97.746314,0.0
p_006,2,2026-09-16T05:00:00-05:00,30.26531,-97.746292,0.0
p_006,2,2026-09-16T05:10:00-05:00,30.265289,-97.746364,0.0
p_006,2,2026-09-16T05:20:00-05:00,30.265221,-97.746313,0.0
p_006,2,2026-09-16T05:30:00-05:00,30.265324,-97.746326,0.0
p_006,2,2026-09-16T05:40:00-05:00,30.265298,-97.746329,0.0
p_006,2,2026-09-16T05:50:00-05:00,30.265287,-97.746301,0.0
p_006,2,2026-09-16T06:00:00-05:00,30.265321,-97.746209,0.0
p_006,2,2026-09-16T06:10:00-05:00,30.265339,-97.746235,0.0
p_006,2,2026-09-16T06:20:00-05:00,30.26532,-97.746292,0.0
p_006,2,2026-09-16T06:30:00-05:00,30.265312,-97.746302,0.0
p_006,2,2026-09-16T06:40:00-05:00,30.265362,-97.74634,0.0
p_006,2,2026-09-16T06:50:00-05:00,30.26531,-97.746313,0.0
p_006,2,2026-09-16T07:00:00-05:00,30.26529,-97.746275,0.0
p_006,2,2026-09-16T07:10:00-05:00,30.265359,-97.746292,0.0
p_006,2,2026-09-16T07:20:00-05:00,30.265333,-97.746277,0.0
p_006,2,2026-09-16T07:30:00-05:00,30.26526,-97.746205,0.0
p_006,2,2026-09-16T07:40:00-05:00,30.265308,-97.746279,0.0
p_006,2,2026-09-16T07:50:00-05:00,30.265318,-97.746346,0.0
p_006,2,2026-09-16T08:00:00-05:00,30.265271,-97.746279,0.0
p_006,2,2026-09-16T08:10:00-05:00,30.262351,-97.754652,0.0
p_006,2,2026-09-16T08:20:00-05:00,30.262372,-97.754765,0.0
p_006,2,2026-09-16T08:30:00-05:00,30.262312,-97.754802,0.0
p_006,2,2026-09-16T08:40:00-05:00,30.262247,-97.754821,0.0
p_006,2,2026-09-16T08:50:00-05:00,30.262321,-97.75475,0.0
p_006,2,2026-09-16T09:00:00-05:00,30.269022,-97.753324,0.0
p_006,2,2026-09-16T09:10:00-05:00,30.269041,-97.753218,0.0
p_006,2,2026-09-16T09:20:00-05:00,30.269087,-97.753375,0.0
p_006,2,2026-09-16T09:30:00-05:00,30.268999,-97.753351,0.0
p_006,2,2026-09-16T09:40:00-05:00,30.269029,-97.753281,0.0
p_006,2,2026-09-16T09:50:00-05:00,30.269051,-97.753318,0.0
p_006,2,2026-09-16T10:00:00-05:00,30.269081,-97.753291,0.0
p_006,2,2026-09-16T10:10:00-05:00,30.26911,-97.753344,0.0
p_006,2,2026-09-16T10:20:00-05:00,30.268952,-97.753314,0.0
p_006,2,2026-09-16T10:30:00-05:00,30.26898,-97.753175,0.0
p_006,2,2026-09-16T10:40:00-05:00,30.269025,-97.753333,0.0
p_006,2,2026-09-16T10:50:00-05:00,30.268981,-97.753306,0.0
p_006,2,2026-09-16T11:00:00-05:00,30.269006,-97.75332,0.0
p_006,2,2026-09-16T11:10:00-05:00,30.268976,-97.753342,0.0
p_006,2,2026-09-16T11:20:00-05:00,30.268955,-97.753288,0.0
p_006,2,2026-09-16T11:30:00-05:00,30.268937,-97.75328,0.0
p_006,2,2026-09-16T11:40:00-05:00,30.26896,-97.753257,0.0
p_006,2,2026-09-16T11:50:00-05:00,30.269019,-97.75342,0.0
p_006,2,2026-09-16T12:00:00-05:00,30.269041,-97.753391,0.0
p_006,2,2026-09-16T12:10:00-05:00,30.269001,-97.753312,0.0
p_006,2,2026-09-16T12:20:00-05:00,30.271514,-97.7619,0.0
p_006,2,2026-09-16T12:30:00-05:00,30.271498,-97.761938,0.0
p_006,2,2026-09-16T12:40:00-05:00,30.271461,-97.761866,0.0
p_006,2,2026-09-16T12:50:00-05:00,30.271527,-97.761936,0.0
p_006,2,2026-09-16T13:00:00-05:00,30.27152,-97.761844,0.0
p_006,2,2026-09-16T13:10:00-05:00,30.271528,-97.761886,0.0
p_006,2,2026-09-16T13:20:00-05:00,30.261096,-97.741199,0.0
p_006,2,2026-09-16T13:30:00-05:00,30.261119,-97.741126,0.0
p_006,2,2026-09-16T13:40:00-05:00,30.261076,-97.741088,0.0
p_006,2,2026-09-16T13:50:00-05:00,30.261053,-97.741151,0.0
p_006,2,2026-09-16T14:00:00-05:00,30.261129,-97.74119,0.0
p_006,2,2026-09-16T14:10:00-05:00,30.261125,-97.741176,0.0
p_006,2,2026-09-16T14:20:00-05:00,30.261155,-97.741212,0.0
p_006,2,2026-09-16T14:30:00-05:00,30.261133,-97.74108,0.0
p_006,2,2026-09-16T14:40:00-05:00,30.261117,-97.741103,0.0
p_006,2,2026-09-16T14:50:00-05:00,30.261152,-97.741103,0.0
p_006,2,2026-09-16T15:00:00-05:00,30.261188,-97.74102,0.0
p_006,2,2026-09-16T15:10:00-05:00,30.261101,-97.741234,0.0
p_006,2,2026-09-16T15:20:00-05:00,30.261041,-97.741173,0.0
p_006,2,2026-09-16T15:30:00-05:00,30.261177,-97.741136,0.0
p_006,2,2026-09-16T15:40:00-05:00,30.261156,-97.741127,0.0
p_006,2,2026-09-16T15:50:00-05:00,30.261245,-97.741099,0.0
p_006,2,2026-09-16T16:00:00-05:00,30.261158,-97.741123,0.0
p_006,2,2026-09-16T16:10:00-05:00,30.261137,-97.741069,0.0
p_006,2,2026-09-16T16:20:00-05:00,30.261152,-97.741115,0.0
p_006,2,2026-09-16T16:30:00-05:00,30.261094,-97.741097,0.0
p_006,2,2026-09-16T16:40:00-05:00,30.261062,-97.741176,0.0
p_006,2,2026-09-16T16:50:00-05:00,30.261109,-97.741061,0.0
p_006,2,2026-09-16T17:00:00-05:00,30.261095,-97.741172,0.0
p_006,2,2026-09-16T17:10:00-05:00,30.261116,-97.741124,0.0
p_006,2,2026-09-16T17:20:00-05:00,30.261157,-97.741118,0.0
p_006,2,2026-09-16T17:30:00-05:00,30.261128,-97.741186,0.0
p_006,2,2026-09-16T17:40:00-05:00,30.261142,-97.741075,0.0
p_006,2,2026-09-16T17:50:00-05:00,30.261132,-97.741146,0.0
p_006,2,2026-09-16T18:00:00-05:00,30.261132,-97.741095,0.0
p_006,2,2026-09-16T18:10:00-05:00,30.261184,-97.741108,0.0
p_006,2,2026-09-16T18:20:00-05:00,30.261139,-97.741161,0.0
p_006,2,2026-09-16T18:30:00-05:00,30.261117,-97.741139,0.0
p_006,2,2026-09-16T18:40:00-05:00,30.263464,-97.746416,0.0
p_006,2,2026-09-16T18:50:00-05:00,30.263529,-97.746418,0.0
p_006,2,2026-09-16T19:00:00-05:00,30.263514,-97.746375,0.0
p_006,2,2026-09-16T19:10:00-05:00,30.263534,-97.746421,0.0
p_006,2,2026-09-16T19:20:00-05:00,30.263491,-97.746409,0.0
p_006,2,2026-09-16T19:30:00-05:00,30.263517,-97.746366,0.0
p_006,2,2026-09-16T19:40:00-05:00,30.263609,-97.746355,0.0
p_006,2,2026-09-16T19:50:00-05:00,30.263496,-97.746343,0.0
p_006,2,2026-09-16T20:00:00-05:00,30.263491,-97.746314,0.0
p_006,2,2026-09-16T20:10:00-05:00,30.263549,-97.746392,0.0
p_006,2,2026-09-16T20:20:00-05:00,30.263495,-97.746432,0.0
p_006,2,2026-09-16T20:30:00-05:00,30.263541,-97.746418,0.0
p_006,2,2026-09-16T20:40:00-05:00,30.263552,-97.746408,0.0
p_006,2,2026-09-16T20:50:00-05:00,30.265286,-97.746285,0.0
p_006,2,2026-09-16T21:00:00-05:00,30.265304,-97.746325,0.0
p_006,2,2026-09-16T21:10:00-05:00,30.265383,-97.746224,0.0
p_006,2,2026-09-16T21:20:00-05:00,30.265276,-97.746203,0.0
p_006,2,2026-09-16T21:30:00-05:00,30.265306,-97.746279,0.0
p_006,2,2026-09-16T21:40:00-05:00,30.265342,-97.74633,0.0
p_006,2,2026-09-16T21:50:00-05:00,30.2653,-97.746319,0.0
p_006,2,2026-09-16T22:00:00-05:00,30.265289,-97.746263,0.0
p_006,2,2026-09-16T22:10:00-05:00,30.265382,-97.746325,0.0
p_006,2,2026-09-16T22:20:00-05:00,30.265344,-97.746204,0.0
p_006,2,2026-09-16T22:30:00-05:00,30.265322,-97.746332,0.0
p_006,2,2026-09-16T22:40:00-05:00,30.265274,-97.746354,0.0
p_006,2,2026-09-16T22:50:00-05:00,30.265336,-97.746335,0.0
p_006,2,2026-09-16T23:00:00-05:00,30.265377,-97.746259,0.0
p_006,2,2026-09-16T23:10:00-05:00,30.265396,-97.74628,0.0
p_006,2,2026-09-16T23:20:00-05:00,30.265377,-97.746351,0.0
p_006,2,2026-09-16T23:30:00-05:00,30.265285,-97.746344,0.0
p_006,2,2026-09-16T23:40:00-05:00,30.265263,-97.746298,0.0
p_006,2,2026-09-16T23:50:00-05:00,30.26536,-97.74631,0.0
p_006,2,2026-09-17T00:00:00-05:00,30.265329,-97.746306,0.0
p_006,2,2026-09-17T00:10:00-05:00,30.26533,-97.746341,0.0
p_006,2,2026-09-17T00:20:00-05:00,30.265245,-97.746318,0.0
p_006,2,2026-09-17T00:30:00-05:00,30.265361,-97.746284,0.0
p_006,2,2026-09-17T00:40:00-05:00,30.265295,-97.746331,0.0
p_006,2,2026-09-17T00:50:00-05:00,30.265368,-97.74632,0.0
p_006,2,2026-09-17T01:00:00-05:00,30.265373,-97.74635,0.0
p_006,2,2026-09-17T01:10:00-05:00,30.265266,-97.746265,0.0
p_006,2,2026-09-17T01:20:00-05:00,30.265325,-97.746283,0.0
p_006,2,2026-09-17T01:30:00-05:00,30.265305,-97.74627,0.0
p_006,2,2026-09-17T01:40:00-05:00,30.265317,-97.746262,0.0
p_006,2,2026-09-17T01:50:00-05:00,30.265387,-97.746329,0.0
p_006,2,2026-09-17T02:00:00-05:00,30.265293,-97.746369,0.0
p_006,2,2026-09-17T02:10:00-05:00,30.265265,-97.74633,0.0
p_006,2,2026-09-17T02:20:00-05:00,30.265261,-97.746265,0.0
p_006,2,2026-09-17T02:30:00-05:00,30.265258,-97.746378,0.0
p_006,2,2026-09-17T02:40:00-05:00,30.265342,-97.746184,0.0
p_006,2,2026-09-17T02:50:00-05:00,30.265281,-97.746347,0.0
p_006,3,2026-09-17T00:00:00-05:00,30.265231,-97.74626,0.0
p_006,3,2026-09-17T00:10:00-05:00,30.265334,-97.74627,0.0
p_006,3,2026-09-17T00:20:00-05:00,30.265335,-97.746333,0.0
p_006,3,2026-09-17T00:30:00-05:00,30.265349,-97.74632,0.0
p_006,3,2026-09-17T00:40:00-05:00,30.265354,-97.746214,0.0
p_006,3,2026-09-17T00:50:00-05:00,30.265344,-97.746263,0.0
p_006,3,2026-09-17T01:00:00-05:00,30.265288,-97.746311,0.0
p_006,3,2026-09-17T01:10:00-05:00,30.265275,-97.746352,0.0
p_006,3,2026-09-17T01:20:00-05:00,30.265283,-97.746306,0.0
p_006,3,2026-09-17T01:30:00-05:00,30.265338,-97.746346,0.0
p_006,3,2026-09-17T01:40:00-05:00,30.265318,-97.746365,0.0
p_006,3,2026-09-17T01:50:00-05:00,30.265353,-97.746378,0.0
p_006,3,2026-09-17T02:00:00-05:00,30.265369,-97.746332,0.0
p_006,3,2026-09-17T02:10:00-05:00,30.265355,-97.746277,0.0
p_006,3,2026-09-17T02:20:00-05:00,30.265427,-97.746333,0.0
p_006,3,2026-09-17T02:30:00-05:00,30.265341,-97.746295,0.0
p_006,3,2026-09-17T02:40:00-05:00,30.265377,-97.746321,0.0
p_006,3,2026-09-17T02:50:00-05:00,30.265393,-97.746311,0.0
p_006,3,2026-09-17T03:00:00-05:00,30.265273,-97.746375,0.0
p_006,3,2026-09-17T03:10:00-05:00,30.265279,-97.746288,0.0
p_006,3,2026-09-17T03:20:00-05:00,30.265328,-97.74631,0.0
p_006,3,2026-09-17T03:30:00-05:00,30.265317,-97.746269,0.0
p_006,3,2026-09-17T03:40:00-05:00,30.265307,-97.746297,0.0
p_006,3,2026-09-17T03:50:00-05:00,30.265299,-97.746298,0.0
p_006,3,2026-09-17T04:00:00-05:00,30.265338,-97.746325,0.0
p_006,3,2026-09-17T04:10:00-05:00,30.265323,-97.746323,0.0
p_006,3,2026-09-17T04:20:00-05:00,30.265313,-97.746286,0.0
p_006,3,2026-09-17T04:30:00-05:00,30.26532,-97.746293,0.0
p_006,3,2026-09-17T04:40:00-05:00,30.26537,-97.746307,0.0
p_006,3,2026-09-17T04:50:00-05:00,30.265312,-97.746309,0.0
p_006,3,2026-09-17T05:00:00-05:00,30.265353,-97.746268,0.0
p_006,3,2026-09-17T05:10:00-05:00,30.265302,-97.746385,0.0
p_006,3,2026-09-17T05:20:00-05:00,30.265346,-97.746303,0.0
p_006,3,2026-09-17T05:30:00-05:00,30.265339,-97.74637,0.0
p_006,3,2026-09-17T05:40:00-05:00,30.265276,-97.746317,0.0
p_006,3,2026-09-17T05:50:00-05:00,30.265369,-97.746328,0.0
p_006,3,2026-09-17T06:00:00-05:00,30.265297,-97.74635,0.0
p_006,3,2026-09-17T06:10:00-05:00,30.265362,-97.746273,0.0
p_006,3,2026-09-17T06:20:00-05:00,30.265389,-97.746374,0.0
p_006,3,2026-09-17T06:30:00-05:00,30.265292,-97.746313,0.0
p_006,3,2026-09-17T06:40:00-05:00,30.265349,-97.74628,0.0
p_006,3,2026-09-17T06:50:00-05:00,30.265322,-97.746371,0.0
p_006,3,2026-09-17T07:00:00-05:00,30.265362,-97.746293,0.0
p_006,3,2026-09-17T07:10:00-05:00,30.265416,-97.746315,0.0
p_006,3,2026-09-17T07:20:00-05:00,30.26539,-97.746292,0.0
p_006,3,2026-09-17T07:30:00-05:00,30.265354,-97.746233,0.0
p_006,3,2026-09-17T07:40:00-05:00,30.26535,-97.746323,0.0
p_006,3,2026-09-17T07:50:00-05:00,30.265294,-97.746332,0.0
p_006,3,2026-09-17T08:00:00-05:00,30.265295,-97.746301,0.0
p_006,3,2026-09-17T08:10:00-05:00,30.262177,-97.754841,0.0
p_006,3,2026-09-17T08:20:00-05:00,30.262314,-97.754729,0.0
p_006,3,2026-09-17T08:30:00-05:00,30.262295,-97.754752,0.0
p_006,3,2026-09-17T08:40:00-05:00,30.262261,-97.754778,0.0
p_006,3,2026-09-17T08:50:00-05:00,30.262324,-97.754832,0.0
p_006,3,2026-09-17T09:00:00-05:00,30.262336,-97.754755,0.0
p_006,3,2026-09-17T09:10:00-05:00,30.261186,-97.741256,0.0
p_006,3,2026-09-17T09:20:00-05:00,30.261171,-97.741204,0.0
p_006,3,2026-09-17T09:30:00-05:00,30.261128,-97.741078,0.0
p_006,3,2026-09-17T09:40:00-05:00,30.261137,-97.741144,0.0
p_006,3,2026-09-17T09:50:00-05:00,30.261168,-97.741159,0.0
p_006,3,2026-09-17T10:00:00-05:00,30.261069,-97.741064,0.0
p_006,3,2026-09-17T10:10:00-05:00,30.261012,-97.741061,0.0
p_006,3,2026-09-17T10:20:00-05:00,30.261102,-97.741158,0.0
p_006,3,2026-09-17T10:30:00-05:00,30.261136,-97.741091,0.0
p_006,3,2026-09-17T10:40:00-05:00,30.261103,-97.741137,0.0
p_006,3,2026-09-17T10:50:00-05:00,30.261154,-97.741041,0.0
p_006,3,2026-09-17T11:00:00-05:00,30.261108,-97.741227,0.0
p_006,3,2026-09-17T11:10:00-05:00,30.261177,-97.741127,0.0
p_006,3,2026-09-17T11:20:00-05:00,30.261203,-97.741184,0.0
p_006,3,2026-09-17T11:30:00-05:00,30.26115,-97.741169,0.0
p_006,3,2026-09-17T11:40:00-05:00,30.261204,-97.741092,0.0
p_006,3,2026-09-17T11:50:00-05:00,30.261104,-97.741084,0.0
p_006,3,2026-09-17T12:00:00-05:00,30.261117,-97.741144,0.0
p_006,3,2026-09-17T12:10:00-05:00,30.261115,-97.74104,0.0
p_006,3,2026-09-17T12:20:00-05:00,30.261196,-97.741233,0.0
p_006,3,2026-09-17T12:30:00-05:00,30.261129,-97.741079,0.0
p_006,3,2026-09-17T12:40:00-05:00,30.261141,-97.741077,0.0
p_006,3,2026-09-17T12:50:00-05:00,30.261739,-97.737588,0.0
p_006,3,2026-09-17T13:00:00-05:00,30.261804,-97.737552,0.0
p_006,3,2026-09-17T13:10:00-05:00,30.261699,-97.737557,0.0
p_006,3,2026-09-17T13:20:00-05:00,30.261771,-97.737449,0.0
p_006,3,2026-09-17T13:30:00-05:00,30.261802,-97.737503,0.0
p_006,3,2026-09-17T13:40:00-05:00,30.261829,-97.737487,0.0
p_006,3,2026-09-17T13:50:00-05:00,30.270724,-97.740259,0.0
p_006,3,2026-09-17T14:00:00-05:00,30.27067,-97.740294,0.0
p_006,3,2026-09-17T14:10:00-05:00,30.27056,-97.740347,0.0
p_006,3,2026-09-17T14:20:00-05:00,30.270677,-97.740342,0.0
p_006,3,2026-09-17T14:30:00-05:00,30.270671,-97.74033,0.0
p_006,3,2026-09-17T14:40:00-05:00,30.270625,-97.740256,0.0
p_006,3,2026-09-17T14:50:00-05:00,30.270637,-97.740381,0.0
p_006,3,2026-09-17T15:00:00-05:00,30.270577,-97.74029,0.0
p_006,3,2026-09-17T15:10:00-05:00,30.270758,-97.740222,0.0
p_006,3,2026-09-17T15:20:00-05:00,30.270676,-97.740145,0.0
p_006,3,2026-09-17T15:30:00-05:00,30.270691,-97.740398,0.0
p_006,3,2026-09-17T15:40:00-05:00,30.27067,-97.740286,0.0
p_006,3,2026-09-17T15:50:00-05:00,30.270613,-97.74027,0.0
p_006,3,2026-09-17T16:00:00-05:00,30.270665,-97.740222,0.0
p_006,3,2026-09-17T16:10:00-05:00,30.270688,-97.740283,0.0
p_006,3,2026-09-17T16:20:00-05:00,30.270613,-97.740327,0.0
p_006,3,2026-09-17T16:30:00-05:00,30.270677,-97.740177,0.0
p_006,3,2026-09-17T16:40:00-05:00,30.270739,-97.740338,0.0
p_006,3,2026-09-17T16:50:00-05:00,30.270642,-97.740303,0.0
p_006,3,2026-09-17T17:00:00-05:00,30.270601,-97.740247,0.0
p_006,3,2026-09-17T17:10:00-05:00,30.270721,-97.740278,0.0
p_006,3,2026-09-17T17:20:00-05:00,30.27069,-97.74027,0.0
p_006,3,2026-09-17T17:30:00-05:00,30.270642,-97.740283,0.0
p_006,3,2026-09-17T17:40:00-05:00,30.270648,-97.740293,0.0
p_006,3,2026-09-17T17:50:00-05:00,30.270743,-97.740301,0.0
p_006,3,2026-09-17T18:00:00-05:00,30.270679,-97.740257,0.0
p_006,3,2026-09-17T18:10:00-05:00,30.270702,-97.740325,0.0
p_006,3,2026-09-17T18:20:00-05:00,30.270642,-97.740287,0.0
p_006,3,2026-09-17T18:30:00-05:00,30.270621,-97.740295,0.0
p_006,3,2026-09-17T18:40:00-05:00,30.270595,-97.740231,0.0
p_006,3,2026-09-17T18:50:00-05:00,30.270698,-97.740248,0.0
p_006,3,2026-09-17T19:00:00-05:00,30.270615,-97.740326,0.0
p_006,3,2026-09-17T19:10:00-05:00,30.270611,-97.740252,0.0
p_006,3,2026-09-17T19:20:00-05:00,30.270667,-97.740328,0.0
p_006,3,2026-09-17T19:30:00-05:00,30.270631,-97.740218,0.0
p_006,3,2026-09-17T19:40:00-05:00,30.270638,-97.740308,0.0
p_006,3,2026-09-17T19:50:00-05:00,30.270625,-97.740295,0.0
p_006,3,2026-09-17T20:00:00-05:00,30.270637,-97.740239,0.0
p_006,3,2026-09-17T20:10:00-05:00,30.270691,-97.740295,0.0
p_006,3,2026-09-17T20:20:00-05:00,30.270613,-97.740343,0.0
p_006,3,2026-09-17T20:30:00-05:00,30.270638,-97.740285,0.0
p_006,3,2026-09-17T20:40:00-05:00,30.270661,-97.740268,0.0
p_006,3,2026-09-17T20:50:00-05:00,30.270673,-97.740294,0.0
p_006,3,2026-09-17T21:00:00-05:00,30.270656,-97.740219,0.0
p_006,3,2026-09-17T21:10:00-05:00,30.265285,-97.746279,0.0
p_006,3,2026-09-17T21:20:00-05:00,30.265376,-97.746325,0.0
p_006,3,2026-09-17T21:30:00-05:00,30.265322,-97.746285,0.0
p_006,3,2026-09-17T21:40:00-05:00,30.265302,-97.746313,0.0
p_006,3,2026-09-17T21:50:00-05:00,30.265288,-97.74632,0.0
p_006,3,2026-09-17T22:00:00-05:00,30.265425,-97.746349,0.0
p_006,3,2026-09-17T22:10:00-05:00,30.265296,-97.746307,0.0
p_006,3,2026-09-17T22:20:00-05:00,30.265357,-97.746221,0.0
p_006,3,2026-09-17T22:30:00-05:00,30.265367,-97.746262,0.0
p_006,3,2026-09-17T22:40:00-05:00,30.265298,-97.746229,0.0
p_006,3,2026-09-17T22:50:00-05:00,30.26532,-97.746288,0.0
p_006,3,2026-09-17T23:00:00-05:00,30.265332,-97.746262,0.0
p_006,3,2026-09-17T23:10:00-05:00,30.265331,-97.746278,0.0
p_006,3,2026-09-17T23:20:00-05:00,30.265356,-97.746275,0.0
p_006,3,2026-09-17T23:30:00-05:00,30.265286,-97.746393,0.0
p_006,3,2026-09-17T23:40:00-05:00,30.26533,-97.746344,0.0
p_006,3,2026-09-17T23:50:00-05:00,30.265329,-97.746353,0.0
p_006,3,2026-09-18T00:00:00-05:00,30.26537,-97.74639,0.0
p_006,3,2026-09-18T00:10:00-05:00,30.265363,-97.746319,0.0
p_006,3,2026-09-18T00:20:00-05:00,30.265353,-97.746318,0.0
p_006,3,2026-09-18T00:30:00-05:00,30.265366,-97.746351,0.0
p_006,3,2026-09-18T00:40:00-05:00,30.265262,-97.746297,0.0
p_006,3,2026-09-18T00:50:00-05:00,30.265335,-97.746342,0.0
p_006,3,2026-09-18T01:00:00-05:00,30.26524,-97.746263,0.0
p_006,3,2026-09-18T01:10:00-05:00,30.265303,-97.746364,0.0
p_006,3,2026-09-18T01:20:00-05:00,30.26534,-97.746356,0.0
p_006,3,2026-09-18T01:30:00-05:00,30.26528,-97.746334,0.0
p_006,3,2026-09-18T01:40:00-05:00,30.265299,-97.746352,0.0
p_006,3,2026-09-18T01:50:00-05:00,30.265241,-97.746367,0.0
p_006,3,2026-09-18T02:00:00-05:00,30.265295,-97.746311,0.0
p_006,3,2026-09-18T02:10:00-05:00,30.265299,-97.746301,0.0
p_006,3,2026-09-18T02:20:00-05:00,30.265338,-97.746206,0.0
p_006,3,2026-09-18T02:30:00-05:00,30.265279,-97.746149,0.0
p_006,3,2026-09-18T02:40:00-05:00,30.265354,-97.746437,0.0
p_006,3,2026-09-18T02:50:00-05:00,30.265236,-97.746316,0.0
p_006,4,2026-09-18T00:00:00-05:00,30.265309,-97.746289,0.0
p_006,4,2026-09-18T00:10:00-05:00,30.265247,-97.746339,0.0
p_006,4,2026-09-18T00:20:00-05:00,30.265349,-97.746303,0.0
p_006,4,2026-09-18T00:30:00-05:00,30.265366,-97.746363,0.0
p_006,4,2026-09-18T00:40:00-05:00,30.265343,-97.74629,0.0
p_006,4,2026-09-18T00:50:00-05:00,30.265331,-97.746273,0.0
p_006,4,2026-09-18T01:00:00-05:00,30.265325,-97.746282,0.0
p_006,4,2026-09-18T01:10:00-05:00,30.265307,-97.746217,0.0
p_006,4,2026-09-18T01:20:00-05:00,30.265322,-97.746279,0.0
p_006,4,2026-09-18T01:30:00-05:00,30.265358,-97.746275,0.0
p_006,4,2026-09-18T01:40:00-05:00,30.265304,-97.746243,0.0
p_006,4,2026-09-18T01:50:00-05:00,30.265338,-97.746257,0.0
p_006,4,2026-09-18T02:00:00-05:00,30.265267,-97.746408,0.0
p_006,4,2026-09-18T02:10:00-05:00,30.265311,-97.746374,0.0
p_006,4,2026-09-18T02:20:00-05:00,30.265279,-97.746347,0.0
p_006,4,2026-09-18T02:30:00-05:00,30.265315,-97.746353,0.0
p_006,4,2026-09-18T02:40:00-05:00,30.265295,-97.74634,0.0
p_006,4,2026-09-18T02:50:00-05:00,30.265275,-97.746293,0.0
p_006,4,2026-09-18T03:00:00-05:00,30.265275,-97.746265,0.0
p_006,4,2026-09-18T03:10:00-05:00,30.265375,-97.74637,0.0
p_006,4,2026-09-18T03:20:00-05:00,30.265308,-97.746349,0.0
p_006,4,2026-09-18T03:30:00-05:00,30.265241,-97.746278,0.0
p_006,4,2026-09-18T03:40:00-05:00,30.265295,-97.746273,0.0
p_006,4,2026-09-18T03:50:00-05:00,30.265389,-97.746262,0.0
p_006,4,2026-09-18T04:00:00-05:00,30.265302,-97.746332,0.0
p_006,4,2026-09-18T04:10:00-05:00,30.265357,-97.746253,0.0
p_006,4,2026-09-18T04:20:00-05:00,30.265352,-97.746314,0.0
p_006,4,2026-09-18T04:30:00-05:00,30.265344,-97.746292,0.0
p_006,4,2026-09-18T04:40:00-05:00,30.26531,-97.746322,0.0
p_006,4,2026-09-18T04:50:00-05:00,30.265339,-97.746295,0.0
p_006,4,2026-09-18T05:00:00-05:00,30.265298,-97.746298,0.0
p_006,4,2026-09-18T05:10:00-05:00,30.265296,-97.746349,0.0
p_006,4,2026-09-18T05:20:00-05:00,30.265379,-97.746287,0.0
p_006,4,2026-09-18T05:30:00-05:00,30.265322,-97.74632,0.0
p_006,4,2026-09-18T05:40:00-05:00,30.265333,-97.746315,0.0
p_006,4,2026-09-18T05:50:00-05:00,30.265375,-97.746368,0.0
p_006,4,2026-09-18T06:00:00-05:00,30.265328,-97.746282,0.0
p_006,4,2026-09-18T06:10:00-05:00,30.265348,-97.746276,0.0
p_006,4,2026-09-18T06:20:00-05:00,30.265367,-97.746295,0.0
p_006,4,2026-09-18T06:30:00-05:00,30.265315,-97.746323,0.0
p_006,4,2026-09-18T06:40:00-05:00,30.265297,-97.746283,0.0
p_006,4,2026-09-18T06:50:00-05:00,30.265303,-97.746273,0.0
p_006,4,2026-09-18T07:00:00-05:00,30.265362,-97.746257,0.0
p_006,4,2026-09-18T07:10:00-05:00,30.265369,-97.746235,0.0
p_006,4,2026-09-18T07:20:00-05:00,30.265342,-97.746314,0.0
p_006,4,2026-09-18T07:30:00-05:00,30.265273,-97.746362,0.0
p_006,4,2026-09-18T07:40:00-05:00,30.26538,-97.746314,0.0
p_006,4,2026-09-18T07:50:00-05:00,30.265362,-97.746286,0.0
p_006,4,2026-09-18T08:00:00-05:00,30.265295,-97.746346,0.0
p_006,4,2026-09-18T08:10:00-05:00,30.262348,-97.754788,0.0
p_006,4,2026-09-18T08:20:00-05:00,30.262311,-97.754851,0.0
p_006,4,2026-09-18T08:30:00-05:00,30.262335,-97.754855,0.0
p_006,4,2026-09-18T08:40:00-05:00,30.261315,-97.742949,5.89
p_006,4,2026-09-18T08:50:00-05:00,30.261179,-97.741217,0.0
p_006,4,2026-09-18T09:00:00-05:00,30.261155,-97.741173,0.0
p_006,4,2026-09-18T09:10:00-05:00,30.261117,-97.741129,0.0
p_006,4,2026-09-18T09:20:00-05:00,30.261136,-97.741088,0.0
p_006,4,2026-09-18T09:30:00-05:00,30.261167,-97.741092,0.0
p_006,4,2026-09-18T09:40:00-05:00,30.261069,-97.741085,0.0
p_006,4,2026-09-18T09:50:00-05:00,30.261174,-97.741253,0.0
p_006,4,2026-09-18T10:00:00-05:00,30.261058,-97.741115,0.0
p_006,4,2026-09-18T10:10:00-05:00,30.261141,-97.74111,0.0
p_006,4,2026-09-18T10:20:00-05:00,30.261177,-97.741182,0.0
p_006,4,2026-09-18T10:30:00-05:00,30.261112,-97.741097,0.0
p_006,4,2026-09-18T10:40:00-05:00,30.26118,-97.741168,0.0
p_006,4,2026-09-18T10:50:00-05:00,30.261174,-97.741084,0.0
p_006,4,2026-09-18T11:00:00-05:00,30.261197,-97.741212,0.0
p_006,4,2026-09-18T11:10:00-05:00,30.261195,-97.741167,0.0
p_006,4,2026-09-18T11:20:00-05:00,30.261135,-97.741134,0.0
p_006,4,2026-09-18T11:30:00-05:00,30.261213,-97.741179,0.0
p_006,4,2026-09-18T11:40:00-05:00,30.26113,-97.741132,0.0
p_006,4,2026-09-18T11:50:00-05:00,30.261136,-97.74103,0.0
p_006,4,2026-09-18T12:00:00-05:00,30.261128,-97.741121,0.0
p_006,4,2026-09-18T12:10:00-05:00,30.261187,-97.741067,0.0
p_006,4,2026-09-18T12:20:00-05:00,30.261267,-97.741102,0.0
p_006,4,2026-09-18T12:30:00-05:00,30.261148,-97.7411,0.0
p_006,4,2026-09-18T12:40:00-05:00,30.261764,-97.737538,0.0
p_006,4,2026-09-18T12:50:00-05:00,30.261806,-97.737568,0.0
p_006,4,2026-09-18T13:00:00-05:00,30.26174,-97.737571,0.0
p_006,4,2026-09-18T13:10:00-05:00,30.261793,-97.737458,0.0
p_006,4,2026-09-18T13:20:00-05:00,30.261799,-97.737447,0.0
p_006,4,2026-09-18T13:30:00-05:00,30.261755,-97.737534,0.0
p_006,4,2026-09-18T13:40:00-05:00,30.261731,-97.737436,0.0
p_006,4,2026-09-18T13:50:00-05:00,30.261432,-97.738814,1.4
p_006,4,2026-09-18T14:00:00-05:00,30.261038,-97.741083,0.0
p_006,4,2026-09-18T14:10:00-05:00,30.261118,-97.741078,0.0
p_006,4,2026-09-18T14:20:00-05:00,30.261134,-97.74111,0.0
p_006,4,2026-09-18T14:30:00-05:00,30.261112,-97.741143,0.0
p_006,4,2026-09-18T14:40:00-05:00,30.26117,-97.741088,0.0
p_006,4,2026-09-18T14:50:00-05:00,30.261171,-97.741144,0.0
p_006,4,2026-09-18T15:00:00-05:00,30.261163,-97.741146,0.0
p_006,4,2026-09-18T15:10:00-05:00,30.261179,-97.741144,0.0
p_006,4,2026-09-18T15:20:00-05:00,30.261172,-97.740978,0.0
p_006,4,2026-09-18T15:30:00-05:00,30.261112,-97.741067,0.0
p_006,4,2026-09-18T15:40:00-05:00,30.261141,-97.741193,0.0
p_006,4,2026-09-18T15:50:00-05:00,30.26118,-97.741154,0.0
p_006,4,2026-09-18T16:00:00-05:00,30.261173,-97.741185,0.0
p_006,4,2026-09-18T16:10:00-05:00,30.261113,-97.741117,0.0
p_006,4,2026-09-18T16:20:00-05:00,30.261122,-97.741094,0.0
p_006,4,2026-09-18T16:30:00-05:00,30.261122,-97.741075,0.0
p_006,4,2026-09-18T16:40:00-05:00,30.261104,-97.741051,0.0
p_006,4,2026-09-18T16:50:00-05:00,30.261111,-97.741165,0.0
p_006,4,2026-09-18T17:00:00-05:00,30.261144,-97.741236,0.0
p_006,4,2026-09-18T17:10:00-05:00,30.261135,-97.741138,0.0
p_006,4,2026-09-18T17:20:00-05:00,30.261138,-97.741163,0.0
p_006,4,2026-09-18T17:30:00-05:00,30.261174,-97.741165,0.0
p_006,4,2026-09-18T17:40:00-05:00,30.261162,-97.741099,0.0
p_006,4,2026-09-18T17:50:00-05:00,30.261144,-97.741094,0.0
p_006,4,2026-09-18T18:00:00-05:00,30.261151,-97.741106,0.0
p_006,4,2026-09-18T18:10:00-05:00,30.261201,-97.741082,0.0
p_006,4,2026-09-18T18:20:00-05:00,30.261188,-97.741057,0.0
p_006,4,2026-09-18T18:30:00-05:00,30.261147,-97.741135,0.0
p_006,4,2026-09-18T18:40:00-05:00,30.261085,-97.741109,0.0
p_006,4,2026-09-18T18:50:00-05:00,30.261162,-97.741194,0.0
p_006,4,2026-09-18T19:00:00-05:00,30.261132,-97.741081,0.0
p_006,4,2026-09-18T19:10:00-05:00,30.261115,-97.741145,0.0
p_006,4,2026-09-18T19:20:00-05:00,30.261192,-97.741107,0.0
p_006,4,2026-09-18T19:30:00-05:00,30.261137,-97.741161,0.0
p_006,4,2026-09-18T19:40:00-05:00,30.261143,-97.741084,0.0
p_006,4,2026-09-18T19:50:00-05:00,30.261129,-97.741098,0.0
p_006,4,2026-09-18T20:00:00-05:00,30.261138,-97.741146,0.0
p_006,4,2026-09-18T20:10:00-05:00,30.261133,-97.741168,0.0
p_006,4,2026-09-18T20:20:00-05:00,30.261173,-97.74103,0.0
p_006,4,2026-09-18T20:30:00-05:00,30.261058,-97.741114,0.0
p_006,4,2026-09-18T20:40:00-05:00,30.261157,-97.741075,0.0
p_006,4,2026-09-18T20:50:00-05:00,30.261122,-97.741139,0.0
p_006,4,2026-09-18T21:00:00-05:00,30.26118,-97.741112,0.0
p_006,4,2026-09-18T21:10:00-05:00,30.261189,-97.741126,0.0
p_006,4,2026-09-18T21:20:00-05:00,30.262411,-97.742868,1.2
p_006,4,2026-09-18T21:30:00-05:00,30.265355,-97.746341,0.0
p_006,4,2026-09-18T21:40:00-05:00,30.26536,-97.746314,0.0
p_006,4,2026-09-18T21:50:00-05:00,30.265295,-97.746313,0.0
p_006,4,2026-09-18T22:00:00-05:00,30.265387,-97.746307,0.0
p_006,4,2026-09-18T22:10:00-05:00,30.265332,-97.746276,0.0
p_006,4,2026-09-18T22:20:00-05:00,30.265313,-97.746258,0.0
p_006,4,2026-09-18T22:30:00-05:00,30.265268,-97.746398,0.0
p_006,4,2026-09-18T22:40:00-05:00,30.265294,-97.746314,0.0
p_006,4,2026-09-18T22:50:00-05:00,30.265258,-97.746278,0.0
p_006,4,2026-09-18T23:00:00-05:00,30.265352,-97.746267,0.0
p_006,4,2026-09-18T23:10:00-05:00,30.265343,-97.746298,0.0
p_006,4,2026-09-18T23:20:00-05:00,30.265302,-97.746395,0.0
p_006,4,2026-09-18T23:30:00-05:00,30.265329,-97.746307,0.0
p_006,4,2026-09-18T23:40:00-05:00,30.265307,-97.746287,0.0
p_006,4,2026-09-18T23:50:00-05:00,30.265332,-97.746307,0.0
p_006,4,2026-09-19T00:00:00-05:00,30.265325,-97.74637,0.0
p_006,4,2026-09-19T00:10:00-05:00,30.265222,-97.746327,0.0
p_006,4,2026-09-19T00:20:00-05:00,30.265316,-97.746308,0.0
p_006,4,2026-09-19T00:30:00-05:00,30.265337,-97.746353,0.0
p_006,4,2026-09-19T00:40:00-05:00,30.265333,-97.746314,0.0
p_006,4,2026-09-19T00:50:00-05:00,30.265353,-97.74638,0.0
p_006,4,2026-09-19T01:00:00-05:00,30.265324,-97.746259,0.0
p_006,4,2026-09-19T01:10:00-05:00,30.265288,-97.746222,0.0
p_006,4,2026-09-19T01:20:00-05:00,30.265285,-97.746372,0.0
p_006,4,2026-09-19T01:30:00-05:00,30.265348,-97.746467,0.0
p_006,4,2026-09-19T01:40:00-05:00,30.265334,-97.746348,0.0
p_006,4,2026-09-19T01:50:00-05:00,30.265323,-97.746398,0.0
p_006,4,2026-09-19T02:00:00-05:00,30.265325,-97.746353,0.0
p_006,4,2026-09-19T02:10:00-05:00,30.265308,-97.746331,0.0
p_006,4,2026-09-19T02:20:00-05:00,30.265345,-97.74637,0.0
p_006,4,2026-09-19T02:30:00-05:00,30.265248,-97.746284,0.0
p_006,4,2026-09-19T02:40:00-05:00,30.265425,-97.746354,0.0
p_006,4,2026-09-19T02:50:00-05:00,30.265363,-97.746333,0.0
p_007,0,2026-09-14T00:00:00-05:00,30.253761,-97.760311,0.0
p_007,0,2026-09-14T00:10:00-05:00,30.253761,-97.760211,0.0
p_007,0,2026-09-14T00:20:00-05:00,30.253754,-97.7603,0.0
p_007,0,2026-09-14T00:30:00-05:00,30.253712,-97.760313,0.0
p_007,0,2026-09-14T00:40:00-05:00,30.253724,-97.760289,0.0
p_007,0,2026-09-14T00:50:00-05:00,30.25375,-97.760291,0.0
p_007,0,2026-09-14T01:00:00-05:00,30.253729,-97.760351,0.0
p_007,0,2026-09-14T01:10:00-05:00,30.253765,-97.760304,0.0
p_007,0,2026-09-14T01:20:00-05:00,30.253756,-97.760319,0.0
p_007,0,2026-09-14T01:30:00-05:00,30.253743,-97.76027,0.0
p_007,0,2026-09-14T01:40:00-05:00,30.253745,-97.760305,0.0
p_007,0,2026-09-14T01:50:00-05:00,30.253767,-97.760287,0.0
p_007,0,2026-09-14T02:00:00-05:00,30.253737,-97.760292,0.0
p_007,0,2026-09-14T02:10:00-05:00,30.25375,-97.760201,0.0
p_007,0,2026-09-14T02:20:00-05:00,30.253723,-97.760286,0.0
p_007,0,2026-09-14T02:30:00-05:00,30.25373,-97.760307,0.0
p_007,0,2026-09-14T02:40:00-05:00,30.253763,-97.760252,0.0
p_007,0,2026-09-14T02:50:00-05:00,30.253669,-97.760292,0.0
p_007,0,2026-09-14T03:00:00-05:00,30.253819,-97.760269,0.0
p_007,0,2026-09-14T03:10:00-05:00,30.253729,-97.760275,0.0
p_007,0,2026-09-14T03:20:00-05:00,30.253711,-97.760344,0.0
p_007,0,2026-09-14T03:30:00-05:00,30.253695,-97.760338,0.0
p_007,0,2026-09-14T03:40:00-05:00,30.253801,-97.760353,0.0
p_007,0,2026-09-14T03:50:00-05:00,30.253727,-97.760284,0.0
p_007,0,2026-09-14T04:00:00-05:00,30.253723,-97.760282,0.0
p_007,0,2026-09-14T04:10:00-05:00,30.253757,-97.760323,0.0
p_007,0,2026-09-14T04:20:00-05:00,30.253776,-97.760268,0.0
p_007,0,2026-09-14T04:30:00-05:00,30.253695,-97.76034,0.0
p_007,0,2026-09-14T04:40:00-05:00,30.253685,-97.760301,0.0
p_007,0,2026-09-14T04:50:00-05:00,30.253759,-97.760177,0.0
p_007,0,2026-09-14T05:00:00-05:00,30.25376,-97.7603,0.0
p_007,0,2026-09-14T05:10:00-05:00,30.253693,-97.760303,0.0
p_007,0,2026-09-14T05:20:00-05:00,30.253783,-97.760207,0.0
p_007,0,2026-09-14T05:30:00-05:00,30.253733,-97.760336,0.0
p_007,0,2026-09-14T05:40:00-05:00,30.253726,-97.760245,0.0
p_007,0,2026-09-14T05:50:00-05:00,30.253778,-97.760268,0.0
p_007,0,2026-09-14T06:00:00-05:00,30.253813,-97.760264,0.0
p_007,0,2026-09-14T06:10:00-05:00,30.253793,-97.760267,0.0
p_007,0,2026-09-14T06:20:00-05:00,30.253794,-97.76033,0.0
p_007,0,2026-09-14T06:30:00-05:00,30.253758,-97.76027,0.0
p_007,0,2026-09-14T06:40:00-05:00,30.253752,-97.760362,0.0
p_007,0,2026-09-14T06:50:00-05:00,30.253784,-97.760225,0.0
p_007,0,2026-09-14T07:00:00-05:00,30.253731,-97.760252,0.0
p_007,0,2026-09-14T07:10:00-05:00,30.253711,-97.760239,0.0
p_007,0,2026-09-14T07:20:00-05:00,30.253797,-97.760221,0.0
p_007,0,2026-09-14T07:30:00-05:00,30.253802,-97.760282,0.0
p_007,0,2026-09-14T07:40:00-05:00,30.253726,-97.76036,0.0
p_007,0,2026-09-14T07:50:00-05:00,30.253741,-97.760314,0.0
p_007,0,2026-09-14T08:00:00-05:00,30.270449,-97.742121,0.0
p_007,0,2026-09-14T08:10:00-05:00,30.270466,-97.742196,0.0
p_007,0,2026-09-14T08:20:00-05:00,30.27019,-97.743651,1.57
p_007,0,2026-09-14T08:30:00-05:00,30.270902,-97.748665,0.0
p_007,0,2026-09-14T08:40:00-05:00,30.270972,-97.748772,0.0
p_007,0,2026-09-14T08:50:00-05:00,30.270972,-97.748739,0.0
p_007,0,2026-09-14T09:00:00-05:00,30.270953,-97.748588,0.0
p_007,0,2026-09-14T09:10:00-05:00,30.270873,-97.748766,0.0
p_007,0,2026-09-14T09:20:00-05:00,30.270966,-97.748718,0.0
p_007,0,2026-09-14T09:30:00-05:00,30.270966,-97.748708,0.0
p_007,0,2026-09-14T09:40:00-05:00,30.270957,-97.748685,0.0
p_007,0,2026-09-14T09:50:00-05:00,30.271015,-97.748758,0.0
p_007,0,2026-09-14T10:00:00-05:00,30.27102,-97.748647,0.0
p_007,0,2026-09-14T10:10:00-05:00,30.270957,-97.748706,0.0
p_007,0,2026-09-14T10:20:00-05:00,30.271015,-97.748809,0.0
p_007,0,2026-09-14T10:30:00-05:00,30.270936,-97.748781,0.0
p_007,0,2026-09-14T10:40:00-05:00,30.270938,-97.748721,0.0
p_007,0,2026-09-14T10:50:00-05:00,30.270879,-97.748726,0.0
p_007,0,2026-09-14T11:00:00-05:00,30.270923,-97.748729,0.0
p_007,0,2026-09-14T11:10:00-05:00,30.27106,-97.748662,0.0
p_007,0,2026-09-14T11:20:00-05:00,30.270898,-97.748675,0.0
p_007,0,2026-09-14T11:30:00-05:00,30.270999,-97.748558,0.0
p_007,0,2026-09-14T11:40:00-05:00,30.270944,-97.748706,0.0
p_007,0,2026-09-14T11:50:00-05:00,30.270963,-97.748777,0.0
p_007,0,2026-09-14T12:00:00-05:00,30.270992,-97.748758,0.0
p_007,0,2026-09-14T12:10:00-05:00,30.270993,-97.748718,0.0
p_007,0,2026-09-14T12:20:00-05:00,30.268582,-97.754213,0.0
p_007,0,2026-09-14T12:30:00-05:00,30.268642,-97.754262,0.0
p_007,0,2026-09-14T12:40:00-05:00,30.268586,-97.754224,0.0
p_007,0,2026-09-14T12:50:00-05:00,30.268624,-97.754214,0.0
p_007,0,2026-09-14T13:00:00-05:00,30.268564,-97.754208,0.0
p_007,0,2026-09-14T13:10:00-05:00,30.268698,-97.753763,1.46
p_007,0,2026-09-14T13:20:00-05:00,30.270964,-97.748642,0.0
p_007,0,2026-09-14T13:30:00-05:00,30.270927,-97.748678,0.0
p_007,0,2026-09-14T13:40:00-05:00,30.270826,-97.748758,0.0
p_007,0,2026-09-14T13:50:00-05:00,30.270933,-97.748689,0.0
p_007,0,2026-09-14T14:00:00-05:00,30.271017,-97.748736,0.0
p_007,0,2026-09-14T14:10:00-05:00,30.270885,-97.748689,0.0
p_007,0,2026-09-14T14:20:00-05:00,30.270952,-97.748665,0.0
p_007,0,2026-09-14T14:30:00-05:00,30.271043,-97.748661,0.0
p_007,0,2026-09-14T14:40:00-05:00,30.270991,-97.748685,0.0
p_007,0,2026-09-14T14:50:00-05:00,30.270986,-97.748598,0.0
p_007,0,2026-09-14T15:00:00-05:00,30.27104,-97.748706,0.0
p_007,0,2026-09-14T15:10:00-05:00,30.270888,-97.748689,0.0
p_007,0,2026-09-14T15:20:00-05:00,30.270952,-97.748716,0.0
p_007,0,2026-09-14T15:30:00-05:00,30.270959,-97.7488,0.0
p_007,0,2026-09-14T15:40:00-05:00,30.270904,-97.748756,0.0
p_007,0,2026-09-14T15:50:00-05:00,30.27099,-97.748733,0.0
p_007,0,2026-09-14T16:00:00-05:00,30.27096,-97.748748,0.0
p_007,0,2026-09-14T16:10:00-05:00,30.270964,-97.748811,0.0
p_007,0,2026-09-14T16:20:00-05:00,30.271006,-97.748729,0.0
p_007,0,2026-09-14T16:30:00-05:00,30.270984,-97.748727,0.0
p_007,0,2026-09-14T16:40:00-05:00,30.270962,-97.748797,0.0
p_007,0,2026-09-14T16:50:00-05:00,30.27097,-97.748669,0.0
p_007,0,2026-09-14T17:00:00-05:00,30.270979,-97.7487,0.0
p_007,0,2026-09-14T17:10:00-05:00,30.270916,-97.748775,0.0
p_007,0,2026-09-14T17:20:00-05:00,30.271002,-97.748688,0.0
p_007,0,2026-09-14T17:30:00-05:00,30.270935,-97.748714,0.0
p_007,0,2026-09-14T17:40:00-05:00,30.270985,-97.748695,0.0
p_007,0,2026-09-14T17:50:00-05:00,30.270957,-97.748791,0.0
p_007,0,2026-09-14T18:00:00-05:00,30.27098,-97.748692,0.0
p_007,0,2026-09-14T18:10:00-05:00,30.271031,-97.748782,0.0
p_007,0,2026-09-14T18:20:00-05:00,30.270978,-97.748839,0.0
p_007,0,2026-09-14T18:30:00-05:00,30.271001,-97.748617,0.0
p_007,0,2026-09-14T18:40:00-05:00,30.270978,-97.748665,0.0
p_007,0,2026-09-14T18:50:00-05:00,30.270934,-97.748812,0.0
p_007,0,2026-09-14T19:00:00-05:00,30.271038,-97.748788,0.0
p_007,0,2026-09-14T19:10:00-05:00,30.270979,-97.748759,0.0
p_007,0,2026-09-14T19:20:00-05:00,30.270984,-97.74872,0.0
p_007,0,2026-09-14T19:30:00-05:00,30.270935,-97.748698,0.0
p_007,0,2026-09-14T19:40:00-05:00,30.270954,-97.748686,0.0
p_007,0,2026-09-14T19:50:00-05:00,30.270925,-97.74873,0.0
p_007,0,2026-09-14T20:00:00-05:00,30.270918,-97.748757,0.0
p_007,0,2026-09-14T20:10:00-05:00,30.271008,-97.748713,0.0
p_007,0,2026-09-14T20:20:00-05:00,30.257457,-97.758576,4.58
p_007,0,2026-09-14T20:30:00-05:00,30.253783,-97.760279,0.0
p_007,0,2026-09-14T20:40:00-05:00,30.253696,-97.760179,0.0
p_007,0,2026-09-14T20:50:00-05:00,30.253733,-97.760228,0.0
p_007,0,2026-09-14T21:00:00-05:00,30.253758,-97.7603,0.0
p_007,0,2026-09-14T21:10:00-05:00,30.253738,-97.760235,0.0
p_007,0,2026-09-14T21:20:00-05:00,30.253697,-97.760381,0.0
p_007,0,2026-09-14T21:30:00-05:00,30.253784,-97.760325,0.0
p_007,0,2026-09-14T21:40:00-05:00,30.253809,-97.760305,0.0
p_007,0,2026-09-14T21:50:00-05:00,30.253745,-97.760393,0.0
p_007,0,2026-09-14T22:00:00-05:00,30.253726,-97.7602,0.0
p_007,0,2026-09-14T22:10:00-05:00,30.253688,-97.760244,0.0
p_007,0,2026-09-14T22:20:00-05:00,30.253845,-97.760285,0.0
p_007,0,2026-09-14T22:30:00-05:00,30.253719,-97.760325,0.0
p_007,0,2026-09-14T22:40:00-05:00,30.253731,-97.760337,0.0
p_007,0,2026-09-14T22:50:00-05:00,30.25377,-97.760236,0.0
p_007,0,2026-09-14T23:00:00-05:00,30.253808,-97.760338,0.0
p_007,0,2026-09-14T23:10:00-05:00,30.253687,-97.760248,0.0
p_007,0,2026-09-14T23:20:00-05:00,30.253764,-97.760252,0.0
p_007,0,2026-09-14T23:30:00-05:00,30.253728,-97.760288,0.0
p_007,0,2026-09-14T23:40:00-05:00,30.253777,-97.760276,0.0
p_007,0,2026-09-14T23:50:00-05:00,30.253713,-97.760301,0.0
p_007,0,2026-09-15T00:00:00-05:00,30.253786,-97.760285,0.0
p_007,0,2026-09-15T00:10:00-05:00,30.25368,-97.760327,0.0
p_007,0,2026-09-15T00:20:00-05:00,30.253736,-97.760276,0.0
p_007,0,2026-09-15T00:30:00-05:00,30.253672,-97.76037,0.0
p_007,0,2026-09-15T00:40:00-05:00,30.253723,-97.760276,0.0
p_007,0,2026-09-15T00:50:00-05:00,30.253817,-97.760295,0.0
p_007,0,2026-09-15T01:00:00-05:00,30.253757,-97.760261,0.0
p_007,0,2026-09-15T01:10:00-05:00,30.253698,-97.760285,0.0
p_007,0,2026-09-15T01:20:00-05:00,30.253796,-97.760211,0.0
p_007,0,2026-09-15T01:30:00-05:00,30.253761,-97.76033,0.0
p_007,0,2026-09-15T01:40:00-05:00,30.253647,-97.760308,0.0
p_007,0,2026-09-15T01:50:00-05:00,30.253754,-97.760259,0.0
p_007,0,2026-09-15T02:00:00-05:00,30.253705,-97.760157,0.0
p_007,0,2026-09-15T02:10:00-05:00,30.253745,-97.760209,0.0
p_007,0,2026-09-15T02:20:00-05:00,30.253735,-97.760289,0.0
p_007,0,2026-09-15T02:30:00-05:00,30.253791,-97.76022,0.0
p_007,0,2026-09-15T02:40:00-05:00,30.253674,-97.760266,0.0
p_007,0,2026-09-15T02:50:00-05:00,30.25381,-97.760341,0.0
p_007,1,2026-09-15T00:00:00-05:00,30.253731,-97.76024,0.0
p_007,1,2026-09-15T00:10:00-05:00,30.253758,-97.760335,0.0
p_007,1,2026-09-15T00:20:00-05:00,30.253747,-97.760323,0.0
p_007,1,2026-09-15T00:30:00-05:00,30.253774,-97.760268,0.0
p_007,1,2026-09-15T00:40:00-05:00,30.253853,-97.760286,0.0
p_007,1,2026-09-15T00:50:00-05:00,30.253775,-97.760256,0.0
p_007,1,2026-09-15T01:00:00-05:00,30.253697,-97.760279,0.0
p_007,1,2026-09-15T01:10:00-05:00,30.253773,-97.760302,0.0
p_007,1,2026-09-15T01:20:00-05:00,30.253716,-97.760278,0.0
p_007,1,2026-09-15T01:30:00-05:00,30.253825,-97.760251,0.0
p_007,1,2026-09-15T01:40:00-05:00,30.253798,-97.760307,0.0
p_007,1,2026-09-15T01:50:00-05:00,30.253755,-97.760322,0.0
p_007,1,2026-09-15T02:00:00-05:00,30.253712,-97.760216,0.0
p_007,1,2026-09-15T02:10:00-05:00,30.253747,-97.760315,0.0
p_007,1,2026-09-15T02:20:00-05:00,30.25373,-97.760322,0.0
p_007,1,2026-09-15T02:30:00-05:00,30.253796,-97.760247,0.0
p_007,1,2026-09-15T02:40:00-05:00,30.253777,-97.760298,0.0
p_007,1,2026-09-15T02:50:00-05:00,30.253747,-97.760289,0.0
p_007,1,2026-09-15T03:00:00-05:00,30.25378,-97.760272,0.0
p_007,1,2026-09-15T03:10:00-05:00,30.253747,-97.760369,0.0
p_007,1,2026-09-15T03:20:00-05:00,30.253778,-97.760327,0.0
p_007,1,2026-09-15T03:30:00-05:00,30.253785,-97.760297,0.0
p_007,1,2026-09-15T03:40:00-05:00,30.253684,-97.760317,0.0
p_007,1,2026-09-15T03:50:00-05:00,30.253752,-97.760304,0.0
p_007,1,2026-09-15T04:00:00-05:00,30.253699,-97.760326,0.0
p_007,1,2026-09-15T04:10:00-05:00,30.253736,-97.760306,0.0
p_007,1,2026-09-15T04:20:00-05:00,30.253748,-97.760299,0.0
p_007,1,2026-09-15T04:30:00-05:00,30.253733,-97.760199,0.0
p_007,1,2026-09-15T04:40:00-05:00,30.253747,-97.760298,0.0
p_007,1,2026-09-15T04:50:00-05:00,30.253706,-97.760358,0.0
p_007,1,2026-09-15T05:00:00-05:00,30.253656,-97.76032,0.0
p_007,1,2026-09-15T05:10:00-05:00,30.25382,-97.76025,0.0
p_007,1,2026-09-15T05:20:00-05:00,30.253762,-97.760285,0.0
p_007,1,2026-09-15T05:30:00-05:00,30.253757,-97.760234,0.0
p_007,1,2026-09-15T05:40:00-05:00,30.253699,-97.76025,0.0
p_007,1,2026-09-15T05:50:00-05:00,30.253795,-97.760284,0.0
p_007,1,2026-09-15T06:00:00-05:00,30.253796,-97.76035,0.0
p_007,1,2026-09-15T06:10:00-05:00,30.253789,-97.760301,0.0
p_007,1,2026-09-15T06:20:00-05:00,30.253786,-97.760261,0.0
p_007,1,2026-09-15T06:30:00-05:00,30.25378,-97.760243,0.0
p_007,1,2026-09-15T06:40:00-05:00,30.253722,-97.760314,0.0
p_007,1,2026-09-15T06:50:00-05:00,30.253738,-97.760303,0.0
p_007,1,2026-09-15T07:00:00-05:00,30.253739,-97.76033,0.0
p_007,1,2026-09-15T07:10:00-05:00,30.253803,-97.76023,0.0
p_007,1,2026-09-15T07:20:00-05:00,30.253764,-97.760332,0.0
p_007,1,2026-09-15T07:30:00-05:00,30.253707,-97.760253,0.0
p_007,1,2026-09-15T07:40:00-05:00,30.253717,-97.760343,0.0
p_007,1,2026-09-15T07:50:00-05:00,30.25376,-97.760337,0.0
p_007,1,2026-09-15T08:00:00-05:00,30.253696,-97.760257,0.0
p_007,1,2026-09-15T08:10:00-05:00,30.256484,-97.756559,9.34
p_007,1,2026-09-15T08:20:00-05:00,30.270477,-97.742161,0.0
p_007,1,2026-09-15T08:30:00-05:00,30.270539,-97.742175,0.0
p_007,1,2026-09-15T08:40:00-05:00,30.271568,-97.748138,0.0
p_007,1,2026-09-15T08:50:00-05:00,30.271571,-97.748153,0.0
p_007,1,2026-09-15T09:00:00-05:00,30.271533,-97.748183,0.0
p_007,1,2026-09-15T09:10:00-05:00,30.271529,-97.748035,0.0
p_007,1,2026-09-15T09:20:00-05:00,30.27161,-97.748187,0.0
p_007,1,2026-09-15T09:30:00-05:00,30.271493,-97.748185,0.0
p_007,1,2026-09-15T09:40:00-05:00,30.271503,-97.748122,0.0
p_007,1,2026-09-15T09:50:00-05:00,30.271526,-97.7482,0.0
p_007,1,2026-09-15T10:00:00-05:00,30.271445,-97.748115,0.0
p_007,1,2026-09-15T10:10:00-05:00,30.271595,-97.748179,0.0
p_007,1,2026-09-15T10:20:00-05:00,30.271486,-97.748178,0.0
p_007,1,2026-09-15T10:30:00-05:00,30.271473,-97.748151,0.0
p_007,1,2026-09-15T10:40:00-05:00,30.271582,-97.748154,0.0
p_007,1,2026-09-15T10:50:00-05:00,30.271529,-97.748118,0.0
p_007,1,2026-09-15T11:00:00-05:00,30.271525,-97.748291,0.0
p_007,1,2026-09-15T11:10:00-05:00,30.271525,-97.748202,0.0
p_007,1,2026-09-15T11:20:00-05:00,30.271495,-97.748168,0.0
p_007,1,2026-09-15T11:30:00-05:00,30.271542,-97.748147,0.0
p_007,1,2026-09-15T11:40:00-05:00,30.271561,-97.748173,0.0
p_007,1,2026-09-15T11:50:00-05:00,30.271504,-97.748212,0.0
p_007,1,2026-09-15T12:00:00-05:00,30.271525,-97.748126,0.0
p_007,1,2026-09-15T12:10:00-05:00,30.271613,-97.748228,0.0
p_007,1,2026-09-15T12:20:00-05:00,30.271461,-97.748154,0.0
p_007,1,2026-09-15T12:30:00-05:00,30.271605,-97.748184,0.0
p_007,1,2026-09-15T12:40:00-05:00,30.271525,-97.748188,0.0
p_007,1,2026-09-15T12:50:00-05:00,30.268292,-97.749199,1.28
p_007,1,2026-09-15T13:00:00-05:00,30.266038,-97.74995,0.0
p_007,1,2026-09-15T13:10:00-05:00,30.265937,-97.749815,0.0
p_007,1,2026-09-15T13:20:00-05:00,30.266044,-97.749883,0.0
p_007,1,2026-09-15T13:30:00-05:00,30.266081,-97.749885,0.0
p_007,1,2026-09-15T13:40:00-05:00,30.265762,-97.75346,1.12
p_007,1,2026-09-15T13:50:00-05:00,30.266046,-97.755487,0.0
p_007,1,2026-09-15T14:00:00-05:00,30.265964,-97.755566,0.0
p_007,1,2026-09-15T14:10:00-05:00,30.26602,-97.75554,0.0
p_007,1,2026-09-15T14:20:00-05:00,30.266054,-97.755521,0.0
p_007,1,2026-09-15T14:30:00-05:00,30.26602,-97.755547,0.0
p_007,1,2026-09-15T14:40:00-05:00,30.266055,-97.755535,0.0
p_007,1,2026-09-15T14:50:00-05:00,30.266045,-97.755451,0.0
p_007,1,2026-09-15T15:00:00-05:00,30.265997,-97.755428,0.0
p_007,1,2026-09-15T15:10:00-05:00,30.265962,-97.755537,0.0
p_007,1,2026-09-15T15:20:00-05:00,30.266015,-97.755506,0.0
p_007,1,2026-09-15T15:30:00-05:00,30.266071,-97.755574,0.0
p_007,1,2026-09-15T15:40:00-05:00,30.266135,-97.755434,0.0
p_007,1,2026-09-15T15:50:00-05:00,30.265991,-97.755457,0.0
p_007,1,2026-09-15T16:00:00-05:00,30.266057,-97.755565,0.0
p_007,1,2026-09-15T16:10:00-05:00,30.26609,-97.755473,0.0
p_007,1,2026-09-15T16:20:00-05:00,30.266001,-97.755495,0.0
p_007,1,2026-09-15T16:30:00-05:00,30.266014,-97.755511,0.0
p_007,1,2026-09-15T16:40:00-05:00,30.266049,-97.755511,0.0
p_007,1,2026-09-15T16:50:00-05:00,30.265938,-97.755445,0.0
p_007,1,2026-09-15T17:00:00-05:00,30.266095,-97.75554,0.0
p_007,1,2026-09-15T17:10:00-05:00,30.266049,-97.755452,0.0
p_007,1,2026-09-15T17:20:00-05:00,30.26604,-97.755466,0.0
p_007,1,2026-09-15T17:30:00-05:00,30.266047,-97.755328,0.0
p_007,1,2026-09-15T17:40:00-05:00,30.265987,-97.755497,0.0
p_007,1,2026-09-15T17:50:00-05:00,30.266091,-97.7555,0.0
p_007,1,2026-09-15T18:00:00-05:00,30.266026,-97.755466,0.0
p_007,1,2026-09-15T18:10:00-05:00,30.265974,-97.755614,0.0
p_007,1,2026-09-15T18:20:00-05:00,30.266034,-97.755597,0.0
p_007,1,2026-09-15T18:30:00-05:00,30.26599,-97.755568,0.0
p_007,1,2026-09-15T18:40:00-05:00,30.266057,-97.755534,0.0
p_007,1,2026-09-15T18:50:00-05:00,30.266083,-97.755508,0.0
p_007,1,2026-09-15T19:00:00-05:00,30.266038,-97.755583,0.0
p_007,1,2026-09-15T19:10:00-05:00,30.266038,-97.755552,0.0
p_007,1,2026-09-15T19:20:00-05:00,30.266027,-97.755489,0.0
p_007,1,2026-09-15T19:30:00-05:00,30.266012,-97.755508,0.0
p_007,1,2026-09-15T19:40:00-05:00,30.266018,-97.755464,0.0
p_007,1,2026-09-15T19:50:00-05:00,30.265969,-97.755491,0.0
p_007,1,2026-09-15T20:00:00-05:00,30.266046,-97.755441,0.0
p_007,1,2026-09-15T20:10:00-05:00,30.259215,-97.757423,4.63
p_007,1,2026-09-15T20:20:00-05:00,30.253768,-97.760375,0.0
p_007,1,2026-09-15T20:30:00-05:00,30.253715,-97.760291,0.0
p_007,1,2026-09-15T20:40:00-05:00,30.253784,-97.760303,0.0
p_007,1,2026-09-15T20:50:00-05:00,30.253677,-97.760256,0.0
p_007,1,2026-09-15T21:00:00-05:00,30.253717,-97.76031,0.0
p_007,1,2026-09-15T21:10:00-05:00,30.253772,-97.760318,0.0
p_007,1,2026-09-15T21:20:00-05:00,30.253705,-97.760251,0.0
p_007,1,2026-09-15T21:30:00-05:00,30.253829,-97.760307,0.0
p_007,1,2026-09-15T21:40:00-05:00,30.253891,-97.760324,0.0
p_007,1,2026-09-15T21:50:00-05:00,30.253771,-97.760222,0.0
p_007,1,2026-09-15T22:00:00-05:00,30.253768,-97.760319,0.0
p_007,1,2026-09-15T22:10:00-05:00,30.253778,-97.76025,0.0
p_007,1,2026-09-15T22:20:00-05:00,30.253711,-97.760274,0.0
p_007,1,2026-09-15T22:30:00-05:00,30.253743,-97.760266,0.0
p_007,1,2026-09-15T22:40:00-05:00,30.253804,-97.760264,0.0
p_007,1,2026-09-15T22:50:00-05:00,30.25373,-97.760308,0.0
p_007,1,2026-09-15T23:00:00-05:00,30.253802,-97.760232,0.0
p_007,1,2026-09-15T23:10:00-05:00,30.253737,-97.760248,0.0
p_007,1,2026-09-15T23:20:00-05:00,30.253758,-97.760332,0.0
p_007,1,2026-09-15T23:30:00-05:00,30.253754,-97.760328,0.0
p_007,1,2026-09-15T23:40:00-05:00,30.253799,-97.760212,0.0
p_007,1,2026-09-15T23:50:00-05:00,30.253838,-97.760249,0.0
p_007,1,2026-09-16T00:00:00-05:00,30.253761,-97.760247,0.0
p_007,1,2026-09-16T00:10:00-05:00,30.253843,-97.760348,0.0
p_007,1,2026-09-16T00:20:00-05:00,30.253779,-97.760211,0.0
p_007,1,2026-09-16T00:30:00-05:00,30.253657,-97.760397,0.0
p_007,1,2026-09-16T00:40:00-05:00,30.253774,-97.760216,0.0
p_007,1,2026-09-16T00:50:00-05:00,30.253749,-97.76045,0.0
p_007,1,2026-09-16T01:00:00-05:00,30.253687,-97.760289,0.0
p_007,1,2026-09-16T01:10:00-05:00,30.253666,-97.760302,0.0
p_007,1,2026-09-16T01:20:00-05:00,30.25375,-97.760244,0.0
p_007,1,2026-09-16T01:30:00-05:00,30.253678,-97.760291,0.0
p_007,1,2026-09-16T01:40:00-05:00,30.253803,-97.760298,0.0
p_007,1,2026-09-16T01:50:00-05:00,30.253758,-97.760233,0.0
p_007,1,2026-09-16T02:00:00-05:00,30.253731,-97.760276,0.0
p_007,1,2026-09-16T02:10:00-05:00,30.253814,-97.760245,0.0
p_007,1,2026-09-16T02:20:00-05:00,30.253774,-97.760166,0.0
p_007,1,2026-09-16T02:30:00-05:00,30.253742,-97.760358,0.0
p_007,1,2026-09-16T02:40:00-05:00,30.253718,-97.76026,0.0
p_007,1,2026-09-16T02:50:00-05:00,30.253689,-97.760326,0.0
p_007,2,2026-09-16T00:00:00-05:00,30.253745,-97.760232,0.0
p_007,2,2026-09-16T00:10:00-05:00,30.253768,-97.760391,0.0
p_007,2,2026-09-16T00:20:00-05:00,30.253836,-97.760268,0.0
p_007,2,2026-09-16T00:30:00-05:00,30.253709,-97.760257,0.0
p_007,2,2026-09-16T00:40:00-05:00,30.253765,-97.760335,0.0
p_007,2,2026-09-16T00:50:00-05:00,30.253703,-97.76029,0.0
p_007,2,2026-09-16T01:00:00-05:00,30.253748,-97.760283,0.0
p_007,2,2026-09-16T01:10:00-05:00,30.253687,-97.760322,0.0
p_007,2,2026-09-16T01:20:00-05:00,30.253754,-97.760333,0.0
p_007,2,2026-09-16T01:30:00-05:00,30.25372,-97.760257,0.0
p_007,2,2026-09-16T01:40:00-05:00,30.253793,-97.760322,0.0
p_007,2,2026-09-16T01:50:00-05:00,30.253765,-97.760192,0.0
p_007,2,2026-09-16T02:00:00-05:00,30.25378,-97.760294,0.0
p_007,2,2026-09-16T02:10:00-05:00,30.253704,-97.760258,0.0
p_007,2,2026-09-16T02:20:00-05:00,30.25375,-97.760257,0.0
p_007,2,2026-09-16T02:30:00-05:00,30.253787,-97.760269,0.0
p_007,2,2026-09-16T02:40:00-05:00,30.253769,-97.760268,0.0
p_007,2,2026-09-16T02:50:00-05:00,30.253723,-97.76023,0.0
p_007,2,2026-09-16T03:00:00-05:00,30.253757,-97.760266,0.0
p_007,2,2026-09-16T03:10:00-05:00,30.253751,-97.760255,0.0
p_007,2,2026-09-16T03:20:00-05:00,30.253725,-97.76027,0.0
p_007,2,2026-09-16T03:30:00-05:00,30.253747,-97.76026,0.0
p_007,2,2026-09-16T03:40:00-05:00,30.253729,-97.760212,0.0
p_007,2,2026-09-16T03:50:00-05:00,30.253776,-97.760273,0.0
p_007,2,2026-09-16T04:00:00-05:00,30.25383,-97.760317,0.0
p_007,2,2026-09-16T04:10:00-05:00,30.253746,-97.760205,0.0
p_007,2,2026-09-16T04:20:00-05:00,30.253766,-97.760289,0.0
p_007,2,2026-09-16T04:30:00-05:00,30.253695,-97.76025,0.0
p_007,2,2026-09-16T04:40:00-05:00,30.253699,-97.760254,0.0
p_007,2,2026-09-16T04:50:00-05:00,30.25367,-97.760324,0.0
p_007,2,2026-09-16T05:00:00-05:00,30.253701,-97.760253,0.0
p_007,2,2026-09-16T05:10:00-05:00,30.253772,-97.760392,0.0
p_007,2,2026-09-16T05:20:00-05:00,30.253798,-97.760291,0.0
p_007,2,2026-09-16T05:30:00-05:00,30.253738,-97.760222,0.0
p_007,2,2026-09-16T05:40:00-05:00,30.253745,-97.760293,0.0
p_007,2,2026-09-16T05:50:00-05:00,30.25378,-97.760374,0.0
p_007,2,2026-09-16T06:00:00-05:00,30.253726,-97.760286,0.0
p_007,2,2026-09-16T06:10:00-05:00,30.253777,-97.760309,0.0
p_007,2,2026-09-16T06:20:00-05:00,30.253733,-97.760361,0.0
p_007,2,2026-09-16T06:30:00-05:00,30.253741,-97.760277,0.0
p_007,2,2026-09-16T06:40:00-05:00,30.253791,-97.760293,0.0
p_007,2,2026-09-16T06:50:00-05:00,30.253796,-97.760334,0.0
p_007,2,2026-09-16T07:00:00-05:00,30.253749,-97.760271,0.0
p_007,2,2026-09-16T07:10:00-05:00,30.253737,-97.760268,0.0
p_007,2,2026-09-16T07:20:00-05:00,30.253743,-97.760363,0.0
p_007,2,2026-09-16T07:30:00-05:00,30.25379,-97.76021,0.0
p_007,2,2026-09-16T07:40:00-05:00,30.253769,-97.76033,0.0
p_007,2,2026-09-16T07:50:00-05:00,30.253797,-97.760346,0.0
p_007,2,2026-09-16T08:00:00-05:00,30.257491,-97.757025,9.09
p_007,2,2026-09-16T08:10:00-05:00,30.270454,-97.742209,0.0
p_007,2,2026-09-16T08:20:00-05:00,30.27048,-97.742174,0.0
p_007,2,2026-09-16T08:30:00-05:00,30.270558,-97.742152,0.0
p_007,2,2026-09-16T08:40:00-05:00,30.270468,-97.742149,0.0
p_007,2,2026-09-16T08:50:00-05:00,30.265622,-97.735446,7.24
p_007,2,2026-09-16T09:00:00-05:00,30.265703,-97.735396,0.0
p_007,2,2026-09-16T09:10:00-05:00,30.265712,-97.735415,0.0
p_007,2,2026-09-16T09:20:00-05:00,30.265566,-97.7353,0.0
p_007,2,2026-09-16T09:30:00-05:00,30.265662,-97.7354,0.0
p_007,2,2026-09-16T09:40:00-05:00,30.265666,-97.735375,0.0
p_007,2,2026-09-16T09:50:00-05:00,30.265603,-97.735368,0.0
p_007,2,2026-09-16T10:00:00-05:00,30.265657,-97.735328,0.0
p_007,2,2026-09-16T10:10:00-05:00,30.265681,-97.735373,0.0
p_007,2,2026-09-16T10:20:00-05:00,30.265605,-97.735429,0.0
p_007,2,2026-09-16T10:30:00-05:00,30.265612,-97.735468,0.0
p_007,2,2026-09-16T10:40:00-05:00,30.265637,-97.735494,0.0
p_007,2,2026-09-16T10:50:00-05:00,30.265644,-97.735341,0.0
p_007,2,2026-09-16T11:00:00-05:00,30.26562,-97.735446,0.0
p_007,2,2026-09-16T11:10:00-05:00,30.265657,-97.735302,0.0
p_007,2,2026-09-16T11:20:00-05:00,30.265693,-97.735381,0.0
p_007,2,2026-09-16T11:30:00-05:00,30.265624,-97.735358,0.0
p_007,2,2026-09-16T11:40:00-05:00,30.265735,-97.73545,0.0
p_007,2,2026-09-16T11:50:00-05:00,30.265629,-97.735372,0.0
p_007,2,2026-09-16T12:00:00-05:00,30.265697,-97.735386,0.0
p_007,2,2026-09-16T12:10:00-05:00,30.26563,-97.735342,0.0
p_007,2,2026-09-16T12:20:00-05:00,30.265725,-97.735367,0.0
p_007,2,2026-09-16T12:30:00-05:00,30.265639,-97.735428,0.0
p_007,2,2026-09-16T12:40:00-05:00,30.265796,-97.735413,0.0
p_007,2,2026-09-16T12:50:00-05:00,30.265711,-97.735514,0.0
p_007,2,2026-09-16T13:00:00-05:00,30.266041,-97.73657,1.26
p_007,2,2026-09-16T13:10:00-05:00,30.265892,-97.73702,0.0
p_007,2,2026-09-16T13:20:00-05:00,30.265936,-97.737092,0.0
p_007,2,2026-09-16T13:30:00-05:00,30.265918,-97.737114,0.0
p_007,2,2026-09-16T13:40:00-05:00,30.265973,-97.737146,0.0
p_007,2,2026-09-16T13:50:00-05:00,30.265918,-97.737065,0.0
p_007,2,2026-09-16T14:00:00-05:00,30.265677,-97.735371,0.0
p_007,2,2026-09-16T14:10:00-05:00,30.26563,-97.735333,0.0
p_007,2,2026-09-16T14:20:00-05:00,30.265626,-97.735381,0.0
p_007,2,2026-09-16T14:30:00-05:00,30.265678,-97.735479,0.0
p_007,2,2026-09-16T14:40:00-05:00,30.265671,-97.735381,0.0
p_007,2,2026-09-16T14:50:00-05:00,30.265722,-97.735513,0.0
p_007,2,2026-09-16T15:00:00-05:00,30.265658,-97.735265,0.0
p_007,2,2026-09-16T15:10:00-05:00,30.265688,-97.735325,0.0
p_007,2,2026-09-16T15:20:00-05:00,30.265693,-97.735334,0.0
p_007,2,2026-09-16T15:30:00-05:00,30.265613,-97.73537,0.0
p_007,2,2026-09-16T15:40:00-05:00,30.265727,-97.735451,0.0
p_007,2,2026-09-16T15:50:00-05:00,30.265602,-97.735404,0.0
p_007,2,2026-09-16T16:00:00-05:00,30.265666,-97.735394,0.0
p_007,2,2026-09-16T16:10:00-05:00,30.265672,-97.735483,0.0
p_007,2,2026-09-16T16:20:00-05:00,30.265655,-97.735334,0.0
p_007,2,2026-09-16T16:30:00-05:00,30.265709,-97.735373,0.0
p_007,2,2026-09-16T16:40:00-05:00,30.265706,-97.735384,0.0
p_007,2,2026-09-16T16:50:00-05:00,30.265612,-97.735374,0.0
p_007,2,2026-09-16T17:00:00-05:00,30.265638,-97.735353,0.0
p_007,2,2026-09-16T17:10:00-05:00,30.265687,-97.735316,0.0
p_007,2,2026-09-16T17:20:00-05:00,30.265667,-97.735334,0.0
p_007,2,2026-09-16T17:30:00-05:00,30.265651,-97.735333,0.0
p_007,2,2026-09-16T17:40:00-05:00,30.265661,-97.735393,0.0
p_007,2,2026-09-16T17:50:00-05:00,30.265626,-97.735367,0.0
p_007,2,2026-09-16T18:00:00-05:00,30.265665,-97.735486,0.0
p_007,2,2026-09-16T18:10:00-05:00,30.265705,-97.735355,0.0
p_007,2,2026-09-16T18:20:00-05:00,30.265639,-97.73536,0.0
p_007,2,2026-09-16T18:30:00-05:00,30.26565,-97.735451,0.0
p_007,2,2026-09-16T18:40:00-05:00,30.265639,-97.735368,0.0
p_007,2,2026-09-16T18:50:00-05:00,30.267832,-97.75354,0.0
p_007,2,2026-09-16T19:00:00-05:00,30.26786,-97.753358,0.0
p_007,2,2026-09-16T19:10:00-05:00,30.267917,-97.753409,0.0
p_007,2,2026-09-16T19:20:00-05:00,30.267856,-97.753429,0.0
p_007,2,2026-09-16T19:30:00-05:00,30.267812,-97.753498,0.0
p_007,2,2026-09-16T19:40:00-05:00,30.267795,-97.753441,0.0
p_007,2,2026-09-16T19:50:00-05:00,30.267834,-97.753479,0.0
p_007,2,2026-09-16T20:00:00-05:00,30.26781,-97.753339,0.0
p_007,2,2026-09-16T20:10:00-05:00,30.267788,-97.75338,0.0
p_007,2,2026-09-16T20:20:00-05:00,30.253669,-97.760207,0.0
p_007,2,2026-09-16T20:30:00-05:00,30.253753,-97.760364,0.0
p_007,2,2026-09-16T20:40:00-05:00,30.253714,-97.760208,0.0
p_007,2,2026-09-16T20:50:00-05:00,30.253728,-97.760276,0.0
p_007,2,2026-09-16T21:00:00-05:00,30.253737,-97.760225,0.0
p_007,2,2026-09-16T21:10:00-05:00,30.253735,-97.760254,0.0
p_007,2,2026-09-16T21:20:00-05:00,30.253713,-97.760263,0.0
p_007,2,2026-09-16T21:30:00-05:00,30.253781,-97.760227,0.0
p_007,2,2026-09-16T21:40:00-05:00,30.253859,-97.760364,0.0
p_007,2,2026-09-16T21:50:00-05:00,30.253695,-97.760205,0.0
p_007,2,2026-09-16T22:00:00-05:00,30.253751,-97.760268,0.0
p_007,2,2026-09-16T22:10:00-05:00,30.253814,-97.760223,0.0
p_007,2,2026-09-16T22:20:00-05:00,30.253827,-97.76031,0.0
p_007,2,2026-09-16T22:30:00-05:00,30.253782,-97.760303,0.0
p_007,2,2026-09-16T22:40:00-05:00,30.253774,-97.760336,0.0
p_007,2,2026-09-16T22:50:00-05:00,30.253727,-97.76033,0.0
p_007,2,2026-09-16T23:00:00-05:00,30.253811,-97.760245,0.0
p_007,2,2026-09-16T23:10:00-05:00,30.25382,-97.76028,0.0
p_007,2,2026-09-16T23:20:00-05:00,30.253745,-97.760309,0.0
p_007,2,2026-09-16T23:30:00-05:00,30.253658,-97.760232,0.0
p_007,2,2026-09-16T23:40:00-05:00,30.253709,-97.760259,0.0
p_007,2,2026-09-16T23:50:00-05:00,30.25367,-97.760201,0.0
p_007,2,2026-09-17T00:00:00-05:00,30.253772,-97.760238,0.0
p_007,2,2026-09-17T00:10:00-05:00,30.253781,-97.760376,0.0
p_007,2,2026-09-17T00:20:00-05:00,30.253824,-97.76027,0.0
p_007,2,2026-09-17T00:30:00-05:00,30.253744,-97.760376,0.0
p_007,2,2026-09-17T00:40:00-05:00,30.253762,-97.760239,0.0
p_007,2,2026-09-17T00:50:00-05:00,30.253643,-97.760243,0.0
p_007,2,2026-09-17T01:00:00-05:00,30.253748,-97.760285,0.0
p_007,2,2026-09-17T01:10:00-05:00,30.25376,-97.760267,0.0
p_007,2,2026-09-17T01:20:00-05:00,30.253745,-97.760213,0.0
p_007,2,2026-09-17T01:30:00-05:00,30.253777,-97.76024,0.0
p_007,2,2026-09-17T01:40:00-05:00,30.253761,-97.760326,0.0
p_007,2,2026-09-17T01:50:00-05:00,30.253741,-97.760223,0.0
p_007,2,2026-09-17T02:00:00-05:00,30.253727,-97.760274,0.0
p_007,2,2026-09-17T02:10:00-05:00,30.253778,-97.760209,0.0
p_007,2,2026-09-17T02:20:00-05:00,30.253735,-97.760249,0.0
p_007,2,2026-09-17T02:30:00-05:00,30.253807,-97.760376,0.0
p_007,2,2026-09-17T02:40:00-05:00,30.253749,-97.760281,0.0
p_007,2,2026-09-17T02:50:00-05:00,30.25378,-97.760292,0.0
p_007,3,2026-09-17T00:00:00-05:00,30.253786,-97.760287,0.0
p_007,3,2026-09-17T00:10:00-05:00,30.253733,-97.760303,0.0
p_007,3,2026-09-17T00:20:00-05:00,30.25376,-97.760296,0.0
p_007,3,2026-09-17T00:30:00-05:00,30.253746,-97.76034,0.0
p_007,3,2026-09-17T00:40:00-05:00,30.253798,-97.760261,0.0
p_007,3,2026-09-17T00:50:00-05:00,30.253762,-97.760374,0.0
p_007,3,2026-09-17T01:00:00-05:00,30.253749,-97.760223,0.0
p_007,3,2026-09-17T01:10:00-05:00,30.25375,-97.760299,0.0
p_007,3,2026-09-17T01:20:00-05:00,30.253794,-97.760295,0.0
p_007,3,2026-09-17T01:30:00-05:00,30.253758,-97.760252,0.0
p_007,3,2026-09-17T01:40:00-05:00,30.253765,-97.760302,0.0
p_007,3,2026-09-17T01:50:00-05:00,30.253705,-97.760342,0.0
p_007,3,2026-09-17T02:00:00-05:00,30.253739,-97.760252,0.0
p_007,3,2026-09-17T02:10:00-05:00,30.253763,-97.760214,0.0
p_007,3,2026-09-17T02:20:00-05:00,30.253719,-97.760301,0.0
p_007,3,2026-09-17T02:30:00-05:00,30.253737,-97.760303,0.0
p_007,3,2026-09-17T02:40:00-05:00,30.253742,-97.760257,0.0
p_007,3,2026-09-17T02:50:00-05:00,30.253694,-97.76027,0.0
p_007,3,2026-09-17T03:00:00-05:00,30.25374,-97.760248,0.0
p_007,3,2026-09-17T03:10:00-05:00,30.253757,-97.760232,0.0
p_007,3,2026-09-17T03:20:00-05:00,30.253758,-97.760259,0.0
p_007,3,2026-09-17T03:30:00-05:00,30.253718,-97.76032,0.0
p_007,3,2026-09-17T03:40:00-05:00,30.253745,-97.760268,0.0
p_007,3,2026-09-17T03:50:00-05:00,30.253727,-97.760248,0.0
p_007,3,2026-09-17T04:00:00-05:00,30.253768,-97.760278,0.0
p_007,3,2026-09-17T04:10:00-05:00,30.253732,-97.760243,0.0
p_007,3,2026-09-17T04:20:00-05:00,30.253791,-97.76027,0.0
p_007,3,2026-09-17T04:30:00-05:00,30.25375,-97.760257,0.0
p_007,3,2026-09-17T04:40:00-05:00,30.253819,-97.76027,0.0
p_007,3,2026-09-17T04:50:00-05:00,30.253718,-97.760294,0.0
p_007,3,2026-09-17T05:00:00-05:00,30.253802,-97.76027,0.0
p_007,3,2026-09-17T05:10:00-05:00,30.253737,-97.760278,0.0
p_007,3,2026-09-17T05:20:00-05:00,30.25375,-97.760276,0.0
p_007,3,2026-09-17T05:30:00-05:00,30.253792,-97.760223,0.0
p_007,3,2026-09-17T05:40:00-05:00,30.253782,-97.760307,0.0
p_007,3,2026-09-17T05:50:00-05:00,30.253802,-97.760255,0.0
p_007,3,2026-09-17T06:00:00-05:00,30.253706,-97.760341,0.0
p_007,3,2026-09-17T06:10:00-05:00,30.25375,-97.76027,0.0
p_007,3,2026-09-17T06:20:00-05:00,30.253717,-97.760317,0.0
p_007,3,2026-09-17T06:30:00-05:00,30.253821,-97.760354,0.0
p_007,3,2026-09-17T06:40:00-05:00,30.253701,-97.760235,0.0
p_007,3,2026-09-17T06:50:00-05:00,30.253736,-97.76027,0.0
p_007,3,2026-09-17T07:00:00-05:00,30.25367,-97.760168,0.0
p_007,3,2026-09-17T07:10:00-05:00,30.25377,-97.760236,0.0
p_007,3,2026-09-17T07:20:00-05:00,30.253789,-97.760298,0.0
p_007,3,2026-09-17T07:30:00-05:00,30.253737,-97.760277,0.0
p_007,3,2026-09-17T07:40:00-05:00,30.253746,-97.760341,0.0
p_007,3,2026-09-17T07:50:00-05:00,30.253741,-97.760176,0.0
p_007,3,2026-09-17T08:00:00-05:00,30.253792,-97.760321,0.0
p_007,3,2026-09-17T08:10:00-05:00,30.253713,-97.760249,0.0
p_007,3,2026-09-17T08:20:00-05:00,30.253697,-97.760278,0.0
p_007,3,2026-09-17T08:30:00-05:00,30.253686,-97.760344,0.0
p_007,3,2026-09-17T08:40:00-05:00,30.253762,-97.760271,0.0
p_007,3,2026-09-17T08:50:00-05:00,30.253716,-97.760344,0.0
p_007,3,2026-09-17T09:00:00-05:00,30.253759,-97.760349,0.0
p_007,3,2026-09-17T09:10:00-05:00,30.265977,-97.755492,0.0
p_007,3,2026-09-17T09:20:00-05:00,30.265994,-97.755563,0.0
p_007,3,2026-09-17T09:30:00-05:00,30.266068,-97.755526,0.0
p_007,3,2026-09-17T09:40:00-05:00,30.266122,-97.755416,0.0
p_007,3,2026-09-17T09:50:00-05:00,30.266039,-97.755558,0.0
p_007,3,2026-09-17T10:00:00-05:00,30.266019,-97.755528,0.0
p_007,3,2026-09-17T10:10:00-05:00,30.26604,-97.75553,0.0
p_007,3,2026-09-17T10:20:00-05:00,30.265979,-97.755515,0.0
p_007,3,2026-09-17T10:30:00-05:00,30.266005,-97.755436,0.0
p_007,3,2026-09-17T10:40:00-05:00,30.266025,-97.755426,0.0
p_007,3,2026-09-17T10:50:00-05:00,30.266041,-97.755526,0.0
p_007,3,2026-09-17T11:00:00-05:00,30.266042,-97.755445,0.0
p_007,3,2026-09-17T11:10:00-05:00,30.266081,-97.755476,0.0
p_007,3,2026-09-17T11:20:00-05:00,30.265968,-97.755651,0.0
p_007,3,2026-09-17T11:30:00-05:00,30.266056,-97.755454,0.0
p_007,3,2026-09-17T11:40:00-05:00,30.266069,-97.755584,0.0
p_007,3,2026-09-17T11:50:00-05:00,30.266053,-97.755488,0.0
p_007,3,2026-09-17T12:00:00-05:00,30.266064,-97.755506,0.0
p_007,3,2026-09-17T12:10:00-05:00,30.265987,-97.755644,0.0
p_007,3,2026-09-17T12:20:00-05:00,30.266012,-97.755534,0.0
p_007,3,2026-09-17T12:30:00-05:00,30.265934,-97.755426,0.0
p_007,3,2026-09-17T12:40:00-05:00,30.266017,-97.755521,0.0
p_007,3,2026-09-17T12:50:00-05:00,30.26614,-97.755525,0.0
p_007,3,2026-09-17T13:00:00-05:00,30.268658,-97.754189,0.0
p_007,3,2026-09-17T13:10:00-05:00,30.268616,-97.754173,0.0
p_007,3,2026-09-17T13:20:00-05:00,30.268653,-97.754281,0.0
p_007,3,2026-09-17T13:30:00-05:00,30.268635,-97.754307,0.0
p_007,3,2026-09-17T13:40:00-05:00,30.268611,-97.75413,0.0
p_007,3,2026-09-17T13:50:00-05:00,30.268664,-97.754139,0.0
p_007,3,2026-09-17T14:00:00-05:00,30.270136,-97.750514,1.17
p_007,3,2026-09-17T14:10:00-05:00,30.271012,-97.748753,0.0
p_007,3,2026-09-17T14:20:00-05:00,30.270981,-97.748795,0.0
p_007,3,2026-09-17T14:30:00-05:00,30.270964,-97.748715,0.0
p_007,3,2026-09-17T14:40:00-05:00,30.271044,-97.748579,0.0
p_007,3,2026-09-17T14:50:00-05:00,30.270959,-97.748768,0.0
p_007,3,2026-09-17T15:00:00-05:00,30.270904,-97.748736,0.0
p_007,3,2026-09-17T15:10:00-05:00,30.271041,-97.748645,0.0
p_007,3,2026-09-17T15:20:00-05:00,30.270901,-97.748633,0.0
p_007,3,2026-09-17T15:30:00-05:00,30.270998,-97.748632,0.0
p_007,3,2026-09-17T15:40:00-05:00,30.270926,-97.748725,0.0
p_007,3,2026-09-17T15:50:00-05:00,30.270978,-97.748701,0.0
p_007,3,2026-09-17T16:00:00-05:00,30.271035,-97.748744,0.0
p_007,3,2026-09-17T16:10:00-05:00,30.270934,-97.74872,0.0
p_007,3,2026-09-17T16:20:00-05:00,30.270927,-97.748756,0.0
p_007,3,2026-09-17T16:30:00-05:00,30.271007,-97.748752,0.0
p_007,3,2026-09-17T16:40:00-05:00,30.271058,-97.748704,0.0
p_007,3,2026-09-17T16:50:00-05:00,30.270964,-97.748677,0.0
p_007,3,2026-09-17T17:00:00-05:00,30.270909,-97.748806,0.0
p_007,3,2026-09-17T17:10:00-05:00,30.270974,-97.748748,0.0
p_007,3,2026-09-17T17:20:00-05:00,30.270988,-97.748752,0.0
p_007,3,2026-09-17T17:30:00-05:00,30.270973,-97.748638,0.0
p_007,3,2026-09-17T17:40:00-05:00,30.27092,-97.748828,0.0
p_007,3,2026-09-17T17:50:00-05:00,30.270956,-97.748696,0.0
p_007,3,2026-09-17T18:00:00-05:00,30.270958,-97.748758,0.0
p_007,3,2026-09-17T18:10:00-05:00,30.270964,-97.748744,0.0
p_007,3,2026-09-17T18:20:00-05:00,30.270989,-97.748636,0.0
p_007,3,2026-09-17T18:30:00-05:00,30.270978,-97.748783,0.0
p_007,3,2026-09-17T18:40:00-05:00,30.270968,-97.748681,0.0
p_007,3,2026-09-17T18:50:00-05:00,30.266917,-97.733221,0.0
p_007,3,2026-09-17T19:00:00-05:00,30.266935,-97.733157,0.0
p_007,3,2026-09-17T19:10:00-05:00,30.266973,-97.733092,0.0
p_007,3,2026-09-17T19:20:00-05:00,30.266916,-97.733171,0.0
p_007,3,2026-09-17T19:30:00-05:00,30.266983,-97.73301,0.0
p_007,3,2026-09-17T19:40:00-05:00,30.266942,-97.73305,0.0
p_007,3,2026-09-17T19:50:00-05:00,30.270039,-97.740398,6.94
p_007,3,2026-09-17T20:00:00-05:00,30.270942,-97.742535,0.0
p_007,3,2026-09-17T20:10:00-05:00,30.270892,-97.742564,0.0
p_007,3,2026-09-17T20:20:00-05:00,30.270885,-97.742538,0.0
p_007,3,2026-09-17T20:30:00-05:00,30.253835,-97.760374,0.0
p_007,3,2026-09-17T20:40:00-05:00,30.253782,-97.760279,0.0
p_007,3,2026-09-17T20:50:00-05:00,30.253795,-97.760293,0.0
p_007,3,2026-09-17T21:00:00-05:00,30.253829,-97.760254,0.0
p_007,3,2026-09-17T21:10:00-05:00,30.253828,-97.760223,0.0
p_007,3,2026-09-17T21:20:00-05:00,30.253732,-97.760218,0.0
p_007,3,2026-09-17T21:30:00-05:00,30.253912,-97.760353,0.0
p_007,3,2026-09-17T21:40:00-05:00,30.253662,-97.760312,0.0
p_007,3,2026-09-17T21:50:00-05:00,30.253824,-97.760322,0.0
p_007,3,2026-09-17T22:00:00-05:00,30.253697,-97.760299,0.0
p_007,3,2026-09-17T22:10:00-05:00,30.2537,-97.760278,0.0
p_007,3,2026-09-17T22:20:00-05:00,30.253745,-97.760278,0.0
p_007,3,2026-09-17T22:30:00-05:00,30.253747,-97.760306,0.0
p_007,3,2026-09-17T22:40:00-05:00,30.253774,-97.760338,0.0
p_007,3,2026-09-17T22:50:00-05:00,30.253746,-97.760355,0.0
p_007,3,2026-09-17T23:00:00-05:00,30.253795,-97.760354,0.0
p_007,3,2026-09-17T23:10:00-05:00,30.253763,-97.760316,0.0
p_007,3,2026-09-17T23:20:00-05:00,30.25383,-97.760296,0.0
p_007,3,2026-09-17T23:30:00-05:00,30.253792,-97.760286,0.0
p_007,3,2026-09-17T23:40:00-05:00,30.253716,-97.760203,0.0
p_007,3,2026-09-17T23:50:00-05:00,30.253767,-97.760323,0.0
p_007,3,2026-09-18T00:00:00-05:00,30.253803,-97.760322,0.0
p_007,3,2026-09-18T00:10:00-05:00,30.253796,-97.760295,0.0
p_007,3,2026-09-18T00:20:00-05:00,30.253758,-97.760305,0.0
p_007,3,2026-09-18T00:30:00-05:00,30.253831,-97.760275,0.0
p_007,3,2026-09-18T00:40:00-05:00,30.253759,-97.760238,0.0
p_007,3,2026-09-18T00:50:00-05:00,30.253728,-97.760284,0.0
p_007,3,2026-09-18T01:00:00-05:00,30.253824,-97.760258,0.0
p_007,3,2026-09-18T01:10:00-05:00,30.253766,-97.760267,0.0
p_007,3,2026-09-18T01:20:00-05:00,30.253712,-97.760232,0.0
p_007,3,2026-09-18T01:30:00-05:00,30.253721,-97.760328,0.0
p_007,3,2026-09-18T01:40:00-05:00,30.25374,-97.7603,0.0
p_007,3,2026-09-18T01:50:00-05:00,30.253683,-97.760454,0.0
p_007,3,2026-09-18T02:00:00-05:00,30.253801,-97.760199,0.0
p_007,3,2026-09-18T02:10:00-05:00,30.25372,-97.760276,0.0
p_007,3,2026-09-18T02:20:00-05:00,30.253662,-97.760266,0.0
p_007,3,2026-09-18T02:30:00-05:00,30.253781,-97.760323,0.0
p_007,3,2026-09-18T02:40:00-05:00,30.253746,-97.760208,0.0
p_007,3,2026-09-18T02:50:00-05:00,30.253727,-97.760416,0.0
p_007,4,2026-09-18T00:00:00-05:00,30.253742,-97.760308,0.0
p_007,4,2026-09-18T00:10:00-05:00,30.253726,-97.760272,0.0
p_007,4,2026-09-18T00:20:00-05:00,30.25378,-97.760294,0.0
p_007,4,2026-09-18T00:30:00-05:00,30.253726,-97.76023,0.0
p_007,4,2026-09-18T00:40:00-05:00,30.253787,-97.76032,0.0
p_007,4,2026-09-18T00:50:00-05:00,30.253725,-97.760228,0.0
p_007,4,2026-09-18T01:00:00-05:00,30.253751,-97.760265,0.0
p_007,4,2026-09-18T01:10:00-05:00,30.2538,-97.760307,0.0
p_007,4,2026-09-18T01:20:00-05:00,30.25374,-97.760314,0.0
p_007,4,2026-09-18T01:30:00-05:00,30.253719,-97.760208,0.0
p_007,4,2026-09-18T01:40:00-05:00,30.253805,-97.760261,0.0
p_007,4,2026-09-18T01:50:00-05:00,30.253734,-97.760335,0.0
p_007,4,2026-09-18T02:00:00-05:00,30.253775,-97.760222,0.0
p_007,4,2026-09-18T02:10:00-05:00,30.25372,-97.76027,0.0
p_007,4,2026-09-18T02:20:00-05:00,30.25376,-97.760291,0.0
p_007,4,2026-09-18T02:30:00-05:00,30.253777,-97.760367,0.0
p_007,4,2026-09-18T02:40:00-05:00,30.253695,-97.760247,0.0
p_007,4,2026-09-18T02:50:00-05:00,30.253754,-97.760268,0.0
p_007,4,2026-09-18T03:00:00-05:00,30.253778,-97.760292,0.0
p_007,4,2026-09-18T03:10:00-05:00,30.253804,-97.760254,0.0
p_007,4,2026-09-18T03:20:00-05:00,30.253674,-97.760244,0.0
p_007,4,2026-09-18T03:30:00-05:00,30.253723,-97.760264,0.0
p_007,4,2026-09-18T03:40:00-05:00,30.253791,-97.760322,0.0
p_007,4,2026-09-18T03:50:00-05:00,30.253736,-97.76027,0.0
p_007,4,2026-09-18T04:00:00-05:00,30.253779,-97.760348,0.0
p_007,4,2026-09-18T04:10:00-05:00,30.253734,-97.760296,0.0
p_007,4,2026-09-18T04:20:00-05:00,30.253783,-97.760328,0.0
p_007,4,2026-09-18T04:30:00-05:00,30.253753,-97.760313,0.0
p_007,4,2026-09-18T04:40:00-05:00,30.253726,-97.76027,0.0
p_007,4,2026-09-18T04:50:00-05:00,30.25377,-97.76029,0.0
p_007,4,2026-09-18T05:00:00-05:00,30.253688,-97.76027,0.0
p_007,4,2026-09-18T05:10:00-05:00,30.253721,-97.760335,0.0
p_007,4,2026-09-18T05:20:00-05:00,30.253773,-97.760377,0.0
p_007,4,2026-09-18T05:30:00-05:00,30.253654,-97.760285,0.0
p_007,4,2026-09-18T05:40:00-05:00,30.253698,-97.760315,0.0
p_007,4,2026-09-18T05:50:00-05:00,30.253763,-97.760335,0.0
p_007,4,2026-09-18T06:00:00-05:00,30.253743,-97.760263,0.0
p_007,4,2026-09-18T06:10:00-05:00,30.25373,-97.76027,0.0
p_007,4,2026-09-18T06:20:00-05:00,30.253754,-97.760242,0.0
p_007,4,2026-09-18T06:30:00-05:00,30.253728,-97.760261,0.0
p_007,4,2026-09-18T06:40:00-05:00,30.253759,-97.760304,0.0
p_007,4,2026-09-18T06:50:00-05:00,30.253764,-97.760228,0.0
p_007,4,2026-09-18T07:00:00-05:00,30.253711,-97.760268,0.0
p_007,4,2026-09-18T07:10:00-05:00,30.253801,-97.76024,0.0
p_007,4,2026-09-18T07:20:00-05:00,30.253715,-97.760203,0.0
p_007,4,2026-09-18T07:30:00-05:00,30.253756,-97.760313,0.0
p_007,4,2026-09-18T07:40:00-05:00,30.253754,-97.760283,0.0
p_007,4,2026-09-18T07:50:00-05:00,30.253708,-97.760421,0.0
p_007,4,2026-09-18T08:00:00-05:00,30.270428,-97.742141,0.0
p_007,4,2026-09-18T08:10:00-05:00,30.270498,-97.742121,0.0
p_007,4,2026-09-18T08:20:00-05:00,30.270519,-97.742195,0.0
p_007,4,2026-09-18T08:30:00-05:00,30.265714,-97.735364,4.72
p_007,4,2026-09-18T08:40:00-05:00,30.265628,-97.735343,0.0
p_007,4,2026-09-18T08:50:00-05:00,30.265612,-97.735439,0.0
p_007,4,2026-09-18T09:00:00-05:00,30.265641,-97.73532,0.0
p_007,4,2026-09-18T09:10:00-05:00,30.265649,-97.735376,0.0
p_007,4,2026-09-18T09:20:00-05:00,30.265711,-97.735413,0.0
p_007,4,2026-09-18T09:30:00-05:00,30.265721,-97.735395,0.0
p_007,4,2026-09-18T09:40:00-05:00,30.265712,-97.735427,0.0
p_007,4,2026-09-18T09:50:00-05:00,30.265704,-97.735373,0.0
p_007,4,2026-09-18T10:00:00-05:00,30.265698,-97.735419,0.0
p_007,4,2026-09-18T10:10:00-05:00,30.26569,-97.735296,0.0
p_007,4,2026-09-18T10:20:00-05:00,30.26564,-97.735389,0.0
p_007,4,2026-09-18T10:30:00-05:00,30.265669,-97.73532,0.0
p_007,4,2026-09-18T10:40:00-05:00,30.265675,-97.73543,0.0
p_007,4,2026-09-18T10:50:00-05:00,30.265627,-97.735414,0.0
p_007,4,2026-09-18T11:00:00-05:00,30.265657,-97.73532,0.0
p_007,4,2026-09-18T11:10:00-05:00,30.265682,-97.735396,0.0
p_007,4,2026-09-18T11:20:00-05:00,30.265659,-97.735388,0.0
p_007,4,2026-09-18T11:30:00-05:00,30.265701,-97.735373,0.0
p_007,4,2026-09-18T11:40:00-05:00,30.265685,-97.735306,0.0
p_007,4,2026-09-18T11:50:00-05:00,30.265646,-97.735445,0.0
p_007,4,2026-09-18T12:00:00-05:00,30.265708,-97.735336,0.0
p_007,4,2026-09-18T12:10:00-05:00,30.265352,-97.735567,1.15
p_007,4,2026-09-18T12:20:00-05:00,30.261806,-97.737502,0.0
p_007,4,2026-09-18T12:30:00-05:00,30.261842,-97.737515,0.0
p_007,4,2026-09-18T12:40:00-05:00,30.261762,-97.737504,0.0
p_007,4,2026-09-18T12:50:00-05:00,30.261792,-97.737496,0.0
p_007,4,2026-09-18T13:00:00-05:00,30.261758,-97.737443,0.0
p_007,4,2026-09-18T13:10:00-05:00,30.261804,-97.737472,0.0
p_007,4,2026-09-18T13:20:00-05:00,30.261794,-97.737489,0.0
p_007,4,2026-09-18T13:30:00-05:00,30.261817,-97.737556,0.0
p_007,4,2026-09-18T13:40:00-05:00,30.265757,-97.735375,0.0
p_007,4,2026-09-18T13:50:00-05:00,30.265662,-97.735415,0.0
p_007,4,2026-09-18T14:00:00-05:00,30.265584,-97.735377,0.0
p_007,4,2026-09-18T14:10:00-05:00,30.26569,-97.735371,0.0
p_007,4,2026-09-18T14:20:00-05:00,30.265643,-97.735423,0.0
p_007,4,2026-09-18T14:30:00-05:00,30.26563,-97.735359,0.0
p_007,4,2026-09-18T14:40:00-05:00,30.265652,-97.735356,0.0
p_007,4,2026-09-18T14:50:00-05:00,30.265607,-97.735322,0.0
p_007,4,2026-09-18T15:00:00-05:00,30.265705,-97.735338,0.0
p_007,4,2026-09-18T15:10:00-05:00,30.265626,-97.735441,0.0
p_007,4,2026-09-18T15:20:00-05:00,30.265675,-97.735352,0.0
p_007,4,2026-09-18T15:30:00-05:00,30.265664,-97.735397,0.0
p_007,4,2026-09-18T15:40:00-05:00,30.265592,-97.735361,0.0
p_007,4,2026-09-18T15:50:00-05:00,30.265707,-97.735435,0.0
p_007,4,2026-09-18T16:00:00-05:00,30.265609,-97.735398,0.0
p_007,4,2026-09-18T16:10:00-05:00,30.265662,-97.735318,0.0
p_007,4,2026-09-18T16:20:00-05:00,30.265569,-97.735416,0.0
p_007,4,2026-09-18T16:30:00-05:00,30.26565,-97.735451,0.0
p_007,4,2026-09-18T16:40:00-05:00,30.26566,-97.735406,0.0
p_007,4,2026-09-18T16:50:00-05:00,30.265617,-97.735414,0.0
p_007,4,2026-09-18T17:00:00-05:00,30.265744,-97.735396,0.0
p_007,4,2026-09-18T17:10:00-05:00,30.265702,-97.735354,0.0
p_007,4,2026-09-18T17:20:00-05:00,30.265703,-97.735437,0.0
p_007,4,2026-09-18T17:30:00-05:00,30.265615,-97.735427,0.0
p_007,4,2026-09-18T17:40:00-05:00,30.265623,-97.735402,0.0
p_007,4,2026-09-18T17:50:00-05:00,30.265688,-97.73536,0.0
p_007,4,2026-09-18T18:00:00-05:00,30.265619,-97.735292,0.0
p_007,4,2026-09-18T18:10:00-05:00,30.265608,-97.735378,0.0
p_007,4,2026-09-18T18:20:00-05:00,30.265628,-97.735385,0.0
p_007,4,2026-09-18T18:30:00-05:00,30.265683,-97.735385,0.0
p_007,4,2026-09-18T18:40:00-05:00,30.265672,-97.735399,0.0
p_007,4,2026-09-18T18:50:00-05:00,30.267852,-97.753472,0.0
p_007,4,2026-09-18T19:00:00-05:00,30.267909,-97.753475,0.0
p_007,4,2026-09-18T19:10:00-05:00,30.267785,-97.753407,0.0
p_007,4,2026-09-18T19:20:00-05:00,30.26781,-97.753431,0.0
p_007,4,2026-09-18T19:30:00-05:00,30.26781,-97.753456,0.0
p_007,4,2026-09-18T19:40:00-05:00,30.25372,-97.760361,0.0
p_007,4,2026-09-18T19:50:00-05:00,30.25376,-97.760236,0.0
p_007,4,2026-09-18T20:00:00-05:00,30.253747,-97.760275,0.0
p_007,4,2026-09-18T20:10:00-05:00,30.253719,-97.760323,0.0
p_007,4,2026-09-18T20:20:00-05:00,30.25372,-97.76032,0.0
p_007,4,2026-09-18T20:30:00-05:00,30.253742,-97.760271,0.0
p_007,4,2026-09-18T20:40:00-05:00,30.253758,-97.760239,0.0
p_007,4,2026-09-18T20:50:00-05:00,30.253747,-97.760276,0.0
p_007,4,2026-09-18T21:00:00-05:00,30.253774,-97.760268,0.0
p_007,4,2026-09-18T21:10:00-05:00,30.253743,-97.760266,0.0
p_007,4,2026-09-18T21:20:00-05:00,30.253737,-97.760285,0.0
p_007,4,2026-09-18T21:30:00-05:00,30.253733,-97.760312,0.0
p_007,4,2026-09-18T21:40:00-05:00,30.253708,-97.760384,0.0
p_007,4,2026-09-18T21:50:00-05:00,30.253715,-97.760316,0.0
p_007,4,2026-09-18T22:00:00-05:00,30.253823,-97.760337,0.0
p_007,4,2026-09-18T22:10:00-05:00,30.253714,-97.760341,0.0
p_007,4,2026-09-18T22:20:00-05:00,30.253747,-97.760309,0.0
p_007,4,2026-09-18T22:30:00-05:00,30.25383,-97.760369,0.0
p_007,4,2026-09-18T22:40:00-05:00,30.253865,-97.760267,0.0
p_007,4,2026-09-18T22:50:00-05:00,30.253709,-97.760314,0.0
p_007,4,2026-09-18T23:00:00-05:00,30.253724,-97.760292,0.0
p_007,4,2026-09-18T23:10:00-05:00,30.253677,-97.760313,0.0
p_007,4,2026-09-18T23:20:00-05:00,30.253723,-97.760325,0.0
p_007,4,2026-09-18T23:30:00-05:00,30.253764,-97.760325,0.0
p_007,4,2026-09-18T23:40:00-05:00,30.253752,-97.760391,0.0
p_007,4,2026-09-18T23:50:00-05:00,30.253645,-97.760264,0.0
p_007,4,2026-09-19T00:00:00-05:00,30.253779,-97.760226,0.0
p_007,4,2026-09-19T00:10:00-05:00,30.253812,-97.760286,0.0
p_007,4,2026-09-19T00:20:00-05:00,30.253829,-97.760295,0.0
p_007,4,2026-09-19T00:30:00-05:00,30.253683,-97.760309,0.0
p_007,4,2026-09-19T00:40:00-05:00,30.253698,-97.760272,0.0
p_007,4,2026-09-19T00:50:00-05:00,30.253763,-97.760232,0.0
p_007,4,2026-09-19T01:00:00-05:00,30.25373,-97.760237,0.0
p_007,4,2026-09-19T01:10:00-05:00,30.253836,-97.760327,0.0
p_007,4,2026-09-19T01:20:00-05:00,30.253777,-97.76049,0.0
p_007,4,2026-09-19T01:30:00-05:00,30.253734,-97.760276,0.0
p_007,4,2026-09-19T01:40:00-05:00,30.253692,-97.760208,0.0
p_007,4,2026-09-19T01:50:00-05:00,30.253783,-97.760308,0.0
p_007,4,2026-09-19T02:00:00-05:00,30.253784,-97.760212,0.0
p_007,4,2026-09-19T02:10:00-05:00,30.253712,-97.760276,0.0
p_007,4,2026-09-19T02:20:00-05:00,30.253737,-97.760316,0.0
p_007,4,2026-09-19T02:30:00-05:00,30.253786,-97.760413,0.0
p_007,4,2026-09-19T02:40:00-05:00,30.253751,-97.760254,0.0
p_007,4,2026-09-19T02:50:00-05:00,30.253722,-97.760251,0.0
p_008,0,2026-09-14T00:00:00-05:00,30.265283,-97.74632,0.0
p_008,0,2026-09-14T00:10:00-05:00,30.265367,-97.746287,0.0
p_008,0,2026-09-14T00:20:00-05:00,30.265326,-97.746283,0.0
p_008,0,2026-09-14T00:30:00-05:00,30.265319,-97.74631,0.0
p_008,0,2026-09-14T00:40:00-05:00,30.265366,-97.74625,0.0
p_008,0,2026-09-14T00:50:00-05:00,30.265256,-97.746323,0.0
p_008,0,2026-09-14T01:00:00-05:00,30.265366,-97.746269,0.0
p_008,0,2026-09-14T01:10:00-05:00,30.265326,-97.746269,0.0
p_008,0,2026-09-14T01:20:00-05:00,30.265262,-97.746297,0.0
p_008,0,2026-09-14T01:30:00-05:00,30.265348,-97.746315,0.0
p_008,0,2026-09-14T01:40:00-05:00,30.265332,-97.746312,0.0
p_008,0,2026-09-14T01:50:00-05:00,30.265376,-97.7462,0.0
p_008,0,2026-09-14T02:00:00-05:00,30.265329,-97.746249,0.0
p_008,0,2026-09-14T02:10:00-05:00,30.265354,-97.746303,0.0
p_008,0,2026-09-14T02:20:00-05:00,30.265358,-97.746296,0.0
p_008,0,2026-09-14T02:30:00-05:00,30.265357,-97.746393,0.0
p_008,0,2026-09-14T02:40:00-05:00,30.265388,-97.746358,0.0
p_008,0,2026-09-14T02:50:00-05:00,30.265305,-97.746329,0.0
p_008,0,2026-09-14T03:00:00-05:00,30.265345,-97.746293,0.0
p_008,0,2026-09-14T03:10:00-05:00,30.265321,-97.746278,0.0
p_008,0,2026-09-14T03:20:00-05:00,30.265334,-97.746279,0.0
p_008,0,2026-09-14T03:30:00-05:00,30.265325,-97.746365,0.0
p_008,0,2026-09-14T03:40:00-05:00,30.265377,-97.746286,0.0
p_008,0,2026-09-14T03:50:00-05:00,30.265289,-97.746314,0.0
p_008,0,2026-09-14T04:00:00-05:00,30.265354,-97.746335,0.0
p_008,0,2026-09-14T04:10:00-05:00,30.265267,-97.746387,0.0
p_008,0,2026-09-14T04:20:00-05:00,30.265343,-97.746343,0.0
p_008,0,2026-09-14T04:30:00-05:00,30.265358,-97.746327,0.0
p_008,0,2026-09-14T04:40:00-05:00,30.265282,-97.746402,0.0
p_008,0,2026-09-14T04:50:00-05:00,30.265297,-97.746322,0.0
p_008,0,2026-09-14T05:00:00-05:00,30.265387,-97.746298,0.0
p_008,0,2026-09-14T05:10:00-05:00,30.265246,-97.74632,0.0
p_008,0,2026-09-14T05:20:00-05:00,30.265362,-97.746302,0.0
p_008,0,2026-09-14T05:30:00-05:00,30.265378,-97.746321,0.0
p_008,0,2026-09-14T05:40:00-05:00,30.265351,-97.746326,0.0
p_008,0,2026-09-14T05:50:00-05:00,30.265298,-97.746304,0.0
p_008,0,2026-09-14T06:00:00-05:00,30.265333,-97.746314,0.0
p_008,0,2026-09-14T06:10:00-05:00,30.265358,-97.746269,0.0
p_008,0,2026-09-14T06:20:00-05:00,30.265322,-97.746298,0.0
p_008,0,2026-09-14T06:30:00-05:00,30.265285,-97.746351,0.0
p_008,0,2026-09-14T06:40:00-05:00,30.265341,-97.74627,0.0
p_008,0,2026-09-14T06:50:00-05:00,30.265342,-97.746294,0.0
p_008,0,2026-09-14T07:00:00-05:00,30.265342,-97.746253,0.0
p_008,0,2026-09-14T07:10:00-05:00,30.265369,-97.746298,0.0
p_008,0,2026-09-14T07:20:00-05:00,30.265332,-97.746326,0.0
p_008,0,2026-09-14T07:30:00-05:00,30.265404,-97.746312,0.0
p_008,0,2026-09-14T07:40:00-05:00,30.265327,-97.746316,0.0
p_008,0,2026-09-14T07:50:00-05:00,30.265303,-97.746275,0.0
p_008,0,2026-09-14T08:00:00-05:00,30.265354,-97.746264,0.0
p_008,0,2026-09-14T08:10:00-05:00,30.265342,-97.746271,0.0
p_008,0,2026-09-14T08:20:00-05:00,30.265291,-97.746326,0.0
p_008,0,2026-09-14T08:30:00-05:00,30.265399,-97.746321,0.0
p_008,0,2026-09-14T08:40:00-05:00,30.265306,-97.746322,0.0
p_008,0,2026-09-14T08:50:00-05:00,30.265297,-97.746224,0.0
p_008,0,2026-09-14T09:00:00-05:00,30.265279,-97.746261,0.0
p_008,0,2026-09-14T09:10:00-05:00,30.265373,-97.746295,0.0
p_008,0,2026-09-14T09:20:00-05:00,30.265369,-97.746419,0.0
p_008,0,2026-09-14T09:30:00-05:00,30.26239,-97.754921,0.0
p_008,0,2026-09-14T09:40:00-05:00,30.26229,-97.754749,0.0
p_008,0,2026-09-14T09:50:00-05:00,30.262302,-97.754825,0.0
p_008,0,2026-09-14T10:00:00-05:00,30.262328,-97.754877,0.0
p_008,0,2026-09-14T10:10:00-05:00,30.262334,-97.754803,0.0
p_008,0,2026-09-14T10:20:00-05:00,30.262265,-97.754813,0.0
p_008,0,2026-09-14T10:30:00-05:00,30.262306,-97.754855,0.0
p_008,0,2026-09-14T10:40:00-05:00,30.260494,-97.735416,0.0
p_008,0,2026-09-14T10:50:00-05:00,30.260453,-97.735309,0.0
p_008,0,2026-09-14T11:00:00-05:00,30.260508,-97.735395,0.0
p_008,0,2026-09-14T11:10:00-05:00,30.260445,-97.735482,0.0
p_008,0,2026-09-14T11:20:00-05:00,30.260488,-97.735461,0.0
p_008,0,2026-09-14T11:30:00-05:00,30.260452,-97.735444,0.0
p_008,0,2026-09-14T11:40:00-05:00,30.260438,-97.735351,0.0
p_008,0,2026-09-14T11:50:00-05:00,30.25704,-97.741739,6.75
p_008,0,2026-09-14T12:00:00-05:00,30.255236,-97.743981,0.0
p_008,0,2026-09-14T12:10:00-05:00,30.255319,-97.743989,0.0
p_008,0,2026-09-14T12:20:00-05:00,30.25529,-97.743945,0.0
p_008,0,2026-09-14T12:30:00-05:00,30.255208,-97.743977,0.0
p_008,0,2026-09-14T12:40:00-05:00,30.255382,-97.744007,0.0
p_008,0,2026-09-14T12:50:00-05:00,30.255226,-97.744049,0.0
p_008,0,2026-09-14T13:00:00-05:00,30.255213,-97.743937,0.0
p_008,0,2026-09-14T13:10:00-05:00,30.25522,-97.743942,0.0
p_008,0,2026-09-14T13:20:00-05:00,30.255278,-97.744,0.0
p_008,0,2026-09-14T13:30:00-05:00,30.255203,-97.743917,0.0
p_008,0,2026-09-14T13:40:00-05:00,30.255269,-97.743942,0.0
p_008,0,2026-09-14T13:50:00-05:00,30.255355,-97.744084,0.0
p_008,0,2026-09-14T14:00:00-05:00,30.260289,-97.739361,7.29
p_008,0,2026-09-14T14:10:00-05:00,30.261818,-97.737489,0.0
p_008,0,2026-09-14T14:20:00-05:00,30.261795,-97.73739,0.0
p_008,0,2026-09-14T14:30:00-05:00,30.261827,-97.73761,0.0
p_008,0,2026-09-14T14:40:00-05:00,30.261749,-97.737526,0.0
p_008,0,2026-09-14T14:50:00-05:00,30.261854,-97.737574,0.0
p_008,0,2026-09-14T15:00:00-05:00,30.261849,-97.737538,0.0
p_008,0,2026-09-14T15:10:00-05:00,30.261824,-97.737484,0.0
p_008,0,2026-09-14T15:20:00-05:00,30.26181,-97.737567,0.0
p_008,0,2026-09-14T15:30:00-05:00,30.261803,-97.737499,0.0
p_008,0,2026-09-14T15:40:00-05:00,30.261745,-97.737527,0.0
p_008,0,2026-09-14T15:50:00-05:00,30.265203,-97.729039,5.78
p_008,0,2026-09-14T16:00:00-05:00,30.266006,-97.727301,0.0
p_008,0,2026-09-14T16:10:00-05:00,30.265995,-97.7273,0.0
p_008,0,2026-09-14T16:20:00-05:00,30.265993,-97.727223,0.0
p_008,0,2026-09-14T16:30:00-05:00,30.266046,-97.727345,0.0
p_008,0,2026-09-14T16:40:00-05:00,30.26609,-97.727254,0.0
p_008,0,2026-09-14T16:50:00-05:00,30.265961,-97.72722,0.0
p_008,0,2026-09-14T17:00:00-05:00,30.266068,-97.727305,0.0
p_008,0,2026-09-14T17:10:00-05:00,30.26608,-97.727289,0.0
p_008,0,2026-09-14T17:20:00-05:00,30.266063,-97.727297,0.0
p_008,0,2026-09-14T17:30:00-05:00,30.265977,-97.72728,0.0
p_008,0,2026-09-14T17:40:00-05:00,30.266044,-97.727392,0.0
p_008,0,2026-09-14T17:50:00-05:00,30.266084,-97.727257,0.0
p_008,0,2026-09-14T18:00:00-05:00,30.265986,-97.72726,0.0
p_008,0,2026-09-14T18:10:00-05:00,30.266138,-97.727255,0.0
p_008,0,2026-09-14T18:20:00-05:00,30.266114,-97.727313,0.0
p_008,0,2026-09-14T18:30:00-05:00,30.266094,-97.727345,0.0
p_008,0,2026-09-14T18:40:00-05:00,30.266068,-97.727259,0.0
p_008,0,2026-09-14T18:50:00-05:00,30.266005,-97.72734,0.0
p_008,0,2026-09-14T19:00:00-05:00,30.26586,-97.735425,5.92
p_008,0,2026-09-14T19:10:00-05:00,30.266006,-97.737167,0.0
p_008,0,2026-09-14T19:20:00-05:00,30.265985,-97.737084,0.0
p_008,0,2026-09-14T19:30:00-05:00,30.265933,-97.737182,0.0
p_008,0,2026-09-14T19:40:00-05:00,30.266019,-97.737127,0.0
p_008,0,2026-09-14T19:50:00-05:00,30.265923,-97.737134,0.0
p_008,0,2026-09-14T20:00:00-05:00,30.265911,-97.737061,0.0
p_008,0,2026-09-14T20:10:00-05:00,30.265959,-97.737058,0.0
p_008,0,2026-09-14T20:20:00-05:00,30.265934,-97.737135,0.0
p_008,0,2026-09-14T20:30:00-05:00,30.265909,-97.737161,0.0
p_008,0,2026-09-14T20:40:00-05:00,30.265918,-97.737051,0.0
p_008,0,2026-09-14T20:50:00-05:00,30.265913,-97.737118,0.0
p_008,0,2026-09-14T21:00:00-05:00,30.265938,-97.737088,0.0
p_008,0,2026-09-14T21:10:00-05:00,30.265942,-97.737133,0.0
p_008,0,2026-09-14T21:20:00-05:00,30.26597,-97.737078,0.0
p_008,0,2026-09-14T21:30:00-05:00,30.266004,-97.737168,0.0
p_008,0,2026-09-14T21:40:00-05:00,30.265927,-97.737144,0.0
p_008,0,2026-09-14T21:50:00-05:00,30.266012,-97.73703,0.0
p_008,0,2026-09-14T22:00:00-05:00,30.265295,-97.746308,0.0
p_008,0,2026-09-14T22:10:00-05:00,30.265263,-97.746363,0.0
p_008,0,2026-09-14T22:20:00-05:00,30.265325,-97.746385,0.0
p_008,0,2026-09-14T22:30:00-05:00,30.265399,-97.746391,0.0
p_008,0,2026-09-14T22:40:00-05:00,30.265298,-97.746367,0.0
p_008,0,2026-09-14T22:50:00-05:00,30.265349,-97.746338,0.0
p_008,0,2026-09-14T23:00:00-05:00,30.265263,-97.746288,0.0
p_008,0,2026-09-14T23:10:00-05:00,30.265284,-97.746329,0.0
p_008,0,2026-09-14T23:20:00-05:00,30.26522,-97.746302,0.0
p_008,0,2026-09-14T23:30:00-05:00,30.265403,-97.746315,0.0
p_008,0,2026-09-14T23:40:00-05:00,30.265344,-97.746322,0.0
p_008,0,2026-09-14T23:50:00-05:00,30.265333,-97.746362,0.0
p_008,0,2026-09-15T00:00:00-05:00,30.265212,-97.746316,0.0
p_008,0,2026-09-15T00:10:00-05:00,30.265361,-97.746316,0.0
p_008,0,2026-09-15T00:20:00-05:00,30.265388,-97.746292,0.0
p_008,0,2026-09-15T00:30:00-05:00,30.265312,-97.746291,0.0
p_008,0,2026-09-15T00:40:00-05:00,30.26538,-97.746319,0.0
p_008,0,2026-09-15T00:50:00-05:00,30.265251,-97.746377,0.0
p_008,0,2026-09-15T01:00:00-05:00,30.265279,-97.746352,0.0
p_008,0,2026-09-15T01:10:00-05:00,30.265278,-97.746269,0.0
p_008,0,2026-09-15T01:20:00-05:00,30.26533,-97.746309,0.0
p_008,0,2026-09-15T01:30:00-05:00,30.265366,-97.746301,0.0
p_008,0,2026-09-15T01:40:00-05:00,30.265421,-97.746226,0.0
p_008,0,2026-09-15T01:50:00-05:00,30.265338,-97.746306,0.0
p_008,0,2026-09-15T02:00:00-05:00,30.265454,-97.746333,0.0
p_008,0,2026-09-15T02:10:00-05:00,30.265322,-97.746336,0.0
p_008,0,2026-09-15T02:20:00-05:00,30.265358,-97.746364,0.0
p_008,0,2026-09-15T02:30:00-05:00,30.265325,-97.74629,0.0
p_008,0,2026-09-15T02:40:00-05:00,30.265342,-97.74637,0.0
p_008,0,2026-09-15T02:50:00-05:00,30.265331,-97.746196,0.0
p_008,1,2026-09-15T00:00:00-05:00,30.265288,-97.746282,0.0
p_008,1,2026-09-15T00:10:00-05:00,30.265389,-97.746319,0.0
p_008,1,2026-09-15T00:20:00-05:00,30.265374,-97.746335,0.0
p_008,1,2026-09-15T00:30:00-05:00,30.265336,-97.746225,0.0
p_008,1,2026-09-15T00:40:00-05:00,30.265325,-97.746344,0.0
p_008,1,2026-09-15T00:50:00-05:00,30.265343,-97.746306,0.0
p_008,1,2026-09-15T01:00:00-05:00,30.265285,-97.746366,0.0
p_008,1,2026-09-15T01:10:00-05:00,30.265358,-97.746278,0.0
p_008,1,2026-09-15T01:20:00-05:00,30.265355,-97.746322,0.0
p_008,1,2026-09-15T01:30:00-05:00,30.265346,-97.746348,0.0
p_008,1,2026-09-15T01:40:00-05:00,30.265265,-97.746379,0.0
p_008,1,2026-09-15T01:50:00-05:00,30.265381,-97.746257,0.0
p_008,1,2026-09-15T02:00:00-05:00,30.265369,-97.746291,0.0
p_008,1,2026-09-15T02:10:00-05:00,30.265337,-97.746324,0.0
p_008,1,2026-09-15T02:20:00-05:00,30.265295,-97.746372,0.0
p_008,1,2026-09-15T02:30:00-05:00,30.265307,-97.74637,0.0
p_008,1,2026-09-15T02:40:00-05:00,30.265322,-97.746349,0.0
p_008,1,2026-09-15T02:50:00-05:00,30.265354,-97.746314,0.0
p_008,1,2026-09-15T03:00:00-05:00,30.265258,-97.746326,0.0
p_008,1,2026-09-15T03:10:00-05:00,30.26532,-97.746248,0.0
p_008,1,2026-09-15T03:20:00-05:00,30.265304,-97.746331,0.0
p_008,1,2026-09-15T03:30:00-05:00,30.265391,-97.746356,0.0
p_008,1,2026-09-15T03:40:00-05:00,30.265325,-97.746227,0.0
p_008,1,2026-09-15T03:50:00-05:00,30.265308,-97.746339,0.0
p_008,1,2026-09-15T04:00:00-05:00,30.265327,-97.746241,0.0
p_008,1,2026-09-15T04:10:00-05:00,30.265334,-97.746285,0.0
p_008,1,2026-09-15T04:20:00-05:00,30.26532,-97.746303,0.0
p_008,1,2026-09-15T04:30:00-05:00,30.265316,-97.746339,0.0
p_008,1,2026-09-15T04:40:00-05:00,30.265266,-97.74636,0.0
p_008,1,2026-09-15T04:50:00-05:00,30.265363,-97.74632,0.0
p_008,1,2026-09-15T05:00:00-05:00,30.265329,-97.746319,0.0
p_008,1,2026-09-15T05:10:00-05:00,30.265277,-97.746324,0.0
p_008,1,2026-09-15T05:20:00-05:00,30.265345,-97.746353,0.0
p_008,1,2026-09-15T05:30:00-05:00,30.265336,-97.74634,0.0
p_008,1,2026-09-15T05:40:00-05:00,30.265321,-97.746285,0.0
p_008,1,2026-09-15T05:50:00-05:00,30.265348,-97.746322,0.0
p_008,1,2026-09-15T06:00:00-05:00,30.265296,-97.746236,0.0
p_008,1,2026-09-15T06:10:00-05:00,30.265335,-97.746284,0.0
p_008,1,2026-09-15T06:20:00-05:00,30.265301,-97.746309,0.0
p_008,1,2026-09-15T06:30:00-05:00,30.265355,-97.746353,0.0
p_008,1,2026-09-15T06:40:00-05:00,30.265313,-97.746321,0.0
p_008,1,2026-09-15T06:50:00-05:00,30.265333,-97.746355,0.0
p_008,1,2026-09-15T07:00:00-05:00,30.265314,-97.746334,0.0
p_008,1,2026-09-15T07:10:00-05:00,30.26533,-97.746311,0.0
p_008,1,2026-09-15T07:20:00-05:00,30.265232,-97.746278,0.0
p_008,1,2026-09-15T07:30:00-05:00,30.265314,-97.746324,0.0
p_008,1,2026-09-15T07:40:00-05:00,30.265375,-97.746314,0.0
p_008,1,2026-09-15T07:50:00-05:00,30.265413,-97.746353,0.0
p_008,1,2026-09-15T08:00:00-05:00,30.26531,-97.74635,0.0
p_008,1,2026-09-15T08:10:00-05:00,30.265333,-97.746302,0.0
p_008,1,2026-09-15T08:20:00-05:00,30.265247,-97.746307,0.0
p_008,1,2026-09-15T08:30:00-05:00,30.265311,-97.746343,0.0
p_008,1,2026-09-15T08:40:00-05:00,30.265401,-97.7463,0.0
p_008,1,2026-09-15T08:50:00-05:00,30.265318,-97.746305,0.0
p_008,1,2026-09-15T09:00:00-05:00,30.265268,-97.746314,0.0
p_008,1,2026-09-15T09:10:00-05:00,30.265348,-97.746373,0.0
p_008,1,2026-09-15T09:20:00-05:00,30.265316,-97.746327,0.0
p_008,1,2026-09-15T09:30:00-05:00,30.265297,-97.746359,0.0
p_008,1,2026-09-15T09:40:00-05:00,30.262139,-97.75532,0.0
p_008,1,2026-09-15T09:50:00-05:00,30.262145,-97.75533,0.0
p_008,1,2026-09-15T10:00:00-05:00,30.262116,-97.755256,0.0
p_008,1,2026-09-15T10:10:00-05:00,30.262149,-97.755255,0.0
p_008,1,2026-09-15T10:20:00-05:00,30.262124,-97.755291,0.0
p_008,1,2026-09-15T10:30:00-05:00,30.260518,-97.735448,0.0
p_008,1,2026-09-15T10:40:00-05:00,30.260496,-97.735482,0.0
p_008,1,2026-09-15T10:50:00-05:00,30.260387,-97.735492,0.0
p_008,1,2026-09-15T11:00:00-05:00,30.260421,-97.735514,0.0
p_008,1,2026-09-15T11:10:00-05:00,30.260404,-97.73535,0.0
p_008,1,2026-09-15T11:20:00-05:00,30.260507,-97.735516,0.0
p_008,1,2026-09-15T11:30:00-05:00,30.260424,-97.735499,0.0
p_008,1,2026-09-15T11:40:00-05:00,30.260421,-97.735467,0.0
p_008,1,2026-09-15T11:50:00-05:00,30.260437,-97.735458,0.0
p_008,1,2026-09-15T12:00:00-05:00,30.255296,-97.744035,0.0
p_008,1,2026-09-15T12:10:00-05:00,30.255279,-97.744016,0.0
p_008,1,2026-09-15T12:20:00-05:00,30.255296,-97.744024,0.0
p_008,1,2026-09-15T12:30:00-05:00,30.255263,-97.744033,0.0
p_008,1,2026-09-15T12:40:00-05:00,30.255241,-97.744115,0.0
p_008,1,2026-09-15T12:50:00-05:00,30.255207,-97.743976,0.0
p_008,1,2026-09-15T13:00:00-05:00,30.255347,-97.744031,0.0
p_008,1,2026-09-15T13:10:00-05:00,30.255267,-97.744005,0.0
p_008,1,2026-09-15T13:20:00-05:00,30.255252,-97.743995,0.0
p_008,1,2026-09-15T13:30:00-05:00,30.255283,-97.743879,0.0
p_008,1,2026-09-15T13:40:00-05:00,30.255266,-97.744053,0.0
p_008,1,2026-09-15T13:50:00-05:00,30.255229,-97.743997,0.0
p_008,1,2026-09-15T14:00:00-05:00,30.255742,-97.74387,0.0
p_008,1,2026-09-15T14:10:00-05:00,30.255673,-97.743873,0.0
p_008,1,2026-09-15T14:20:00-05:00,30.255805,-97.743865,0.0
p_008,1,2026-09-15T14:30:00-05:00,30.255783,-97.743824,0.0
p_008,1,2026-09-15T14:40:00-05:00,30.255732,-97.743871,0.0
p_008,1,2026-09-15T14:50:00-05:00,30.255747,-97.743815,0.0
p_008,1,2026-09-15T15:00:00-05:00,30.255696,-97.743905,0.0
p_008,1,2026-09-15T15:10:00-05:00,30.255434,-97.745034,1.26
p_008,1,2026-09-15T15:20:00-05:00,30.254982,-97.750915,0.0
p_008,1,2026-09-15T15:30:00-05:00,30.254981,-97.750891,0.0
p_008,1,2026-09-15T15:40:00-05:00,30.255002,-97.750912,0.0
p_008,1,2026-09-15T15:50:00-05:00,30.255043,-97.750842,0.0
p_008,1,2026-09-15T16:00:00-05:00,30.254994,-97.750862,0.0
p_008,1,2026-09-15T16:10:00-05:00,30.255056,-97.750956,0.0
p_008,1,2026-09-15T16:20:00-05:00,30.254987,-97.750946,0.0
p_008,1,2026-09-15T16:30:00-05:00,30.255026,-97.750918,0.0
p_008,1,2026-09-15T16:40:00-05:00,30.254993,-97.750859,0.0
p_008,1,2026-09-15T16:50:00-05:00,30.254999,-97.750798,0.0
p_008,1,2026-09-15T17:00:00-05:00,30.255015,-97.750829,0.0
p_008,1,2026-09-15T17:10:00-05:00,30.254945,-97.750915,0.0
p_008,1,2026-09-15T17:20:00-05:00,30.255013,-97.750897,0.0
p_008,1,2026-09-15T17:30:00-05:00,30.254996,-97.750901,0.0
p_008,1,2026-09-15T17:40:00-05:00,30.255041,-97.750858,0.0
p_008,1,2026-09-15T17:50:00-05:00,30.254962,-97.750939,0.0
p_008,1,2026-09-15T18:00:00-05:00,30.254995,-97.750782,0.0
p_008,1,2026-09-15T18:10:00-05:00,30.255061,-97.750861,0.0
p_008,1,2026-09-15T18:20:00-05:00,30.254938,-97.750858,0.0
p_008,1,2026-09-15T18:30:00-05:00,30.254992,-97.750869,0.0
p_008,1,2026-09-15T18:40:00-05:00,30.255024,-97.750967,0.0
p_008,1,2026-09-15T18:50:00-05:00,30.254988,-97.75083,0.0
p_008,1,2026-09-15T19:00:00-05:00,30.255035,-97.750864,0.0
p_008,1,2026-09-15T19:10:00-05:00,30.254966,-97.750878,0.0
p_008,1,2026-09-15T19:20:00-05:00,30.255013,-97.750965,0.0
p_008,1,2026-09-15T19:30:00-05:00,30.254935,-97.750899,0.0
p_008,1,2026-09-15T19:40:00-05:00,30.255041,-97.750904,0.0
p_008,1,2026-09-15T19:50:00-05:00,30.255256,-97.748227,1.31
p_008,1,2026-09-15T20:00:00-05:00,30.255795,-97.74389,0.0
p_008,1,2026-09-15T20:10:00-05:00,30.255717,-97.743885,0.0
p_008,1,2026-09-15T20:20:00-05:00,30.255711,-97.743925,0.0
p_008,1,2026-09-15T20:30:00-05:00,30.255655,-97.743909,0.0
p_008,1,2026-09-15T20:40:00-05:00,30.255667,-97.743868,0.0
p_008,1,2026-09-15T20:50:00-05:00,30.255709,-97.743937,0.0
p_008,1,2026-09-15T21:00:00-05:00,30.255754,-97.743961,0.0
p_008,1,2026-09-15T21:10:00-05:00,30.255673,-97.743832,0.0
p_008,1,2026-09-15T21:20:00-05:00,30.25576,-97.743904,0.0
p_008,1,2026-09-15T21:30:00-05:00,30.255705,-97.743817,0.0
p_008,1,2026-09-15T21:40:00-05:00,30.255687,-97.743894,0.0
p_008,1,2026-09-15T21:50:00-05:00,30.255728,-97.743856,0.0
p_008,1,2026-09-15T22:00:00-05:00,30.2635,-97.745963,6.31
p_008,1,2026-09-15T22:10:00-05:00,30.265297,-97.74638,0.0
p_008,1,2026-09-15T22:20:00-05:00,30.265409,-97.746327,0.0
p_008,1,2026-09-15T22:30:00-05:00,30.265398,-97.746187,0.0
p_008,1,2026-09-15T22:40:00-05:00,30.265377,-97.746367,0.0
p_008,1,2026-09-15T22:50:00-05:00,30.265382,-97.746279,0.0
p_008,1,2026-09-15T23:00:00-05:00,30.26534,-97.746325,0.0
p_008,1,2026-09-15T23:10:00-05:00,30.265307,-97.746341,0.0
p_008,1,2026-09-15T23:20:00-05:00,30.265316,-97.746284,0.0
p_008,1,2026-09-15T23:30:00-05:00,30.265362,-97.746311,0.0
p_008,1,2026-09-15T23:40:00-05:00,30.265306,-97.746326,0.0
p_008,1,2026-09-15T23:50:00-05:00,30.265303,-97.746385,0.0
p_008,1,2026-09-16T00:00:00-05:00,30.265321,-97.746233,0.0
p_008,1,2026-09-16T00:10:00-05:00,30.265316,-97.746285,0.0
p_008,1,2026-09-16T00:20:00-05:00,30.265259,-97.746289,0.0
p_008,1,2026-09-16T00:30:00-05:00,30.265349,-97.746306,0.0
p_008,1,2026-09-16T00:40:00-05:00,30.265291,-97.746307,0.0
p_008,1,2026-09-16T00:50:00-05:00,30.265404,-97.746287,0.0
p_008,1,2026-09-16T01:00:00-05:00,30.265342,-97.746289,0.0
p_008,1,2026-09-16T01:10:00-05:00,30.265233,-97.746238,0.0
p_008,1,2026-09-16T01:20:00-05:00,30.265271,-97.746358,0.0
p_008,1,2026-09-16T01:30:00-05:00,30.265391,-97.746328,0.0
p_008,1,2026-09-16T01:40:00-05:00,30.265303,-97.746365,0.0
p_008,1,2026-09-16T01:50:00-05:00,30.265362,-97.746334,0.0
p_008,1,2026-09-16T02:00:00-05:00,30.265315,-97.746251,0.0
p_008,1,2026-09-16T02:10:00-05:00,30.265302,-97.746267,0.0
p_008,1,2026-09-16T02:20:00-05:00,30.265299,-97.746292,0.0
p_008,1,2026-09-16T02:30:00-05:00,30.265324,-97.746421,0.0
p_008,1,2026-09-16T02:40:00-05:00,30.26531,-97.746257,0.0
p_008,1,2026-09-16T02:50:00-05:00,30.265296,-97.74636,0.0
p_008,2,2026-09-16T00:00:00-05:00,30.265329,-97.746287,0.0
p_008,2,2026-09-16T00:10:00-05:00,30.265382,-97.746283,0.0
p_008,2,2026-09-16T00:20:00-05:00,30.265349,-97.746292,0.0
p_008,2,2026-09-16T00:30:00-05:00,30.265323,-97.746389,0.0
p_008,2,2026-09-16T00:40:00-05:00,30.265323,-97.74633,0.0
p_008,2,2026-09-16T00:50:00-05:00,30.265359,-97.746336,0.0
p_008,2,2026-09-16T01:00:00-05:00,30.26529,-97.746302,0.0
p_008,2,2026-09-16T01:10:00-05:00,30.265365,-97.746324,0.0
p_008,2,2026-09-16T01:20:00-05:00,30.26532,-97.746329,0.0
p_008,2,2026-09-16T01:30:00-05:00,30.265363,-97.746387,0.0
p_008,2,2026-09-16T01:40:00-05:00,30.265348,-97.746294,0.0
p_008,2,2026-09-16T01:50:00-05:00,30.265292,-97.746338,0.0
p_008,2,2026-09-16T02:00:00-05:00,30.265318,-97.746316,0.0
p_008,2,2026-09-16T02:10:00-05:00,30.265315,-97.746299,0.0
p_008,2,2026-09-16T02:20:00-05:00,30.265306,-97.746302,0.0
p_008,2,2026-09-16T02:30:00-05:00,30.265318,-97.746343,0.0
p_008,2,2026-09-16T02:40:00-05:00,30.265346,-97.746326,0.0
p_008,2,2026-09-16T02:50:00-05:00,30.265293,-97.746384,0.0
p_008,2,2026-09-16T03:00:00-05:00,30.265286,-97.74632,0.0
p_008,2,2026-09-16T03:10:00-05:00,30.265303,-97.746269,0.0
p_008,2,2026-09-16T03:20:00-05:00,30.265294,-97.74628,0.0
p_008,2,2026-09-16T03:30:00-05:00,30.265286,-97.746298,0.0
p_008,2,2026-09-16T03:40:00-05:00,30.26532,-97.74635,0.0
p_008,2,2026-09-16T03:50:00-05:00,30.265323,-97.74641,0.0
p_008,2,2026-09-16T04:00:00-05:00,30.26531,-97.746349,0.0
p_008,2,2026-09-16T04:10:00-05:00,30.265342,-97.746342,0.0
p_008,2,2026-09-16T04:20:00-05:00,30.265289,-97.746314,0.0
p_008,2,2026-09-16T04:30:00-05:00,30.265252,-97.746321,0.0
p_008,2,2026-09-16T04:40:00-05:00,30.265362,-97.746342,0.0
p_008,2,2026-09-16T04:50:00-05:00,30.265354,-97.746277,0.0
p_008,2,2026-09-16T05:00:00-05:00,30.265337,-97.746246,0.0
p_008,2,2026-09-16T05:10:00-05:00,30.265332,-97.746385,0.0
p_008,2,2026-09-16T05:20:00-05:00,30.265331,-97.74632,0.0
p_008,2,2026-09-16T05:30:00-05:00,30.265343,-97.746315,0.0
p_008,2,2026-09-16T05:40:00-05:00,30.265365,-97.746278,0.0
p_008,2,2026-09-16T05:50:00-05:00,30.26532,-97.746352,0.0
p_008,2,2026-09-16T06:00:00-05:00,30.265273,-97.74637,0.0
p_008,2,2026-09-16T06:10:00-05:00,30.265367,-97.746366,0.0
p_008,2,2026-09-16T06:20:00-05:00,30.265315,-97.746346,0.0
p_008,2,2026-09-16T06:30:00-05:00,30.265342,-97.746281,0.0
p_008,2,2026-09-16T06:40:00-05:00,30.265359,-97.746316,0.0
p_008,2,2026-09-16T06:50:00-05:00,30.26535,-97.746363,0.0
p_008,2,2026-09-16T07:00:00-05:00,30.26527,-97.746309,0.0
p_008,2,2026-09-16T07:10:00-05:00,30.265308,-97.746235,0.0
p_008,2,2026-09-16T07:20:00-05:00,30.265324,-97.74632,0.0
p_008,2,2026-09-16T07:30:00-05:00,30.265309,-97.746313,0.0
p_008,2,2026-09-16T07:40:00-05:00,30.265354,-97.746255,0.0
p_008,2,2026-09-16T07:50:00-05:00,30.265351,-97.746318,0.0
p_008,2,2026-09-16T08:00:00-05:00,30.265363,-97.746372,0.0
p_008,2,2026-09-16T08:10:00-05:00,30.265321,-97.746271,0.0
p_008,2,2026-09-16T08:20:00-05:00,30.26534,-97.746167,0.0
p_008,2,2026-09-16T08:30:00-05:00,30.265344,-97.746309,0.0
p_008,2,2026-09-16T08:40:00-05:00,30.265333,-97.746333,0.0
p_008,2,2026-09-16T08:50:00-05:00,30.265342,-97.746321,0.0
p_008,2,2026-09-16T09:00:00-05:00,30.26537,-97.746311,0.0
p_008,2,2026-09-16T09:10:00-05:00,30.26222,-97.755294,7.08
p_008,2,2026-09-16T09:20:00-05:00,30.262076,-97.755289,0.0
p_008,2,2026-09-16T09:30:00-05:00,30.262153,-97.755376,0.0
p_008,2,2026-09-16T09:40:00-05:00,30.262183,-97.755303,0.0
p_008,2,2026-09-16T09:50:00-05:00,30.26214,-97.755287,0.0
p_008,2,2026-09-16T10:00:00-05:00,30.262167,-97.755322,0.0
p_008,2,2026-09-16T10:10:00-05:00,30.262175,-97.755335,0.0
p_008,2,2026-09-16T10:20:00-05:00,30.262157,-97.75528,0.0
p_008,2,2026-09-16T10:30:00-05:00,30.262109,-97.755334,0.0
p_008,2,2026-09-16T10:40:00-05:00,30.26211,-97.75531,0.0
p_008,2,2026-09-16T10:50:00-05:00,30.262188,-97.755282,0.0
p_008,2,2026-09-16T11:00:00-05:00,30.262127,-97.755301,0.0
p_008,2,2026-09-16T11:10:00-05:00,30.262087,-97.755289,0.0
p_008,2,2026-09-16T11:20:00-05:00,30.262126,-97.755355,0.0
p_008,2,2026-09-16T11:30:00-05:00,30.262101,-97.755225,0.0
p_008,2,2026-09-16T11:40:00-05:00,30.262139,-97.755307,0.0
p_008,2,2026-09-16T11:50:00-05:00,30.262108,-97.755303,0.0
p_008,2,2026-09-16T12:00:00-05:00,30.262124,-97.755299,0.0
p_008,2,2026-09-16T12:10:00-05:00,30.262105,-97.755299,0.0
p_008,2,2026-09-16T12:20:00-05:00,30.262122,-97.755286,0.0
p_008,2,2026-09-16T12:30:00-05:00,30.254489,-97.738701,0.0
p_008,2,2026-09-16T12:40:00-05:00,30.254443,-97.738679,0.0
p_008,2,2026-09-16T12:50:00-05:00,30.254449,-97.738626,0.0
p_008,2,2026-09-16T13:00:00-05:00,30.254417,-97.738674,0.0
p_008,2,2026-09-16T13:10:00-05:00,30.254463,-97.738623,0.0
p_008,2,2026-09-16T13:20:00-05:00,30.254437,-97.738638,0.0
p_008,2,2026-09-16T13:30:00-05:00,30.254431,-97.738756,0.0
p_008,2,2026-09-16T13:40:00-05:00,30.254411,-97.738611,0.0
p_008,2,2026-09-16T13:50:00-05:00,30.254448,-97.738669,0.0
p_008,2,2026-09-16T14:00:00-05:00,30.254472,-97.738715,0.0
p_008,2,2026-09-16T14:10:00-05:00,30.255733,-97.743928,0.0
p_008,2,2026-09-16T14:20:00-05:00,30.25569,-97.743868,0.0
p_008,2,2026-09-16T14:30:00-05:00,30.255722,-97.743905,0.0
p_008,2,2026-09-16T14:40:00-05:00,30.255664,-97.743983,0.0
p_008,2,2026-09-16T14:50:00-05:00,30.25576,-97.743758,0.0
p_008,2,2026-09-16T15:00:00-05:00,30.255763,-97.743975,0.0
p_008,2,2026-09-16T15:10:00-05:00,30.255737,-97.743875,0.0
p_008,2,2026-09-16T15:20:00-05:00,30.255673,-97.743791,0.0
p_008,2,2026-09-16T15:30:00-05:00,30.255711,-97.743894,0.0
p_008,2,2026-09-16T15:40:00-05:00,30.25568,-97.743892,0.0
p_008,2,2026-09-16T15:50:00-05:00,30.255665,-97.743792,0.0
p_008,2,2026-09-16T16:00:00-05:00,30.255763,-97.74386,0.0
p_008,2,2026-09-16T16:10:00-05:00,30.254909,-97.750994,1.3
p_008,2,2026-09-16T16:20:00-05:00,30.254969,-97.75091,0.0
p_008,2,2026-09-16T16:30:00-05:00,30.254979,-97.751038,0.0
p_008,2,2026-09-16T16:40:00-05:00,30.255024,-97.750854,0.0
p_008,2,2026-09-16T16:50:00-05:00,30.255068,-97.751019,0.0
p_008,2,2026-09-16T17:00:00-05:00,30.25503,-97.750905,0.0
p_008,2,2026-09-16T17:10:00-05:00,30.255023,-97.750888,0.0
p_008,2,2026-09-16T17:20:00-05:00,30.254991,-97.750881,0.0
p_008,2,2026-09-16T17:30:00-05:00,30.255023,-97.750828,0.0
p_008,2,2026-09-16T17:40:00-05:00,30.255029,-97.750863,0.0
p_008,2,2026-09-16T17:50:00-05:00,30.25507,-97.75087,0.0
p_008,2,2026-09-16T18:00:00-05:00,30.255018,-97.750872,0.0
p_008,2,2026-09-16T18:10:00-05:00,30.255004,-97.750894,0.0
p_008,2,2026-09-16T18:20:00-05:00,30.25293,-97.749126,1.17
p_008,2,2026-09-16T18:30:00-05:00,30.251217,-97.746699,0.0
p_008,2,2026-09-16T18:40:00-05:00,30.251268,-97.746678,0.0
p_008,2,2026-09-16T18:50:00-05:00,30.251247,-97.746663,0.0
p_008,2,2026-09-16T19:00:00-05:00,30.25125,-97.746725,0.0
p_008,2,2026-09-16T19:10:00-05:00,30.251161,-97.746699,0.0
p_008,2,2026-09-16T19:20:00-05:00,30.251201,-97.74671,0.0
p_008,2,2026-09-16T19:30:00-05:00,30.251274,-97.746747,0.0
p_008,2,2026-09-16T19:40:00-05:00,30.251203,-97.746661,0.0
p_008,2,2026-09-16T19:50:00-05:00,30.251238,-97.746746,0.0
p_008,2,2026-09-16T20:00:00-05:00,30.251259,-97.746719,0.0
p_008,2,2026-09-16T20:10:00-05:00,30.251299,-97.746745,0.0
p_008,2,2026-09-16T20:20:00-05:00,30.251242,-97.746664,0.0
p_008,2,2026-09-16T20:30:00-05:00,30.251234,-97.746675,0.0
p_008,2,2026-09-16T20:40:00-05:00,30.251251,-97.74667,0.0
p_008,2,2026-09-16T20:50:00-05:00,30.251188,-97.746668,0.0
p_008,2,2026-09-16T21:00:00-05:00,30.251252,-97.746628,0.0
p_008,2,2026-09-16T21:10:00-05:00,30.25118,-97.746715,0.0
p_008,2,2026-09-16T21:20:00-05:00,30.251216,-97.746682,0.0
p_008,2,2026-09-16T21:30:00-05:00,30.251243,-97.746735,0.0
p_008,2,2026-09-16T21:40:00-05:00,30.251188,-97.746648,0.0
p_008,2,2026-09-16T21:50:00-05:00,30.251226,-97.746706,0.0
p_008,2,2026-09-16T22:00:00-05:00,30.259638,-97.746126,4.57
p_008,2,2026-09-16T22:10:00-05:00,30.265365,-97.746384,0.0
p_008,2,2026-09-16T22:20:00-05:00,30.2654,-97.746277,0.0
p_008,2,2026-09-16T22:30:00-05:00,30.2653,-97.746359,0.0
p_008,2,2026-09-16T22:40:00-05:00,30.265321,-97.746197,0.0
p_008,2,2026-09-16T22:50:00-05:00,30.265426,-97.746222,0.0
p_008,2,2026-09-16T23:00:00-05:00,30.265318,-97.746318,0.0
p_008,2,2026-09-16T23:10:00-05:00,30.265432,-97.746278,0.0
p_008,2,2026-09-16T23:20:00-05:00,30.265275,-97.746252,0.0
p_008,2,2026-09-16T23:30:00-05:00,30.265268,-97.746296,0.0
p_008,2,2026-09-16T23:40:00-05:00,30.265332,-97.746303,0.0
p_008,2,2026-09-16T23:50:00-05:00,30.265365,-97.74625,0.0
p_008,2,2026-09-17T00:00:00-05:00,30.265331,-97.746357,0.0
p_008,2,2026-09-17T00:10:00-05:00,30.265315,-97.74634,0.0
p_008,2,2026-09-17T00:20:00-05:00,30.265269,-97.746323,0.0
p_008,2,2026-09-17T00:30:00-05:00,30.265398,-97.746328,0.0
p_008,2,2026-09-17T00:40:00-05:00,30.265342,-97.746383,0.0
p_008,2,2026-09-17T00:50:00-05:00,30.265354,-97.746247,0.0
p_008,2,2026-09-17T01:00:00-05:00,30.265349,-97.74631,0.0
p_008,2,2026-09-17T01:10:00-05:00,30.265369,-97.746277,0.0
p_008,2,2026-09-17T01:20:00-05:00,30.265315,-97.746321,0.0
p_008,2,2026-09-17T01:30:00-05:00,30.265324,-97.746352,0.0
p_008,2,2026-09-17T01:40:00-05:00,30.265359,-97.746284,0.0
p_008,2,2026-09-17T01:50:00-05:00,30.265314,-97.746336,0.0
p_008,2,2026-09-17T02:00:00-05:00,30.265293,-97.746252,0.0
p_008,2,2026-09-17T02:10:00-05:00,30.265271,-97.746326,0.0
p_008,2,2026-09-17T02:20:00-05:00,30.265323,-97.746289,0.0
p_008,2,2026-09-17T02:30:00-05:00,30.265276,-97.746312,0.0
p_008,2,2026-09-17T02:40:00-05:00,30.265329,-97.746331,0.0
p_008,2,2026-09-17T02:50:00-05:00,30.265351,-97.746343,0.0
p_008,3,2026-09-17T00:00:00-05:00,30.265388,-97.746249,0.0
p_008,3,2026-09-17T00:10:00-05:00,30.265291,-97.746228,0.0
p_008,3,2026-09-17T00:20:00-05:00,30.265323,-97.746287,0.0
p_008,3,2026-09-17T00:30:00-05:00,30.265404,-97.746331,0.0
p_008,3,2026-09-17T00:40:00-05:00,30.26531,-97.746297,0.0
p_008,3,2026-09-17T00:50:00-05:00,30.265353,-97.746352,0.0
p_008,3,2026-09-17T01:00:00-05:00,30.265253,-97.746297,0.0
p_008,3,2026-09-17T01:10:00-05:00,30.265308,-97.746337,0.0
p_008,3,2026-09-17T01:20:00-05:00,30.265357,-97.746314,0.0
p_008,3,2026-09-17T01:30:00-05:00,30.265346,-97.746329,0.0
p_008,3,2026-09-17T01:40:00-05:00,30.265357,-97.746378,0.0
p_008,3,2026-09-17T01:50:00-05:00,30.26533,-97.746312,0.0
p_008,3,2026-09-17T02:00:00-05:00,30.265286,-97.746367,0.0
p_008,3,2026-09-17T02:10:00-05:00,30.265307,-97.746276,0.0
p_008,3,2026-09-17T02:20:00-05:00,30.265329,-97.746381,0.0
p_008,3,2026-09-17T02:30:00-05:00,30.265273,-97.746296,0.0
p_008,3,2026-09-17T02:40:00-05:00,30.265278,-97.746308,0.0
p_008,3,2026-09-17T02:50:00-05:00,30.265327,-97.746321,0.0
p_008,3,2026-09-17T03:00:00-05:00,30.265284,-97.746292,0.0
p_008,3,2026-09-17T03:10:00-05:00,30.265344,-97.74633,0.0
p_008,3,2026-09-17T03:20:00-05:00,30.265317,-97.746288,0.0
p_008,3,2026-09-17T03:30:00-05:00,30.265359,-97.74627,0.0
p_008,3,2026-09-17T03:40:00-05:00,30.265337,-97.746249,0.0
p_008,3,2026-09-17T03:50:00-05:00,30.265342,-97.746273,0.0
p_008,3,2026-09-17T04:00:00-05:00,30.265364,-97.74631,0.0
p_008,3,2026-09-17T04:10:00-05:00,30.265308,-97.74625,0.0
p_008,3,2026-09-17T04:20:00-05:00,30.265308,-97.746262,0.0
p_008,3,2026-09-17T04:30:00-05:00,30.265326,-97.746362,0.0
p_008,3,2026-09-17T04:40:00-05:00,30.265335,-97.746318,0.0
p_008,3,2026-09-17T04:50:00-05:00,30.265297,-97.746283,0.0
p_008,3,2026-09-17T05:00:00-05:00,30.265396,-97.746307,0.0
p_008,3,2026-09-17T05:10:00-05:00,30.265285,-97.746307,0.0
p_008,3,2026-09-17T05:20:00-05:00,30.2653,-97.746287,0.0
p_008,3,2026-09-17T05:30:00-05:00,30.265386,-97.746302,0.0
p_008,3,2026-09-17T05:40:00-05:00,30.265287,-97.746264,0.0
p_008,3,2026-09-17T05:50:00-05:00,30.265334,-97.746269,0.0
p_008,3,2026-09-17T06:00:00-05:00,30.265363,-97.746266,0.0
p_008,3,2026-09-17T06:10:00-05:00,30.265322,-97.746309,0.0
p_008,3,2026-09-17T06:20:00-05:00,30.265296,-97.746361,0.0
p_008,3,2026-09-17T06:30:00-05:00,30.265369,-97.746329,0.0
p_008,3,2026-09-17T06:40:00-05:00,30.265312,-97.746326,0.0
p_008,3,2026-09-17T06:50:00-05:00,30.265372,-97.746201,0.0
p_008,3,2026-09-17T07:00:00-05:00,30.265309,-97.746398,0.0
p_008,3,2026-09-17T07:10:00-05:00,30.265378,-97.746274,0.0
p_008,3,2026-09-17T07:20:00-05:00,30.265343,-97.746377,0.0
p_008,3,2026-09-17T07:30:00-05:00,30.265313,-97.746341,0.0
p_008,3,2026-09-17T07:40:00-05:00,30.26539,-97.746334,0.0
p_008,3,2026-09-17T07:50:00-05:00,30.2654,-97.746288,0.0
p_008,3,2026-09-17T08:00:00-05:00,30.26532,-97.746374,0.0
p_008,3,2026-09-17T08:10:00-05:00,30.265256,-97.74624,0.0
p_008,3,2026-09-17T08:20:00-05:00,30.26534,-97.746299,0.0
p_008,3,2026-09-17T08:30:00-05:00,30.265335,-97.746315,0.0
p_008,3,2026-09-17T08:40:00-05:00,30.265285,-97.746331,0.0
p_008,3,2026-09-17T08:50:00-05:00,30.265304,-97.746355,0.0
p_008,3,2026-09-17T09:00:00-05:00,30.265405,-97.746321,0.0
p_008,3,2026-09-17T09:10:00-05:00,30.262185,-97.755301,0.0
p_008,3,2026-09-17T09:20:00-05:00,30.262149,-97.755262,0.0
p_008,3,2026-09-17T09:30:00-05:00,30.26213,-97.755345,0.0
p_008,3,2026-09-17T09:40:00-05:00,30.262102,-97.755309,0.0
p_008,3,2026-09-17T09:50:00-05:00,30.262204,-97.755225,0.0
p_008,3,2026-09-17T10:00:00-05:00,30.262101,-97.755296,0.0
p_008,3,2026-09-17T10:10:00-05:00,30.260371,-97.735513,0.0
p_008,3,2026-09-17T10:20:00-05:00,30.260457,-97.735429,0.0
p_008,3,2026-09-17T10:30:00-05:00,30.260402,-97.73548,0.0
p_008,3,2026-09-17T10:40:00-05:00,30.26048,-97.73547,0.0
p_008,3,2026-09-17T10:50:00-05:00,30.260533,-97.735375,0.0
p_008,3,2026-09-17T11:00:00-05:00,30.26045,-97.735523,0.0
p_008,3,2026-09-17T11:10:00-05:00,30.260403,-97.735465,0.0
p_008,3,2026-09-17T11:20:00-05:00,30.260456,-97.735459,0.0
p_008,3,2026-09-17T11:30:00-05:00,30.26045,-97.735405,0.0
p_008,3,2026-09-17T11:40:00-05:00,30.260486,-97.735483,0.0
p_008,3,2026-09-17T11:50:00-05:00,30.2604,-97.735538,0.0
p_008,3,2026-09-17T12:00:00-05:00,30.260468,-97.735505,0.0
p_008,3,2026-09-17T12:10:00-05:00,30.260443,-97.735476,0.0
p_008,3,2026-09-17T12:20:00-05:00,30.260437,-97.735383,0.0
p_008,3,2026-09-17T12:30:00-05:00,30.26048,-97.735385,0.0
p_008,3,2026-09-17T12:40:00-05:00,30.260406,-97.735433,0.0
p_008,3,2026-09-17T12:50:00-05:00,30.260482,-97.735402,0.0
p_008,3,2026-09-17T13:00:00-05:00,30.260545,-97.735371,0.0
p_008,3,2026-09-17T13:10:00-05:00,30.264798,-97.736715,1.34
p_008,3,2026-09-17T13:20:00-05:00,30.265869,-97.737151,0.0
p_008,3,2026-09-17T13:30:00-05:00,30.265966,-97.73712,0.0
p_008,3,2026-09-17T13:40:00-05:00,30.265924,-97.737115,0.0
p_008,3,2026-09-17T13:50:00-05:00,30.265949,-97.737094,0.0
p_008,3,2026-09-17T14:00:00-05:00,30.26599,-97.737124,0.0
p_008,3,2026-09-17T14:10:00-05:00,30.26592,-97.737079,0.0
p_008,3,2026-09-17T14:20:00-05:00,30.266013,-97.737062,0.0
p_008,3,2026-09-17T14:30:00-05:00,30.265908,-97.737154,0.0
p_008,3,2026-09-17T14:40:00-05:00,30.265882,-97.737111,0.0
p_008,3,2026-09-17T14:50:00-05:00,30.265983,-97.73717,0.0
p_008,3,2026-09-17T15:00:00-05:00,30.266011,-97.737167,0.0
p_008,3,2026-09-17T15:10:00-05:00,30.265994,-97.737128,0.0
p_008,3,2026-09-17T15:20:00-05:00,30.265964,-97.737144,0.0
p_008,3,2026-09-17T15:30:00-05:00,30.265959,-97.737078,0.0
p_008,3,2026-09-17T15:40:00-05:00,30.265903,-97.737184,0.0
p_008,3,2026-09-17T15:50:00-05:00,30.265918,-97.737187,0.0
p_008,3,2026-09-17T16:00:00-05:00,30.265895,-97.737171,0.0
p_008,3,2026-09-17T16:10:00-05:00,30.26593,-97.737073,0.0
p_008,3,2026-09-17T16:20:00-05:00,30.26588,-97.737105,0.0
p_008,3,2026-09-17T16:30:00-05:00,30.264427,-97.73448,5.14
p_008,3,2026-09-17T16:40:00-05:00,30.259376,-97.728644,0.0
p_008,3,2026-09-17T16:50:00-05:00,30.259352,-97.72859,0.0
p_008,3,2026-09-17T17:00:00-05:00,30.259406,-97.728624,0.0
p_008,3,2026-09-17T17:10:00-05:00,30.259313,-97.728664,0.0
p_008,3,2026-09-17T17:20:00-05:00,30.259299,-97.728633,0.0
p_008,3,2026-09-17T17:30:00-05:00,30.259328,-97.728625,0.0
p_008,3,2026-09-17T17:40:00-05:00,30.259317,-97.728651,0.0
p_008,3,2026-09-17T17:50:00-05:00,30.259342,-97.728651,0.0
p_008,3,2026-09-17T18:00:00-05:00,30.25933,-97.728614,0.0
p_008,3,2026-09-17T18:10:00-05:00,30.259378,-97.728607,0.0
p_008,3,2026-09-17T18:20:00-05:00,30.25933,-97.72875,0.0
p_008,3,2026-09-17T18:30:00-05:00,30.259321,-97.728665,0.0
p_008,3,2026-09-17T18:40:00-05:00,30.25935,-97.728734,0.0
p_008,3,2026-09-17T18:50:00-05:00,30.25934,-97.728577,0.0
p_008,3,2026-09-17T19:00:00-05:00,30.259317,-97.72868,0.0
p_008,3,2026-09-17T19:10:00-05:00,30.259378,-97.72859,0.0
p_008,3,2026-09-17T19:20:00-05:00,30.259351,-97.728696,0.0
p_008,3,2026-09-17T19:30:00-05:00,30.259432,-97.729124,1.44
p_008,3,2026-09-17T19:40:00-05:00,30.259437,-97.733869,0.0
p_008,3,2026-09-17T19:50:00-05:00,30.259342,-97.733842,0.0
p_008,3,2026-09-17T20:00:00-05:00,30.259388,-97.733842,0.0
p_008,3,2026-09-17T20:10:00-05:00,30.259379,-97.733777,0.0
p_008,3,2026-09-17T20:20:00-05:00,30.259267,-97.733766,0.0
p_008,3,2026-09-17T20:30:00-05:00,30.259358,-97.733849,0.0
p_008,3,2026-09-17T20:40:00-05:00,30.259383,-97.733814,0.0
p_008,3,2026-09-17T20:50:00-05:00,30.25937,-97.733848,0.0
p_008,3,2026-09-17T21:00:00-05:00,30.259387,-97.733902,0.0
p_008,3,2026-09-17T21:10:00-05:00,30.259336,-97.733872,0.0
p_008,3,2026-09-17T21:20:00-05:00,30.259503,-97.733843,0.0
p_008,3,2026-09-17T21:30:00-05:00,30.259371,-97.733785,0.0
p_008,3,2026-09-17T21:40:00-05:00,30.26537,-97.746399,0.0
p_008,3,2026-09-17T21:50:00-05:00,30.265265,-97.746336,0.0
p_008,3,2026-09-17T22:00:00-05:00,30.265328,-97.746328,0.0
p_008,3,2026-09-17T22:10:00-05:00,30.265307,-97.746289,0.0
p_008,3,2026-09-17T22:20:00-05:00,30.265321,-97.746239,0.0
p_008,3,2026-09-17T22:30:00-05:00,30.265317,-97.746394,0.0
p_008,3,2026-09-17T22:40:00-05:00,30.265421,-97.746342,0.0
p_008,3,2026-09-17T22:50:00-05:00,30.265281,-97.746308,0.0
p_008,3,2026-09-17T23:00:00-05:00,30.265339,-97.74635,0.0
p_008,3,2026-09-17T23:10:00-05:00,30.26533,-97.746273,0.0
p_008,3,2026-09-17T23:20:00-05:00,30.265355,-97.746302,0.0
p_008,3,2026-09-17T23:30:00-05:00,30.26529,-97.74631,0.0
p_008,3,2026-09-17T23:40:00-05:00,30.265322,-97.746303,0.0
p_008,3,2026-09-17T23:50:00-05:00,30.26535,-97.746322,0.0
p_008,3,2026-09-18T00:00:00-05:00,30.265299,-97.746225,0.0
p_008,3,2026-09-18T00:10:00-05:00,30.265279,-97.746383,0.0
p_008,3,2026-09-18T00:20:00-05:00,30.265283,-97.746276,0.0
p_008,3,2026-09-18T00:30:00-05:00,30.265323,-97.746392,0.0
p_008,3,2026-09-18T00:40:00-05:00,30.265271,-97.746432,0.0
p_008,3,2026-09-18T00:50:00-05:00,30.265302,-97.746397,0.0
p_008,3,2026-09-18T01:00:00-05:00,30.265271,-97.746352,0.0
p_008,3,2026-09-18T01:10:00-05:00,30.265317,-97.746287,0.0
p_008,3,2026-09-18T01:20:00-05:00,30.265362,-97.746215,0.0
p_008,3,2026-09-18T01:30:00-05:00,30.265282,-97.746317,0.0
p_008,3,2026-09-18T01:40:00-05:00,30.265307,-97.746265,0.0
p_008,3,2026-09-18T01:50:00-05:00,30.265336,-97.746322,0.0
p_008,3,2026-09-18T02:00:00-05:00,30.265354,-97.746204,0.0
p_008,3,2026-09-18T02:10:00-05:00,30.26534,-97.746215,0.0
p_008,3,2026-09-18T02:20:00-05:00,30.265278,-97.746368,0.0
p_008,3,2026-09-18T02:30:00-05:00,30.265342,-97.746357,0.0
p_008,3,2026-09-18T02:40:00-05:00,30.2653,-97.746291,0.0
p_008,3,2026-09-18T02:50:00-05:00,30.265291,-97.74641,0.0
p_008,4,2026-09-18T00:00:00-05:00,30.265335,-97.746271,0.0
p_008,4,2026-09-18T00:10:00-05:00,30.265322,-97.746321,0.0
p_008,4,2026-09-18T00:20:00-05:00,30.265337,-97.746266,0.0
p_008,4,2026-09-18T00:30:00-05:00,30.265374,-97.74626,0.0
p_008,4,2026-09-18T00:40:00-05:00,30.265318,-97.746272,0.0
p_008,4,2026-09-18T00:50:00-05:00,30.265301,-97.746298,0.0
p_008,4,2026-09-18T01:00:00-05:00,30.265266,-97.746332,0.0
p_008,4,2026-09-18T01:10:00-05:00,30.265301,-97.746311,0.0
p_008,4,2026-09-18T01:20:00-05:00,30.265312,-97.746384,0.0
p_008,4,2026-09-18T01:30:00-05:00,30.265248,-97.746315,0.0
p_008,4,2026-09-18T01:40:00-05:00,30.265311,-97.746325,0.0
p_008,4,2026-09-18T01:50:00-05:00,30.265358,-97.746278,0.0
p_008,4,2026-09-18T02:00:00-05:00,30.265268,-97.746273,0.0
p_008,4,2026-09-18T02:10:00-05:00,30.265292,-97.746296,0.0
p_008,4,2026-09-18T02:20:00-05:00,30.265359,-97.746307,0.0
p_008,4,2026-09-18T02:30:00-05:00,30.265275,-97.746296,0.0
p_008,4,2026-09-18T02:40:00-05:00,30.265243,-97.746276,0.0
p_008,4,2026-09-18T02:50:00-05:00,30.265364,-97.746327,0.0
p_008,4,2026-09-18T03:00:00-05:00,30.265343,-97.746348,0.0
p_008,4,2026-09-18T03:10:00-05:00,30.265351,-97.746255,0.0
p_008,4,2026-09-18T03:20:00-05:00,30.26538,-97.746272,0.0
p_008,4,2026-09-18T03:30:00-05:00,30.265365,-97.746269,0.0
p_008,4,2026-09-18T03:40:00-05:00,30.265304,-97.746338,0.0
p_008,4,2026-09-18T03:50:00-05:00,30.265295,-97.746296,0.0
p_008,4,2026-09-18T04:00:00-05:00,30.265262,-97.746315,0.0
p_008,4,2026-09-18T04:10:00-05:00,30.265376,-97.746319,0.0
p_008,4,2026-09-18T04:20:00-05:00,30.265317,-97.746299,0.0
p_008,4,2026-09-18T04:30:00-05:00,30.265279,-97.746308,0.0
p_008,4,2026-09-18T04:40:00-05:00,30.265302,-97.746299,0.0
p_008,4,2026-09-18T04:50:00-05:00,30.265326,-97.746305,0.0
p_008,4,2026-09-18T05:00:00-05:00,30.265284,-97.746215,0.0
p_008,4,2026-09-18T05:10:00-05:00,30.265305,-97.746379,0.0
p_008,4,2026-09-18T05:20:00-05:00,30.265323,-97.746293,0.0
p_008,4,2026-09-18T05:30:00-05:00,30.265279,-97.746311,0.0
p_008,4,2026-09-18T05:40:00-05:00,30.265347,-97.746315,0.0
p_008,4,2026-09-18T05:50:00-05:00,30.265355,-97.746295,0.0
p_008,4,2026-09-18T06:00:00-05:00,30.265329,-97.746323,0.0
p_008,4,2026-09-18T06:10:00-05:00,30.265335,-97.746305,0.0
p_008,4,2026-09-18T06:20:00-05:00,30.265304,-97.746268,0.0
p_008,4,2026-09-18T06:30:00-05:00,30.265349,-97.74634,0.0
p_008,4,2026-09-18T06:40:00-05:00,30.265312,-97.746307,0.0
p_008,4,2026-09-18T06:50:00-05:00,30.265328,-97.74628,0.0
p_008,4,2026-09-18T07:00:00-05:00,30.265385,-97.74623,0.0
p_008,4,2026-09-18T07:10:00-05:00,30.26536,-97.746232,0.0
p_008,4,2026-09-18T07:20:00-05:00,30.265309,-97.746315,0.0
p_008,4,2026-09-18T07:30:00-05:00,30.265345,-97.746216,0.0
p_008,4,2026-09-18T07:40:00-05:00,30.265368,-97.746357,0.0
p_008,4,2026-09-18T07:50:00-05:00,30.265278,-97.74627,0.0
p_008,4,2026-09-18T08:00:00-05:00,30.265294,-97.746373,0.0
p_008,4,2026-09-18T08:10:00-05:00,30.265358,-97.746291,0.0
p_008,4,2026-09-18T08:20:00-05:00,30.265355,-97.746305,0.0
p_008,4,2026-09-18T08:30:00-05:00,30.265314,-97.746332,0.0
p_008,4,2026-09-18T08:40:00-05:00,30.265282,-97.746344,0.0
p_008,4,2026-09-18T08:50:00-05:00,30.265283,-97.746333,0.0
p_008,4,2026-09-18T09:00:00-05:00,30.26531,-97.746296,0.0
p_008,4,2026-09-18T09:10:00-05:00,30.265276,-97.746291,0.0
p_008,4,2026-09-18T09:20:00-05:00,30.258016,-97.741174,0.0
p_008,4,2026-09-18T09:30:00-05:00,30.25803,-97.741058,0.0
p_008,4,2026-09-18T09:40:00-05:00,30.258043,-97.741143,0.0
p_008,4,2026-09-18T09:50:00-05:00,30.258069,-97.741214,0.0
p_008,4,2026-09-18T10:00:00-05:00,30.258015,-97.74124,0.0
p_008,4,2026-09-18T10:10:00-05:00,30.258102,-97.74114,0.0
p_008,4,2026-09-18T10:20:00-05:00,30.269719,-97.739068,7.0
p_008,4,2026-09-18T10:30:00-05:00,30.27497,-97.736324,0.0
p_008,4,2026-09-18T10:40:00-05:00,30.274984,-97.736223,0.0
p_008,4,2026-09-18T10:50:00-05:00,30.274924,-97.736228,0.0
p_008,4,2026-09-18T11:00:00-05:00,30.274924,-97.736287,0.0
p_008,4,2026-09-18T11:10:00-05:00,30.274944,-97.736261,0.0
p_008,4,2026-09-18T11:20:00-05:00,30.274962,-97.736259,0.0
p_008,4,2026-09-18T11:30:00-05:00,30.27495,-97.736297,0.0
p_008,4,2026-09-18T11:40:00-05:00,30.274954,-97.736317,0.0
p_008,4,2026-09-18T11:50:00-05:00,30.275005,-97.736199,0.0
p_008,4,2026-09-18T12:00:00-05:00,30.27496,-97.736195,0.0
p_008,4,2026-09-18T12:10:00-05:00,30.274885,-97.736205,0.0
p_008,4,2026-09-18T12:20:00-05:00,30.274892,-97.736268,0.0
p_008,4,2026-09-18T12:30:00-05:00,30.274948,-97.736209,0.0
p_008,4,2026-09-18T12:40:00-05:00,30.27493,-97.736199,0.0
p_008,4,2026-09-18T12:50:00-05:00,30.275044,-97.736217,0.0
p_008,4,2026-09-18T13:00:00-05:00,30.27504,-97.736283,0.0
p_008,4,2026-09-18T13:10:00-05:00,30.27498,-97.736232,0.0
p_008,4,2026-09-18T13:20:00-05:00,30.274946,-97.736207,0.0
p_008,4,2026-09-18T13:30:00-05:00,30.274962,-97.736255,0.0
p_008,4,2026-09-18T13:40:00-05:00,30.274961,-97.736223,0.0
p_008,4,2026-09-18T13:50:00-05:00,30.274953,-97.736292,0.0
p_008,4,2026-09-18T14:00:00-05:00,30.274968,-97.73622,0.0
p_008,4,2026-09-18T14:10:00-05:00,30.274958,-97.736215,0.0
p_008,4,2026-09-18T14:20:00-05:00,30.274999,-97.736218,0.0
p_008,4,2026-09-18T14:30:00-05:00,30.277221,-97.734969,0.0
p_008,4,2026-09-18T14:40:00-05:00,30.277234,-97.735018,0.0
p_008,4,2026-09-18T14:50:00-05:00,30.277183,-97.735048,0.0
p_008,4,2026-09-18T15:00:00-05:00,30.277182,-97.735054,0.0
p_008,4,2026-09-18T15:10:00-05:00,30.277158,-97.734937,0.0
p_008,4,2026-09-18T15:20:00-05:00,30.277182,-97.735056,0.0
p_008,4,2026-09-18T15:30:00-05:00,30.277179,-97.734991,0.0
p_008,4,2026-09-18T15:40:00-05:00,30.275576,-97.729696,1.41
p_008,4,2026-09-18T15:50:00-05:00,30.275547,-97.729758,0.0
p_008,4,2026-09-18T16:00:00-05:00,30.275521,-97.729735,0.0
p_008,4,2026-09-18T16:10:00-05:00,30.275495,-97.729727,0.0
p_008,4,2026-09-18T16:20:00-05:00,30.275479,-97.729706,0.0
p_008,4,2026-09-18T16:30:00-05:00,30.275425,-97.729739,0.0
p_008,4,2026-09-18T16:40:00-05:00,30.275477,-97.729721,0.0
p_008,4,2026-09-18T16:50:00-05:00,30.275545,-97.7298,0.0
p_008,4,2026-09-18T17:00:00-05:00,30.275597,-97.729744,0.0
p_008,4,2026-09-18T17:10:00-05:00,30.275574,-97.729777,0.0
p_008,4,2026-09-18T17:20:00-05:00,30.275547,-97.729692,0.0
p_008,4,2026-09-18T17:30:00-05:00,30.275553,-97.729733,0.0
p_008,4,2026-09-18T17:40:00-05:00,30.275521,-97.729739,0.0
p_008,4,2026-09-18T17:50:00-05:00,30.275544,-97.729764,0.0
p_008,4,2026-09-18T18:00:00-05:00,30.275519,-97.7297,0.0
p_008,4,2026-09-18T18:10:00-05:00,30.275467,-97.729695,0.0
p_008,4,2026-09-18T18:20:00-05:00,30.275557,-97.729782,0.0
p_008,4,2026-09-18T18:30:00-05:00,30.275622,-97.729731,0.0
p_008,4,2026-09-18T18:40:00-05:00,30.275516,-97.729772,0.0
p_008,4,2026-09-18T18:50:00-05:00,30.275555,-97.729764,0.0
p_008,4,2026-09-18T19:00:00-05:00,30.275603,-97.729713,0.0
p_008,4,2026-09-18T19:10:00-05:00,30.275499,-97.729755,0.0
p_008,4,2026-09-18T19:20:00-05:00,30.276347,-97.73397,6.69
p_008,4,2026-09-18T19:30:00-05:00,30.278162,-97.74072,0.0
p_008,4,2026-09-18T19:40:00-05:00,30.278112,-97.740841,0.0
p_008,4,2026-09-18T19:50:00-05:00,30.278151,-97.740914,0.0
p_008,4,2026-09-18T20:00:00-05:00,30.278152,-97.740816,0.0
p_008,4,2026-09-18T20:10:00-05:00,30.278167,-97.740892,0.0
p_008,4,2026-09-18T20:20:00-05:00,30.278188,-97.740717,0.0
p_008,4,2026-09-18T20:30:00-05:00,30.27821,-97.740893,0.0
p_008,4,2026-09-18T20:40:00-05:00,30.278207,-97.740806,0.0
p_008,4,2026-09-18T20:50:00-05:00,30.278249,-97.740725,0.0
p_008,4,2026-09-18T21:00:00-05:00,30.278169,-97.740875,0.0
p_008,4,2026-09-18T21:10:00-05:00,30.278148,-97.740913,0.0
p_008,4,2026-09-18T21:20:00-05:00,30.278122,-97.740951,0.0
p_008,4,2026-09-18T21:30:00-05:00,30.278221,-97.740824,0.0
p_008,4,2026-09-18T21:40:00-05:00,30.278212,-97.740818,0.0
p_008,4,2026-09-18T21:50:00-05:00,30.265383,-97.74635,0.0
p_008,4,2026-09-18T22:00:00-05:00,30.265356,-97.746329,0.0
p_008,4,2026-09-18T22:10:00-05:00,30.265286,-97.746351,0.0
p_008,4,2026-09-18T22:20:00-05:00,30.26532,-97.746258,0.0
p_008,4,2026-09-18T22:30:00-05:00,30.265273,-97.746353,0.0
p_008,4,2026-09-18T22:40:00-05:00,30.265371,-97.746333,0.0
p_008,4,2026-09-18T22:50:00-05:00,30.265311,-97.746232,0.0
p_008,4,2026-09-18T23:00:00-05:00,30.265307,-97.746321,0.0
p_008,4,2026-09-18T23:10:00-05:00,30.265319,-97.746324,0.0
p_008,4,2026-09-18T23:20:00-05:00,30.265305,-97.746291,0.0
p_008,4,2026-09-18T23:30:00-05:00,30.265305,-97.746287,0.0
p_008,4,2026-09-18T23:40:00-05:00,30.265383,-97.746244,0.0
p_008,4,2026-09-18T23:50:00-05:00,30.265353,-97.74628,0.0
p_008,4,2026-09-19T00:00:00-05:00,30.265307,-97.746323,0.0
p_008,4,2026-09-19T00:10:00-05:00,30.265361,-97.746278,0.0
p_008,4,2026-09-19T00:20:00-05:00,30.265312,-97.74643,0.0
p_008,4,2026-09-19T00:30:00-05:00,30.265317,-97.746328,0.0
p_008,4,2026-09-19T00:40:00-05:00,30.265349,-97.746236,0.0
p_008,4,2026-09-19T00:50:00-05:00,30.265306,-97.746333,0.0
p_008,4,2026-09-19T01:00:00-05:00,30.265418,-97.746392,0.0
p_008,4,2026-09-19T01:10:00-05:00,30.265372,-97.746272,0.0
p_008,4,2026-09-19T01:20:00-05:00,30.265248,-97.746295,0.0
p_008,4,2026-09-19T01:30:00-05:00,30.265392,-97.746219,0.0
p_008,4,2026-09-19T01:40:00-05:00,30.265271,-97.746339,0.0
p_008,4,2026-09-19T01:50:00-05:00,30.265327,-97.746377,0.0
p_008,4,2026-09-19T02:00:00-05:00,30.265354,-97.746382,0.0
p_008,4,2026-09-19T02:10:00-05:00,30.265407,-97.74632,0.0
p_008,4,2026-09-19T02:20:00-05:00,30.265307,-97.746291,0.0
p_008,4,2026-09-19T02:30:00-05:00,30.265286,-97.746277,0.0
p_008,4,2026-09-19T02:40:00-05:00,30.265289,-97.746298,0.0
p_008,4,2026-09-19T02:50:00-05:00,30.26534,-97.746264,0.0
p_009,0,2026-09-14T00:00:00-05:00,30.25371,-97.760241,0.0
p_009,0,2026-09-14T00:10:00-05:00,30.253772,-97.760351,0.0
p_009,0,2026-09-14T00:20:00-05:00,30.253706,-97.760314,0.0
p_009,0,2026-09-14T00:30:00-05:00,30.253759,-97.760238,0.0
p_009,0,2026-09-14T00:40:00-05:00,30.253818,-97.760269,0.0
p_009,0,2026-09-14T00:50:00-05:00,30.253775,-97.760277,0.0
p_009,0,2026-09-14T01:00:00-05:00,30.253782,-97.760301,0.0
p_009,0,2026-09-14T01:10:00-05:00,30.253739,-97.760311,0.0
p_009,0,2026-09-14T01:20:00-05:00,30.253751,-97.76033,0.0
p_009,0,2026-09-14T01:30:00-05:00,30.253776,-97.760275,0.0
p_009,0,2026-09-14T01:40:00-05:00,30.253735,-97.760188,0.0
p_009,0,2026-09-14T01:50:00-05:00,30.25376,-97.760259,0.0
p_009,0,2026-09-14T02:00:00-05:00,30.25379,-97.760347,0.0
p_009,0,2026-09-14T02:10:00-05:00,30.253756,-97.760271,0.0
p_009,0,2026-09-14T02:20:00-05:00,30.25375,-97.760272,0.0
p_009,0,2026-09-14T02:30:00-05:00,30.253682,-97.760241,0.0
p_009,0,2026-09-14T02:40:00-05:00,30.253786,-97.760281,0.0
p_009,0,2026-09-14T02:50:00-05:00,30.253746,-97.760346,0.0
p_009,0,2026-09-14T03:00:00-05:00,30.253784,-97.760224,0.0
p_009,0,2026-09-14T03:10:00-05:00,30.253729,-97.760276,0.0
p_009,0,2026-09-14T03:20:00-05:00,30.253792,-97.760321,0.0
p_009,0,2026-09-14T03:30:00-05:00,30.253762,-97.760361,0.0
p_009,0,2026-09-14T03:40:00-05:00,30.253767,-97.760265,0.0
p_009,0,2026-09-14T03:50:00-05:00,30.253726,-97.760283,0.0
p_009,0,2026-09-14T04:00:00-05:00,30.253772,-97.760291,0.0
p_009,0,2026-09-14T04:10:00-05:00,30.253784,-97.760301,0.0
p_009,0,2026-09-14T04:20:00-05:00,30.253702,-97.760245,0.0
p_009,0,2026-09-14T04:30:00-05:00,30.253784,-97.760272,0.0
p_009,0,2026-09-14T04:40:00-05:00,30.253784,-97.760245,0.0
p_009,0,2026-09-14T04:50:00-05:00,30.253718,-97.760355,0.0
p_009,0,2026-09-14T05:00:00-05:00,30.253735,-97.760313,0.0
p_009,0,2026-09-14T05:10:00-05:00,30.253836,-97.760314,0.0
p_009,0,2026-09-14T05:20:00-05:00,30.253756,-97.760303,0.0
p_009,0,2026-09-14T05:30:00-05:00,30.253789,-97.760259,0.0
p_009,0,2026-09-14T05:40:00-05:00,30.253795,-97.760227,0.0
p_009,0,2026-09-14T05:50:00-05:00,30.253732,-97.760226,0.0
p_009,0,2026-09-14T06:00:00-05:00,30.253708,-97.760306,0.0
p_009,0,2026-09-14T06:10:00-05:00,30.25374,-97.760308,0.0
p_009,0,2026-09-14T06:20:00-05:00,30.253784,-97.760243,0.0
p_009,0,2026-09-14T06:30:00-05:00,30.253686,-97.760282,0.0
p_009,0,2026-09-14T06:40:00-05:00,30.253797,-97.760216,0.0
p_009,0,2026-09-14T06:50:00-05:00,30.253729,-97.760258,0.0
p_009,0,2026-09-14T07:00:00-05:00,30.253761,-97.760229,0.0
p_009,0,2026-09-14T07:10:00-05:00,30.253759,-97.760257,0.0
p_009,0,2026-09-14T07:20:00-05:00,30.253745,-97.760184,0.0
p_009,0,2026-09-14T07:30:00-05:00,30.25373,-97.760296,0.0
p_009,0,2026-09-14T07:40:00-05:00,30.25376,-97.760283,0.0
p_009,0,2026-09-14T07:50:00-05:00,30.253741,-97.760203,0.0
p_009,0,2026-09-14T08:00:00-05:00,30.253749,-97.760323,0.0
p_009,0,2026-09-14T08:10:00-05:00,30.253759,-97.760355,0.0
p_009,0,2026-09-14T08:20:00-05:00,30.253784,-97.760337,0.0
p_009,0,2026-09-14T08:30:00-05:00,30.253741,-97.760268,0.0
p_009,0,2026-09-14T08:40:00-05:00,30.253721,-97.760317,0.0
p_009,0,2026-09-14T08:50:00-05:00,30.253776,-97.760264,0.0
p_009,0,2026-09-14T09:00:00-05:00,30.253792,-97.760245,0.0
p_009,0,2026-09-14T09:10:00-05:00,30.262217,-97.755243,0.0
p_009,0,2026-09-14T09:20:00-05:00,30.262175,-97.755312,0.0
p_009,0,2026-09-14T09:30:00-05:00,30.262081,-97.755411,0.0
p_009,0,2026-09-14T09:40:00-05:00,30.262203,-97.755308,0.0
p_009,0,2026-09-14T09:50:00-05:00,30.262137,-97.755379,0.0
p_009,0,2026-09-14T10:00:00-05:00,30.262084,-97.755403,0.0
p_009,0,2026-09-14T10:10:00-05:00,30.262183,-97.75528,0.0
p_009,0,2026-09-14T10:20:00-05:00,30.262134,-97.75531,0.0
p_009,0,2026-09-14T10:30:00-05:00,30.262164,-97.755384,0.0
p_009,0,2026-09-14T10:40:00-05:00,30.2621,-97.755234,0.0
p_009,0,2026-09-14T10:50:00-05:00,30.262106,-97.755319,0.0
p_009,0,2026-09-14T11:00:00-05:00,30.26217,-97.755297,0.0
p_009,0,2026-09-14T11:10:00-05:00,30.262149,-97.755285,0.0
p_009,0,2026-09-14T11:20:00-05:00,30.262068,-97.755305,0.0
p_009,0,2026-09-14T11:30:00-05:00,30.262107,-97.755341,0.0
p_009,0,2026-09-14T11:40:00-05:00,30.262117,-97.755289,0.0
p_009,0,2026-09-14T11:50:00-05:00,30.262081,-97.755323,0.0
p_009,0,2026-09-14T12:00:00-05:00,30.262191,-97.75538,0.0
p_009,0,2026-09-14T12:10:00-05:00,30.262508,-97.75469,1.12
p_009,0,2026-09-14T12:20:00-05:00,30.266012,-97.749895,0.0
p_009,0,2026-09-14T12:30:00-05:00,30.265981,-97.74989,0.0
p_009,0,2026-09-14T12:40:00-05:00,30.26598,-97.749884,0.0
p_009,0,2026-09-14T12:50:00-05:00,30.265962,-97.749909,0.0
p_009,0,2026-09-14T13:00:00-05:00,30.266041,-97.749867,0.0
p_009,0,2026-09-14T13:10:00-05:00,30.266008,-97.75005,0.0
p_009,0,2026-09-14T13:20:00-05:00,30.266008,-97.7499,0.0
p_009,0,2026-09-14T13:30:00-05:00,30.266025,-97.749857,0.0
p_009,0,2026-09-14T13:40:00-05:00,30.266001,-97.749918,0.0
p_009,0,2026-09-14T13:50:00-05:00,30.266034,-97.749942,0.0
p_009,0,2026-09-14T14:00:00-05:00,30.266008,-97.749893,0.0
p_009,0,2026-09-14T14:10:00-05:00,30.265964,-97.749947,0.0
p_009,0,2026-09-14T14:20:00-05:00,30.265995,-97.749905,0.0
p_009,0,2026-09-14T14:30:00-05:00,30.266013,-97.749862,0.0
p_009,0,2026-09-14T14:40:00-05:00,30.266005,-97.749867,0.0
p_009,0,2026-09-14T14:50:00-05:00,30.266011,-97.749872,0.0
p_009,0,2026-09-14T15:00:00-05:00,30.265995,-97.749965,0.0
p_009,0,2026-09-14T15:10:00-05:00,30.266041,-97.749937,0.0
p_009,0,2026-09-14T15:20:00-05:00,30.265952,-97.749838,0.0
p_009,0,2026-09-14T15:30:00-05:00,30.266005,-97.749833,0.0
p_009,0,2026-09-14T15:40:00-05:00,30.265953,-97.749948,0.0
p_009,0,2026-09-14T15:50:00-05:00,30.265977,-97.749907,0.0
p_009,0,2026-09-14T16:00:00-05:00,30.26593,-97.749874,0.0
p_009,0,2026-09-14T16:10:00-05:00,30.26605,-97.749849,0.0
p_009,0,2026-09-14T16:20:00-05:00,30.266009,-97.749963,0.0
p_009,0,2026-09-14T16:30:00-05:00,30.265938,-97.749913,0.0
p_009,0,2026-09-14T16:40:00-05:00,30.265991,-97.749866,0.0
p_009,0,2026-09-14T16:50:00-05:00,30.265977,-97.749816,0.0
p_009,0,2026-09-14T17:00:00-05:00,30.265984,-97.749902,0.0
p_009,0,2026-09-14T17:10:00-05:00,30.265978,-97.749909,0.0
p_009,0,2026-09-14T17:20:00-05:00,30.265969,-97.749856,0.0
p_009,0,2026-09-14T17:30:00-05:00,30.265945,-97.749972,0.0
p_009,0,2026-09-14T17:40:00-05:00,30.265968,-97.749858,0.0
p_009,0,2026-09-14T17:50:00-05:00,30.265919,-97.749924,0.0
p_009,0,2026-09-14T18:00:00-05:00,30.266007,-97.749891,0.0
p_009,0,2026-09-14T18:10:00-05:00,30.266,-97.749896,0.0
p_009,0,2026-09-14T18:20:00-05:00,30.253784,-97.760264,0.0
p_009,0,2026-09-14T18:30:00-05:00,30.253779,-97.760259,0.0
p_009,0,2026-09-14T18:40:00-05:00,30.253727,-97.76028,0.0
p_009,0,2026-09-14T18:50:00-05:00,30.253759,-97.760304,0.0
p_009,0,2026-09-14T19:00:00-05:00,30.253703,-97.76025,0.0
p_009,0,2026-09-14T19:10:00-05:00,30.253857,-97.760217,0.0
p_009,0,2026-09-14T19:20:00-05:00,30.253723,-97.760291,0.0
p_009,0,2026-09-14T19:30:00-05:00,30.253765,-97.760232,0.0
p_009,0,2026-09-14T19:40:00-05:00,30.253775,-97.760292,0.0
p_009,0,2026-09-14T19:50:00-05:00,30.253742,-97.76037,0.0
p_009,0,2026-09-14T20:00:00-05:00,30.253766,-97.760219,0.0
p_009,0,2026-09-14T20:10:00-05:00,30.253735,-97.760288,0.0
p_009,0,2026-09-14T20:20:00-05:00,30.253732,-97.760217,0.0
p_009,0,2026-09-14T20:30:00-05:00,30.253757,-97.760378,0.0
p_009,0,2026-09-14T20:40:00-05:00,30.253736,-97.760342,0.0
p_009,0,2026-09-14T20:50:00-05:00,30.253764,-97.760337,0.0
p_009,0,2026-09-14T21:00:00-05:00,30.253769,-97.760194,0.0
p_009,0,2026-09-14T21:10:00-05:00,30.253739,-97.76027,0.0
p_009,0,2026-09-14T21:20:00-05:00,30.253785,-97.760243,0.0
p_009,0,2026-09-14T21:30:00-05:00,30.253783,-97.760296,0.0
p_009,0,2026-09-14T21:40:00-05:00,30.253716,-97.760296,0.0
p_009,0,2026-09-14T21:50:00-05:00,30.253728,-97.760272,0.0
p_009,0,2026-09-14T22:00:00-05:00,30.253817,-97.760265,0.0
p_009,0,2026-09-14T22:10:00-05:00,30.253759,-97.760277,0.0
p_009,0,2026-09-14T22:20:00-05:00,30.253789,-97.760305,0.0
p_009,0,2026-09-14T22:30:00-05:00,30.253814,-97.760342,0.0
p_009,0,2026-09-14T22:40:00-05:00,30.253731,-97.760301,0.0
p_009,0,2026-09-14T22:50:00-05:00,30.253707,-97.760273,0.0
p_009,0,2026-09-14T23:00:00-05:00,30.253763,-97.760176,0.0
p_009,0,2026-09-14T23:10:00-05:00,30.253795,-97.760256,0.0
p_009,0,2026-09-14T23:20:00-05:00,30.253705,-97.760315,0.0
p_009,0,2026-09-14T23:30:00-05:00,30.253833,-97.760324,0.0
p_009,0,2026-09-14T23:40:00-05:00,30.253702,-97.760344,0.0
p_009,0,2026-09-14T23:50:00-05:00,30.253676,-97.760252,0.0
p_009,0,2026-09-15T00:00:00-05:00,30.253829,-97.760279,0.0
p_009,0,2026-09-15T00:10:00-05:00,30.25367,-97.760309,0.0
p_009,0,2026-09-15T00:20:00-05:00,30.253726,-97.760325,0.0
p_009,0,2026-09-15T00:30:00-05:00,30.253746,-97.760299,0.0
p_009,0,2026-09-15T00:40:00-05:00,30.253854,-97.760253,0.0
p_009,0,2026-09-15T00:50:00-05:00,30.253804,-97.760259,0.0
p_009,0,2026-09-15T01:00:00-05:00,30.253772,-97.76027,0.0
p_009,0,2026-09-15T01:10:00-05:00,30.253776,-97.760245,0.0
p_009,0,2026-09-15T01:20:00-05:00,30.253778,-97.760208,0.0
p_009,0,2026-09-15T01:30:00-05:00,30.253766,-97.760293,0.0
p_009,0,2026-09-15T01:40:00-05:00,30.253724,-97.760379,0.0
p_009,0,2026-09-15T01:50:00-05:00,30.25376,-97.760308,0.0
p_009,0,2026-09-15T02:00:00-05:00,30.253732,-97.760303,0.0
p_009,0,2026-09-15T02:10:00-05:00,30.253719,-97.760209,0.0
p_009,0,2026-09-15T02:20:00-05:00,30.253836,-97.760232,0.0
p_009,0,2026-09-15T02:30:00-05:00,30.253828,-97.760253,0.0
p_009,0,2026-09-15T02:40:00-05:00,30.253764,-97.760243,0.0
p_009,0,2026-09-15T02:50:00-05:00,30.253793,-97.760258,0.0
p_009,1,2026-09-15T00:00:00-05:00,30.25377,-97.760248,0.0
p_009,1,2026-09-15T00:10:00-05:00,30.253771,-97.760327,0.0
p_009,1,2026-09-15T00:20:00-05:00,30.253682,-97.760265,0.0
p_009,1,2026-09-15T00:30:00-05:00,30.253762,-97.76028,0.0
p_009,1,2026-09-15T00:40:00-05:00,30.253732,-97.76027,0.0
p_009,1,2026-09-15T00:50:00-05:00,30.253791,-97.760277,0.0
p_009,1,2026-09-15T01:00:00-05:00,30.25371,-97.760256,0.0
p_009,1,2026-09-15T01:10:00-05:00,30.253768,-97.760202,0.0
p_009,1,2026-09-15T01:20:00-05:00,30.253758,-97.760286,0.0
p_009,1,2026-09-15T01:30:00-05:00,30.25378,-97.760292,0.0
p_009,1,2026-09-15T01:40:00-05:00,30.253821,-97.760286,0.0
p_009,1,2026-09-15T01:50:00-05:00,30.253726,-97.760252,0.0
p_009,1,2026-09-15T02:00:00-05:00,30.25375,-97.760217,0.0
p_009,1,2026-09-15T02:10:00-05:00,30.253743,-97.76026,0.0
p_009,1,2026-09-15T02:20:00-05:00,30.253727,-97.760352,0.0
p_009,1,2026-09-15T02:30:00-05:00,30.253786,-97.760244,0.0
p_009,1,2026-09-15T02:40:00-05:00,30.25374,-97.760217,0.0
p_009,1,2026-09-15T02:50:00-05:00,30.25373,-97.760234,0.0
p_009,1,2026-09-15T03:00:00-05:00,30.253778,-97.760248,0.0
p_009,1,2026-09-15T03:10:00-05:00,30.253735,-97.760273,0.0
p_009,1,2026-09-15T03:20:00-05:00,30.253699,-97.760211,0.0
p_009,1,2026-09-15T03:30:00-05:00,30.253797,-97.760257,0.0
p_009,1,2026-09-15T03:40:00-05:00,30.253727,-97.760277,0.0
p_009,1,2026-09-15T03:50:00-05:00,30.25378,-97.760327,0.0
p_009,1,2026-09-15T04:00:00-05:00,30.253773,-97.760258,0.0
p_009,1,2026-09-15T04:10:00-05:00,30.253788,-97.760304,0.0
p_009,1,2026-09-15T04:20:00-05:00,30.253724,-97.760279,0.0
p_009,1,2026-09-15T04:30:00-05:00,30.25372,-97.760251,0.0
p_009,1,2026-09-15T04:40:00-05:00,30.253733,-97.760305,0.0
p_009,1,2026-09-15T04:50:00-05:00,30.253723,-97.760355,0.0
p_009,1,2026-09-15T05:00:00-05:00,30.253735,-97.760369,0.0
p_009,1,2026-09-15T05:10:00-05:00,30.253751,-97.760285,0.0
p_009,1,2026-09-15T05:20:00-05:00,30.253741,-97.760247,0.0
p_009,1,2026-09-15T05:30:00-05:00,30.253799,-97.760242,0.0
p_009,1,2026-09-15T05:40:00-05:00,30.253693,-97.760318,0.0
p_009,1,2026-09-15T05:50:00-05:00,30.253754,-97.760271,0.0
p_009,1,2026-09-15T06:00:00-05:00,30.253753,-97.760357,0.0
p_009,1,2026-09-15T06:10:00-05:00,30.253687,-97.760261,0.0
p_009,1,2026-09-15T06:20:00-05:00,30.253843,-97.760274,0.0
p_009,1,2026-09-15T06:30:00-05:00,30.253738,-97.760254,0.0
p_009,1,2026-09-15T06:40:00-05:00,30.253781,-97.760383,0.0
p_009,1,2026-09-15T06:50:00-05:00,30.253721,-97.760198,0.0
p_009,1,2026-09-15T07:00:00-05:00,30.253775,-97.760305,0.0
p_009,1,2026-09-15T07:10:00-05:00,30.253723,-97.760235,0.0
p_009,1,2026-09-15T07:20:00-05:00,30.253724,-97.760324,0.0
p_009,1,2026-09-15T07:30:00-05:00,30.25376,-97.760279,0.0
p_009,1,2026-09-15T07:40:00-05:00,30.253772,-97.760286,0.0
p_009,1,2026-09-15T07:50:00-05:00,30.253755,-97.760249,0.0
p_009,1,2026-09-15T08:00:00-05:00,30.253812,-97.760307,0.0
p_009,1,2026-09-15T08:10:00-05:00,30.253804,-97.760299,0.0
p_009,1,2026-09-15T08:20:00-05:00,30.253777,-97.760306,0.0
p_009,1,2026-09-15T08:30:00-05:00,30.253764,-97.760337,0.0
p_009,1,2026-09-15T08:40:00-05:00,30.253719,-97.760268,0.0
p_009,1,2026-09-15T08:50:00-05:00,30.253746,-97.760293,0.0
p_009,1,2026-09-15T09:00:00-05:00,30.253743,-97.760309,0.0
p_009,1,2026-09-15T09:10:00-05:00,30.262152,-97.755298,0.0
p_009,1,2026-09-15T09:20:00-05:00,30.262174,-97.755261,0.0
p_009,1,2026-09-15T09:30:00-05:00,30.262087,-97.755266,0.0
p_009,1,2026-09-15T09:40:00-05:00,30.262186,-97.755328,0.0
p_009,1,2026-09-15T09:50:00-05:00,30.262152,-97.755315,0.0
p_009,1,2026-09-15T10:00:00-05:00,30.262176,-97.755231,0.0
p_009,1,2026-09-15T10:10:00-05:00,30.262139,-97.75541,0.0
p_009,1,2026-09-15T10:20:00-05:00,30.262128,-97.755354,0.0
p_009,1,2026-09-15T10:30:00-05:00,30.2621,-97.755323,0.0
p_009,1,2026-09-15T10:40:00-05:00,30.262117,-97.755272,0.0
p_009,1,2026-09-15T10:50:00-05:00,30.262084,-97.755383,0.0
p_009,1,2026-09-15T11:00:00-05:00,30.262122,-97.755325,0.0
p_009,1,2026-09-15T11:10:00-05:00,30.262162,-97.755246,0.0
p_009,1,2026-09-15T11:20:00-05:00,30.262122,-97.755237,0.0
p_009,1,2026-09-15T11:30:00-05:00,30.262064,-97.755384,0.0
p_009,1,2026-09-15T11:40:00-05:00,30.264801,-97.751698,1.32
p_009,1,2026-09-15T11:50:00-05:00,30.266058,-97.749892,0.0
p_009,1,2026-09-15T12:00:00-05:00,30.265986,-97.749751,0.0
p_009,1,2026-09-15T12:10:00-05:00,30.265966,-97.749888,0.0
p_009,1,2026-09-15T12:20:00-05:00,30.266029,-97.749864,0.0
p_009,1,2026-09-15T12:30:00-05:00,30.265959,-97.749832,0.0
p_009,1,2026-09-15T12:40:00-05:00,30.266078,-97.749906,0.0
p_009,1,2026-09-15T12:50:00-05:00,30.265988,-97.749914,0.0
p_009,1,2026-09-15T13:00:00-05:00,30.266068,-97.749936,0.0
p_009,1,2026-09-15T13:10:00-05:00,30.26597,-97.749942,0.0
p_009,1,2026-09-15T13:20:00-05:00,30.26604,-97.749819,0.0
p_009,1,2026-09-15T13:30:00-05:00,30.266025,-97.750018,0.0
p_009,1,2026-09-15T13:40:00-05:00,30.265966,-97.749877,0.0
p_009,1,2026-09-15T13:50:00-05:00,30.266006,-97.749825,0.0
p_009,1,2026-09-15T14:00:00-05:00,30.266012,-97.749902,0.0
p_009,1,2026-09-15T14:10:00-05:00,30.265929,-97.749928,0.0
p_009,1,2026-09-15T14:20:00-05:00,30.265986,-97.749953,0.0
p_009,1,2026-09-15T14:30:00-05:00,30.266013,-97.749867,0.0
p_009,1,2026-09-15T14:40:00-05:00,30.265987,-97.749844,0.0
p_009,1,2026-09-15T14:50:00-05:00,30.265938,-97.749874,0.0
p_009,1,2026-09-15T15:00:00-05:00,30.266007,-97.749879,0.0
p_009,1,2026-09-15T15:10:00-05:00,30.265994,-97.749884,0.0
p_009,1,2026-09-15T15:20:00-05:00,30.266038,-97.749894,0.0
p_009,1,2026-09-15T15:30:00-05:00,30.265992,-97.749931,0.0
p_009,1,2026-09-15T15:40:00-05:00,30.265986,-97.749859,0.0
p_009,1,2026-09-15T15:50:00-05:00,30.26599,-97.749949,0.0
p_009,1,2026-09-15T16:00:00-05:00,30.266012,-97.749852,0.0
p_009,1,2026-09-15T16:10:00-05:00,30.266036,-97.74983,0.0
p_009,1,2026-09-15T16:20:00-05:00,30.266008,-97.749858,0.0
p_009,1,2026-09-15T16:30:00-05:00,30.266062,-97.749895,0.0
p_009,1,2026-09-15T16:40:00-05:00,30.266069,-97.749905,0.0
p_009,1,2026-09-15T16:50:00-05:00,30.266024,-97.749859,0.0
p_009,1,2026-09-15T17:00:00-05:00,30.266021,-97.749874,0.0
p_009,1,2026-09-15T17:10:00-05:00,30.26599,-97.749882,0.0
p_009,1,2026-09-15T17:20:00-05:00,30.266009,-97.749813,0.0
p_009,1,2026-09-15T17:30:00-05:00,30.266061,-97.749943,0.0
p_009,1,2026-09-15T17:40:00-05:00,30.266,-97.749841,0.0
p_009,1,2026-09-15T17:50:00-05:00,30.265936,-97.749916,0.0
p_009,1,2026-09-15T18:00:00-05:00,30.266059,-97.749937,0.0
p_009,1,2026-09-15T18:10:00-05:00,30.266025,-97.749851,0.0
p_009,1,2026-09-15T18:20:00-05:00,30.265982,-97.749835,0.0
p_009,1,2026-09-15T18:30:00-05:00,30.257428,-97.756791,4.6
p_009,1,2026-09-15T18:40:00-05:00,30.253681,-97.760204,0.0
p_009,1,2026-09-15T18:50:00-05:00,30.253754,-97.76027,0.0
p_009,1,2026-09-15T19:00:00-05:00,30.253768,-97.7602,0.0
p_009,1,2026-09-15T19:10:00-05:00,30.25372,-97.760212,0.0
p_009,1,2026-09-15T19:20:00-05:00,30.253715,-97.760388,0.0
p_009,1,2026-09-15T19:30:00-05:00,30.253768,-97.76031,0.0
p_009,1,2026-09-15T19:40:00-05:00,30.253772,-97.760239,0.0
p_009,1,2026-09-15T19:50:00-05:00,30.253842,-97.760258,0.0
p_009,1,2026-09-15T20:00:00-05:00,30.253826,-97.760324,0.0
p_009,1,2026-09-15T20:10:00-05:00,30.253659,-97.760336,0.0
p_009,1,2026-09-15T20:20:00-05:00,30.253717,-97.760326,0.0
p_009,1,2026-09-15T20:30:00-05:00,30.253804,-97.760373,0.0
p_009,1,2026-09-15T20:40:00-05:00,30.253672,-97.760425,0.0
p_009,1,2026-09-15T20:50:00-05:00,30.253727,-97.760285,0.0
p_009,1,2026-09-15T21:00:00-05:00,30.253789,-97.760388,0.0
p_009,1,2026-09-15T21:10:00-05:00,30.253708,-97.760359,0.0
p_009,1,2026-09-15T21:20:00-05:00,30.253791,-97.760337,0.0
p_009,1,2026-09-15T21:30:00-05:00,30.253813,-97.760365,0.0
p_009,1,2026-09-15T21:40:00-05:00,30.253687,-97.760249,0.0
p_009,1,2026-09-15T21:50:00-05:00,30.253795,-97.760315,0.0
p_009,1,2026-09-15T22:00:00-05:00,30.2538,-97.760294,0.0
p_009,1,2026-09-15T22:10:00-05:00,30.253758,-97.760213,0.0
p_009,1,2026-09-15T22:20:00-05:00,30.253777,-97.760353,0.0
p_009,1,2026-09-15T22:30:00-05:00,30.25373,-97.760293,0.0
p_009,1,2026-09-15T22:40:00-05:00,30.253733,-97.760237,0.0
p_009,1,2026-09-15T22:50:00-05:00,30.253774,-97.760456,0.0
p_009,1,2026-09-15T23:00:00-05:00,30.253793,-97.760228,0.0
p_009,1,2026-09-15T23:10:00-05:00,30.253722,-97.760222,0.0
p_009,1,2026-09-15T23:20:00-05:00,30.253757,-97.760279,0.0
p_009,1,2026-09-15T23:30:00-05:00,30.253647,-97.760319,0.0
p_009,1,2026-09-15T23:40:00-05:00,30.253815,-97.760225,0.0
p_009,1,2026-09-15T23:50:00-05:00,30.253737,-97.760233,0.0
p_009,1,2026-09-16T00:00:00-05:00,30.253769,-97.76026,0.0
p_009,1,2026-09-16T00:10:00-05:00,30.253665,-97.760231,0.0
p_009,1,2026-09-16T00:20:00-05:00,30.253711,-97.760273,0.0
p_009,1,2026-09-16T00:30:00-05:00,30.253794,-97.760319,0.0
p_009,1,2026-09-16T00:40:00-05:00,30.253764,-97.760287,0.0
p_009,1,2026-09-16T00:50:00-05:00,30.253721,-97.76029,0.0
p_009,1,2026-09-16T01:00:00-05:00,30.253795,-97.760225,0.0
p_009,1,2026-09-16T01:10:00-05:00,30.253786,-97.760441,0.0
p_009,1,2026-09-16T01:20:00-05:00,30.253746,-97.76032,0.0
p_009,1,2026-09-16T01:30:00-05:00,30.253773,-97.760264,0.0
p_009,1,2026-09-16T01:40:00-05:00,30.253752,-97.760272,0.0
p_009,1,2026-09-16T01:50:00-05:00,30.253728,-97.76031,0.0
p_009,1,2026-09-16T02:00:00-05:00,30.25376,-97.760332,0.0
p_009,1,2026-09-16T02:10:00-05:00,30.253692,-97.760236,0.0
p_009,1,2026-09-16T02:20:00-05:00,30.25369,-97.76021,0.0
p_009,1,2026-09-16T02:30:00-05:00,30.253755,-97.760172,0.0
p_009,1,2026-09-16T02:40:00-05:00,30.25373,-97.760371,0.0
p_009,1,2026-09-16T02:50:00-05:00,30.253679,-97.760243,0.0
p_009,2,2026-09-16T00:00:00-05:00,30.253724,-97.760295,0.0
p_009,2,2026-09-16T00:10:00-05:00,30.253721,-97.760233,0.0
p_009,2,2026-09-16T00:20:00-05:00,30.253762,-97.760243,0.0
p_009,2,2026-09-16T00:30:00-05:00,30.253701,-97.760254,0.0
p_009,2,2026-09-16T00:40:00-05:00,30.253768,-97.760316,0.0
p_009,2,2026-09-16T00:50:00-05:00,30.253736,-97.760258,0.0
p_009,2,2026-09-16T01:00:00-05:00,30.253698,-97.760322,0.0
p_009,2,2026-09-16T01:10:00-05:00,30.253737,-97.760348,0.0
p_009,2,2026-09-16T01:20:00-05:00,30.253713,-97.760354,0.0
p_009,2,2026-09-16T01:30:00-05:00,30.253744,-97.760298,0.0
p_009,2,2026-09-16T01:40:00-05:00,30.253788,-97.760262,0.0
p_009,2,2026-09-16T01:50:00-05:00,30.253692,-97.760304,0.0
p_009,2,2026-09-16T02:00:00-05:00,30.253787,-97.760213,0.0
p_009,2,2026-09-16T02:10:00-05:00,30.253797,-97.760267,0.0
p_009,2,2026-09-16T02:20:00-05:00,30.253776,-97.760317,0.0
p_009,2,2026-09-16T02:30:00-05:00,30.253725,-97.760314,0.0
p_009,2,2026-09-16T02:40:00-05:00,30.25371,-97.760334,0.0
p_009,2,2026-09-16T02:50:00-05:00,30.253821,-97.760268,0.0
p_009,2,2026-09-16T03:00:00-05:00,30.25376,-97.760242,0.0
p_009,2,2026-09-16T03:10:00-05:00,30.253764,-97.760332,0.0
p_009,2,2026-09-16T03:20:00-05:00,30.253803,-97.760251,0.0
p_009,2,2026-09-16T03:30:00-05:00,30.253722,-97.76031,0.0
p_009,2,2026-09-16T03:40:00-05:00,30.253719,-97.760289,0.0
p_009,2,2026-09-16T03:50:00-05:00,30.253714,-97.760242,0.0
p_009,2,2026-09-16T04:00:00-05:00,30.253738,-97.760238,0.0
p_009,2,2026-09-16T04:10:00-05:00,30.253785,-97.760261,0.0
p_009,2,2026-09-16T04:20:00-05:00,30.253694,-97.760271,0.0
p_009,2,2026-09-16T04:30:00-05:00,30.253688,-97.760209,0.0
p_009,2,2026-09-16T04:40:00-05:00,30.253777,-97.760315,0.0
p_009,2,2026-09-16T04:50:00-05:00,30.253709,-97.760253,0.0
p_009,2,2026-09-16T05:00:00-05:00,30.2537,-97.760343,0.0
p_009,2,2026-09-16T05:10:00-05:00,30.253785,-97.760301,0.0
p_009,2,2026-09-16T05:20:00-05:00,30.253739,-97.760254,0.0
p_009,2,2026-09-16T05:30:00-05:00,30.253745,-97.76031,0.0
p_009,2,2026-09-16T05:40:00-05:00,30.253742,-97.760325,0.0
p_009,2,2026-09-16T05:50:00-05:00,30.253824,-97.760224,0.0
p_009,2,2026-09-16T06:00:00-05:00,30.253778,-97.760195,0.0
p_009,2,2026-09-16T06:10:00-05:00,30.253755,-97.760264,0.0
p_009,2,2026-09-16T06:20:00-05:00,30.253763,-97.760314,0.0
p_009,2,2026-09-16T06:30:00-05:00,30.25377,-97.760248,0.0
p_009,2,2026-09-16T06:40:00-05:00,30.253755,-97.760251,0.0
p_009,2,2026-09-16T06:50:00-05:00,30.253762,-97.760304,0.0
p_009,2,2026-09-16T07:00:00-05:00,30.253751,-97.760325,0.0
p_009,2,2026-09-16T07:10:00-05:00,30.253854,-97.760194,0.0
p_009,2,2026-09-16T07:20:00-05:00,30.253766,-97.76032,0.0
p_009,2,2026-09-16T07:30:00-05:00,30.253749,-97.760251,0.0
p_009,2,2026-09-16T07:40:00-05:00,30.253753,-97.760284,0.0
p_009,2,2026-09-16T07:50:00-05:00,30.25377,-97.760348,0.0
p_009,2,2026-09-16T08:00:00-05:00,30.253714,-97.760326,0.0
p_009,2,2026-09-16T08:10:00-05:00,30.253798,-97.76026,0.0
p_009,2,2026-09-16T08:20:00-05:00,30.253784,-97.760267,0.0
p_009,2,2026-09-16T08:30:00-05:00,30.253752,-97.760317,0.0
p_009,2,2026-09-16T08:40:00-05:00,30.253764,-97.760289,0.0
p_009,2,2026-09-16T08:50:00-05:00,30.253703,-97.760281,0.0
p_009,2,2026-09-16T09:00:00-05:00,30.26233,-97.754755,0.0
p_009,2,2026-09-16T09:10:00-05:00,30.26229,-97.754738,0.0
p_009,2,2026-09-16T09:20:00-05:00,30.262277,-97.754714,0.0
p_009,2,2026-09-16T09:30:00-05:00,30.262228,-97.754806,0.0
p_009,2,2026-09-16T09:40:00-05:00,30.26229,-97.754805,0.0
p_009,2,2026-09-16T09:50:00-05:00,30.262277,-97.754794,0.0
p_009,2,2026-09-16T10:00:00-05:00,30.262306,-97.754769,0.0
p_009,2,2026-09-16T10:10:00-05:00,30.262319,-97.754791,0.0
p_009,2,2026-09-16T10:20:00-05:00,30.262309,-97.754705,0.0
p_009,2,2026-09-16T10:30:00-05:00,30.262277,-97.754736,0.0
p_009,2,2026-09-16T10:40:00-05:00,30.262334,-97.754783,0.0
p_009,2,2026-09-16T10:50:00-05:00,30.262384,-97.754678,0.0
p_009,2,2026-09-16T11:00:00-05:00,30.262315,-97.754779,0.0
p_009,2,2026-09-16T11:10:00-05:00,30.262303,-97.754853,0.0
p_009,2,2026-09-16T11:20:00-05:00,30.262306,-97.754808,0.0
p_009,2,2026-09-16T11:30:00-05:00,30.262321,-97.754734,0.0
p_009,2,2026-09-16T11:40:00-05:00,30.262278,-97.754846,0.0
p_009,2,2026-09-16T11:50:00-05:00,30.262348,-97.754831,0.0
p_009,2,2026-09-16T12:00:00-05:00,30.262369,-97.754736,0.0
p_009,2,2026-09-16T12:10:00-05:00,30.262317,-97.754786,0.0
p_009,2,2026-09-16T12:20:00-05:00,30.262352,-97.754876,0.0
p_009,2,2026-09-16T12:30:00-05:00,30.262313,-97.754887,0.0
p_009,2,2026-09-16T12:40:00-05:00,30.262353,-97.75478,0.0
p_009,2,2026-09-16T12:50:00-05:00,30.260905,-97.755663,1.53
p_009,2,2026-09-16T13:00:00-05:00,30.260949,-97.755713,0.0
p_009,2,2026-09-16T13:10:00-05:00,30.260999,-97.755617,0.0
p_009,2,2026-09-16T13:20:00-05:00,30.260873,-97.755768,0.0
p_009,2,2026-09-16T13:30:00-05:00,30.260975,-97.755684,0.0
p_009,2,2026-09-16T13:40:00-05:00,30.260965,-97.755684,0.0
p_009,2,2026-09-16T13:50:00-05:00,30.260895,-97.755693,0.0
p_009,2,2026-09-16T14:00:00-05:00,30.260996,-97.755839,0.0
p_009,2,2026-09-16T14:10:00-05:00,30.260915,-97.75566,0.0
p_009,2,2026-09-16T14:20:00-05:00,30.260871,-97.75576,0.0
p_009,2,2026-09-16T14:30:00-05:00,30.260968,-97.755678,0.0
p_009,2,2026-09-16T14:40:00-05:00,30.260972,-97.755751,0.0
p_009,2,2026-09-16T14:50:00-05:00,30.260985,-97.755626,0.0
p_009,2,2026-09-16T15:00:00-05:00,30.260912,-97.755699,0.0
p_009,2,2026-09-16T15:10:00-05:00,30.260926,-97.755708,0.0
p_009,2,2026-09-16T15:20:00-05:00,30.260921,-97.755725,0.0
p_009,2,2026-09-16T15:30:00-05:00,30.260939,-97.755732,0.0
p_009,2,2026-09-16T15:40:00-05:00,30.260896,-97.755642,0.0
p_009,2,2026-09-16T15:50:00-05:00,30.260931,-97.755662,0.0
p_009,2,2026-09-16T16:00:00-05:00,30.260922,-97.755695,0.0
p_009,2,2026-09-16T16:10:00-05:00,30.260911,-97.755753,0.0
p_009,2,2026-09-16T16:20:00-05:00,30.260916,-97.755646,0.0
p_009,2,2026-09-16T16:30:00-05:00,30.260899,-97.755699,0.0
p_009,2,2026-09-16T16:40:00-05:00,30.260921,-97.755695,0.0
p_009,2,2026-09-16T16:50:00-05:00,30.260909,-97.755792,0.0
p_009,2,2026-09-16T17:00:00-05:00,30.260896,-97.755682,0.0
p_009,2,2026-09-16T17:10:00-05:00,30.260953,-97.755773,0.0
p_009,2,2026-09-16T17:20:00-05:00,30.260941,-97.755773,0.0
p_009,2,2026-09-16T17:30:00-05:00,30.260886,-97.755628,0.0
p_009,2,2026-09-16T17:40:00-05:00,30.260918,-97.755694,0.0
p_009,2,2026-09-16T17:50:00-05:00,30.260948,-97.755645,0.0
p_009,2,2026-09-16T18:00:00-05:00,30.260823,-97.755711,0.0
p_009,2,2026-09-16T18:10:00-05:00,30.260911,-97.755779,0.0
p_009,2,2026-09-16T18:20:00-05:00,30.26096,-97.755641,0.0
p_009,2,2026-09-16T18:30:00-05:00,30.267761,-97.753446,0.0
p_009,2,2026-09-16T18:40:00-05:00,30.267908,-97.753432,0.0
p_009,2,2026-09-16T18:50:00-05:00,30.267823,-97.753455,0.0
p_009,2,2026-09-16T19:00:00-05:00,30.253756,-97.760315,0.0
p_009,2,2026-09-16T19:10:00-05:00,30.253822,-97.760318,0.0
p_009,2,2026-09-16T19:20:00-05:00,30.253676,-97.760249,0.0
p_009,2,2026-09-16T19:30:00-05:00,30.253703,-97.760218,0.0
p_009,2,2026-09-16T19:40:00-05:00,30.253744,-97.760228,0.0
p_009,2,2026-09-16T19:50:00-05:00,30.253759,-97.760244,0.0
p_009,2,2026-09-16T20:00:00-05:00,30.253813,-97.760229,0.0
p_009,2,2026-09-16T20:10:00-05:00,30.25376,-97.760359,0.0
p_009,2,2026-09-16T20:20:00-05:00,30.253723,-97.760242,0.0
p_009,2,2026-09-16T20:30:00-05:00,30.253686,-97.760239,0.0
p_009,2,2026-09-16T20:40:00-05:00,30.253785,-97.760263,0.0
p_009,2,2026-09-16T20:50:00-05:00,30.253761,-97.760346,0.0
p_009,2,2026-09-16T21:00:00-05:00,30.253752,-97.760325,0.0
p_009,2,2026-09-16T21:10:00-05:00,30.253747,-97.760244,0.0
p_009,2,2026-09-16T21:20:00-05:00,30.253806,-97.760294,0.0
p_009,2,2026-09-16T21:30:00-05:00,30.253796,-97.760219,0.0
p_009,2,2026-09-16T21:40:00-05:00,30.25383,-97.760207,0.0
p_009,2,2026-09-16T21:50:00-05:00,30.253745,-97.760253,0.0
p_009,2,2026-09-16T22:00:00-05:00,30.253714,-97.760272,0.0
p_009,2,2026-09-16T22:10:00-05:00,30.253662,-97.760354,0.0
p_009,2,2026-09-16T22:20:00-05:00,30.253721,-97.760249,0.0
p_009,2,2026-09-16T22:30:00-05:00,30.253779,-97.76021,0.0
p_009,2,2026-09-16T22:40:00-05:00,30.253781,-97.760281,0.0
p_009,2,2026-09-16T22:50:00-05:00,30.25379,-97.76033,0.0
p_009,2,2026-09-16T23:00:00-05:00,30.253742,-97.760247,0.0
p_009,2,2026-09-16T23:10:00-05:00,30.253704,-97.760327,0.0
p_009,2,2026-09-16T23:20:00-05:00,30.253765,-97.760325,0.0
p_009,2,2026-09-16T23:30:00-05:00,30.253814,-97.760331,0.0
p_009,2,2026-09-16T23:40:00-05:00,30.253718,-97.760317,0.0
p_009,2,2026-09-16T23:50:00-05:00,30.253692,-97.760259,0.0
p_009,2,2026-09-17T00:00:00-05:00,30.253749,-97.760296,0.0
p_009,2,2026-09-17T00:10:00-05:00,30.253743,-97.760307,0.0
p_009,2,2026-09-17T00:20:00-05:00,30.253744,-97.760288,0.0
p_009,2,2026-09-17T00:30:00-05:00,30.253724,-97.760231,0.0
p_009,2,2026-09-17T00:40:00-05:00,30.253761,-97.76027,0.0
p_009,2,2026-09-17T00:50:00-05:00,30.253781,-97.760307,0.0
p_009,2,2026-09-17T01:00:00-05:00,30.253725,-97.76034,0.0
p_009,2,2026-09-17T01:10:00-05:00,30.253675,-97.760242,0.0
p_009,2,2026-09-17T01:20:00-05:00,30.253786,-97.760265,0.0
p_009,2,2026-09-17T01:30:00-05:00,30.253683,-97.760249,0.0
p_009,2,2026-09-17T01:40:00-05:00,30.253708,-97.760434,0.0
p_009,2,2026-09-17T01:50:00-05:00,30.25383,-97.760292,0.0
p_009,2,2026-09-17T02:00:00-05:00,30.253752,-97.760297,0.0
p_009,2,2026-09-17T02:10:00-05:00,30.253764,-97.760264,0.0
p_009,2,2026-09-17T02:20:00-05:00,30.253797,-97.760316,0.0
p_009,2,2026-09-17T02:30:00-05:00,30.253824,-97.760227,0.0
p_009,2,2026-09-17T02:40:00-05:00,30.253745,-97.760274,0.0
p_009,2,2026-09-17T02:50:00-05:00,30.25375,-97.760182,0.0
p_009,3,2026-09-17T00:00:00-05:00,30.253768,-97.760229,0.0
p_009,3,2026-09-17T00:10:00-05:00,30.253739,-97.760294,0.0
p_009,3,2026-09-17T00:20:00-05:00,30.253762,-97.760314,0.0
p_009,3,2026-09-17T00:30:00-05:00,30.253775,-97.760353,0.0
p_009,3,2026-09-17T00:40:00-05:00,30.253759,-97.760282,0.0
p_009,3,2026-09-17T00:50:00-05:00,30.253813,-97.760257,0.0
p_009,3,2026-09-17T01:00:00-05:00,30.253753,-97.76026,0.0
p_009,3,2026-09-17T01:10:00-05:00,30.253729,-97.760305,0.0
p_009,3,2026-09-17T01:20:00-05:00,30.253664,-97.760277,0.0
p_009,3,2026-09-17T01:30:00-05:00,30.253781,-97.760264,0.0
p_009,3,2026-09-17T01:40:00-05:00,30.253737,-97.760262,0.0
p_009,3,2026-09-17T01:50:00-05:00,30.25372,-97.760297,0.0
p_009,3,2026-09-17T02:00:00-05:00,30.253704,-97.760341,0.0
p_009,3,2026-09-17T02:10:00-05:00,30.253754,-97.760269,0.0
p_009,3,2026-09-17T02:20:00-05:00,30.253777,-97.760285,0.0
p_009,3,2026-09-17T02:30:00-05:00,30.253732,-97.760241,0.0
p_009,3,2026-09-17T02:40:00-05:00,30.253749,-97.760339,0.0
p_009,3,2026-09-17T02:50:00-05:00,30.25376,-97.76029,0.0
p_009,3,2026-09-17T03:00:00-05:00,30.253704,-97.760297,0.0
p_009,3,2026-09-17T03:10:00-05:00,30.253706,-97.760292,0.0
p_009,3,2026-09-17T03:20:00-05:00,30.253792,-97.760224,0.0
p_009,3,2026-09-17T03:30:00-05:00,30.253751,-97.760269,0.0
p_009,3,2026-09-17T03:40:00-05:00,30.253813,-97.760294,0.0
p_009,3,2026-09-17T03:50:00-05:00,30.253709,-97.76034,0.0
p_009,3,2026-09-17T04:00:00-05:00,30.253766,-97.760324,0.0
p_009,3,2026-09-17T04:10:00-05:00,30.253786,-97.760362,0.0
p_009,3,2026-09-17T04:20:00-05:00,30.253788,-97.760288,0.0
p_009,3,2026-09-17T04:30:00-05:00,30.253688,-97.760378,0.0
p_009,3,2026-09-17T04:40:00-05:00,30.253733,-97.760222,0.0
p_009,3,2026-09-17T04:50:00-05:00,30.253785,-97.760275,0.0
p_009,3,2026-09-17T05:00:00-05:00,30.253736,-97.76033,0.0
p_009,3,2026-09-17T05:10:00-05:00,30.253748,-97.760282,0.0
p_009,3,2026-09-17T05:20:00-05:00,30.253773,-97.760266,0.0
p_009,3,2026-09-17T05:30:00-05:00,30.253773,-97.76026,0.0
p_009,3,2026-09-17T05:40:00-05:00,30.253797,-97.760243,0.0
p_009,3,2026-09-17T05:50:00-05:00,30.253787,-97.760279,0.0
p_009,3,2026-09-17T06:00:00-05:00,30.253704,-97.760263,0.0
p_009,3,2026-09-17T06:10:00-05:00,30.25371,-97.760324,0.0
p_009,3,2026-09-17T06:20:00-05:00,30.253795,-97.76026,0.0
p_009,3,2026-09-17T06:30:00-05:00,30.253797,-97.760308,0.0
p_009,3,2026-09-17T06:40:00-05:00,30.25376,-97.760298,0.0
p_009,3,2026-09-17T06:50:00-05:00,30.253726,-97.760272,0.0
p_009,3,2026-09-17T07:00:00-05:00,30.253749,-97.760246,0.0
p_009,3,2026-09-17T07:10:00-05:00,30.253755,-97.76027,0.0
p_009,3,2026-09-17T07:20:00-05:00,30.253747,-97.760224,0.0
p_009,3,2026-09-17T07:30:00-05:00,30.253739,-97.760235,0.0
p_009,3,2026-09-17T07:40:00-05:00,30.253748,-97.760308,0.0
p_009,3,2026-09-17T07:50:00-05:00,30.253733,-97.760267,0.0
p_009,3,2026-09-17T08:00:00-05:00,30.253766,-97.760269,0.0
p_009,3,2026-09-17T08:10:00-05:00,30.253695,-97.760321,0.0
p_009,3,2026-09-17T08:20:00-05:00,30.253769,-97.760293,0.0
p_009,3,2026-09-17T08:30:00-05:00,30.253758,-97.760246,0.0
p_009,3,2026-09-17T08:40:00-05:00,30.25373,-97.760207,0.0
p_009,3,2026-09-17T08:50:00-05:00,30.253753,-97.760248,0.0
p_009,3,2026-09-17T09:00:00-05:00,30.25375,-97.760257,0.0
p_009,3,2026-09-17T09:10:00-05:00,30.253787,-97.760306,0.0
p_009,3,2026-09-17T09:20:00-05:00,30.253946,-97.748832,5.14
p_009,3,2026-09-17T09:30:00-05:00,30.253921,-97.747111,0.0
p_009,3,2026-09-17T09:40:00-05:00,30.253807,-97.747246,0.0
p_009,3,2026-09-17T09:50:00-05:00,30.253928,-97.747188,0.0
p_009,3,2026-09-17T10:00:00-05:00,30.253834,-97.747129,0.0
p_009,3,2026-09-17T10:10:00-05:00,30.253879,-97.74719,0.0
p_009,3,2026-09-17T10:20:00-05:00,30.253764,-97.747133,0.0
p_009,3,2026-09-17T10:30:00-05:00,30.253791,-97.747094,0.0
p_009,3,2026-09-17T10:40:00-05:00,30.253824,-97.747167,0.0
p_009,3,2026-09-17T10:50:00-05:00,30.253776,-97.747203,0.0
p_009,3,2026-09-17T11:00:00-05:00,30.253839,-97.747286,0.0
p_009,3,2026-09-17T11:10:00-05:00,30.253879,-97.747123,0.0
p_009,3,2026-09-17T11:20:00-05:00,30.253749,-97.747232,0.0
p_009,3,2026-09-17T11:30:00-05:00,30.253805,-97.747119,0.0
p_009,3,2026-09-17T11:40:00-05:00,30.253825,-97.747096,0.0
p_009,3,2026-09-17T11:50:00-05:00,30.253818,-97.747182,0.0
p_009,3,2026-09-17T12:00:00-05:00,30.260902,-97.755723,0.0
p_009,3,2026-09-17T12:10:00-05:00,30.260878,-97.755629,0.0
p_009,3,2026-09-17T12:20:00-05:00,30.260974,-97.755685,0.0
p_009,3,2026-09-17T12:30:00-05:00,30.260882,-97.755752,0.0
p_009,3,2026-09-17T12:40:00-05:00,30.261012,-97.755735,0.0
p_009,3,2026-09-17T12:50:00-05:00,30.260911,-97.755681,0.0
p_009,3,2026-09-17T13:00:00-05:00,30.260969,-97.755705,0.0
p_009,3,2026-09-17T13:10:00-05:00,30.260943,-97.755698,0.0
p_009,3,2026-09-17T13:20:00-05:00,30.260884,-97.755744,0.0
p_009,3,2026-09-17T13:30:00-05:00,30.260946,-97.755698,0.0
p_009,3,2026-09-17T13:40:00-05:00,30.27799,-97.753752,0.0
p_009,3,2026-09-17T13:50:00-05:00,30.27792,-97.753796,0.0
p_009,3,2026-09-17T14:00:00-05:00,30.278083,-97.753829,0.0
p_009,3,2026-09-17T14:10:00-05:00,30.278004,-97.753679,0.0
p_009,3,2026-09-17T14:20:00-05:00,30.27805,-97.753769,0.0
p_009,3,2026-09-17T14:30:00-05:00,30.277954,-97.753684,0.0
p_009,3,2026-09-17T14:40:00-05:00,30.277982,-97.753754,0.0
p_009,3,2026-09-17T14:50:00-05:00,30.278018,-97.753767,0.0
p_009,3,2026-09-17T15:00:00-05:00,30.278039,-97.753771,0.0
p_009,3,2026-09-17T15:10:00-05:00,30.277968,-97.753684,0.0
p_009,3,2026-09-17T15:20:00-05:00,30.278017,-97.753757,0.0
p_009,3,2026-09-17T15:30:00-05:00,30.277934,-97.753759,0.0
p_009,3,2026-09-17T15:40:00-05:00,30.277988,-97.753784,0.0
p_009,3,2026-09-17T15:50:00-05:00,30.277889,-97.753746,0.0
p_009,3,2026-09-17T16:00:00-05:00,30.277958,-97.753788,0.0
p_009,3,2026-09-17T16:10:00-05:00,30.277934,-97.753741,0.0
p_009,3,2026-09-17T16:20:00-05:00,30.277883,-97.753768,0.0
p_009,3,2026-09-17T16:30:00-05:00,30.278005,-97.753732,0.0
p_009,3,2026-09-17T16:40:00-05:00,30.27798,-97.753706,0.0
p_009,3,2026-09-17T16:50:00-05:00,30.277986,-97.753765,0.0
p_009,3,2026-09-17T17:00:00-05:00,30.277982,-97.753693,0.0
p_009,3,2026-09-17T17:10:00-05:00,30.277983,-97.75378,0.0
p_009,3,2026-09-17T17:20:00-05:00,30.278001,-97.753718,0.0
p_009,3,2026-09-17T17:30:00-05:00,30.277973,-97.753731,0.0
p_009,3,2026-09-17T17:40:00-05:00,30.277987,-97.753698,0.0
p_009,3,2026-09-17T17:50:00-05:00,30.277965,-97.753668,0.0
p_009,3,2026-09-17T18:00:00-05:00,30.277995,-97.753767,0.0
p_009,3,2026-09-17T18:10:00-05:00,30.277914,-97.753714,0.0
p_009,3,2026-09-17T18:20:00-05:00,30.277977,-97.753715,0.0
p_009,3,2026-09-17T18:30:00-05:00,30.278001,-97.75376,0.0
p_009,3,2026-09-17T18:40:00-05:00,30.253731,-97.760306,0.0
p_009,3,2026-09-17T18:50:00-05:00,30.253727,-97.76025,0.0
p_009,3,2026-09-17T19:00:00-05:00,30.253804,-97.760222,0.0
p_009,3,2026-09-17T19:10:00-05:00,30.253736,-97.760281,0.0
p_009,3,2026-09-17T19:20:00-05:00,30.253802,-97.760318,0.0
p_009,3,2026-09-17T19:30:00-05:00,30.253744,-97.760306,0.0
p_009,3,2026-09-17T19:40:00-05:00,30.253782,-97.760375,0.0
p_009,3,2026-09-17T19:50:00-05:00,30.253646,-97.760316,0.0
p_009,3,2026-09-17T20:00:00-05:00,30.253754,-97.760356,0.0
p_009,3,2026-09-17T20:10:00-05:00,30.253784,-97.760308,0.0
p_009,3,2026-09-17T20:20:00-05:00,30.253725,-97.760264,0.0
p_009,3,2026-09-17T20:30:00-05:00,30.253681,-97.76033,0.0
p_009,3,2026-09-17T20:40:00-05:00,30.253729,-97.760293,0.0
p_009,3,2026-09-17T20:50:00-05:00,30.253764,-97.760286,0.0
p_009,3,2026-09-17T21:00:00-05:00,30.253763,-97.760291,0.0
p_009,3,2026-09-17T21:10:00-05:00,30.253811,-97.760328,0.0
p_009,3,2026-09-17T21:20:00-05:00,30.253804,-97.760294,0.0
p_009,3,2026-09-17T21:30:00-05:00,30.253795,-97.760258,0.0
p_009,3,2026-09-17T21:40:00-05:00,30.253864,-97.760277,0.0
p_009,3,2026-09-17T21:50:00-05:00,30.253774,-97.760203,0.0
p_009,3,2026-09-17T22:00:00-05:00,30.253755,-97.760329,0.0
p_009,3,2026-09-17T22:10:00-05:00,30.253818,-97.76015,0.0
p_009,3,2026-09-17T22:20:00-05:00,30.253713,-97.760287,0.0
p_009,3,2026-09-17T22:30:00-05:00,30.253676,-97.760307,0.0
p_009,3,2026-09-17T22:40:00-05:00,30.25375,-97.760225,0.0
p_009,3,2026-09-17T22:50:00-05:00,30.253776,-97.760338,0.0
p_009,3,2026-09-17T23:00:00-05:00,30.253788,-97.760222,0.0
p_009,3,2026-09-17T23:10:00-05:00,30.253874,-97.760363,0.0
p_009,3,2026-09-17T23:20:00-05:00,30.253737,-97.760288,0.0
p_009,3,2026-09-17T23:30:00-05:00,30.253754,-97.760311,0.0
p_009,3,2026-09-17T23:40:00-05:00,30.25373,-97.760286,0.0
p_009,3,2026-09-17T23:50:00-05:00,30.253719,-97.760363,0.0
p_009,3,2026-09-18T00:00:00-05:00,30.253714,-97.760269,0.0
p_009,3,2026-09-18T00:10:00-05:00,30.253759,-97.760322,0.0
p_009,3,2026-09-18T00:20:00-05:00,30.253808,-97.76031,0.0
p_009,3,2026-09-18T00:30:00-05:00,30.25382,-97.760365,0.0
p_009,3,2026-09-18T00:40:00-05:00,30.25373,-97.760269,0.0
p_009,3,2026-09-18T00:50:00-05:00,30.253786,-97.760244,0.0
p_009,3,2026-09-18T01:00:00-05:00,30.253779,-97.760333,0.0
p_009,3,2026-09-18T01:10:00-05:00,30.253717,-97.760437,0.0
p_009,3,2026-09-18T01:20:00-05:00,30.253805,-97.760375,0.0
p_009,3,2026-09-18T01:30:00-05:00,30.253764,-97.760307,0.0
p_009,3,2026-09-18T01:40:00-05:00,30.253767,-97.760294,0.0
p_009,3,2026-09-18T01:50:00-05:00,30.253732,-97.760251,0.0
p_009,3,2026-09-18T02:00:00-05:00,30.253654,-97.760267,0.0
p_009,3,2026-09-18T02:10:00-05:00,30.25376,-97.760327,0.0
p_009,3,2026-09-18T02:20:00-05:00,30.253773,-97.760257,0.0
p_009,3,2026-09-18T02:30:00-05:00,30.253783,-97.76028,0.0
p_009,3,2026-09-18T02:40:00-05:00,30.253687,-97.760309,0.0
p_009,3,2026-09-18T02:50:00-05:00,30.253765,-97.760264,0.0
p_009,4,2026-09-18T00:00:00-05:00,30.253721,-97.760302,0.0
p_009,4,2026-09-18T00:10:00-05:00,30.25376,-97.76029,0.0
p_009,4,2026-09-18T00:20:00-05:00,30.253714,-97.760314,0.0
p_009,4,2026-09-18T00:30:00-05:00,30.25373,-97.760292,0.0
p_009,4,2026-09-18T00:40:00-05:00,30.253754,-97.760266,0.0
p_009,4,2026-09-18T00:50:00-05:00,30.253696,-97.760247,0.0
p_009,4,2026-09-18T01:00:00-05:00,30.253794,-97.760261,0.0
p_009,4,2026-09-18T01:10:00-05:00,30.253791,-97.760293,0.0
p_009,4,2026-09-18T01:20:00-05:00,30.253726,-97.760283,0.0
p_009,4,2026-09-18T01:30:00-05:00,30.25373,-97.760319,0.0
p_009,4,2026-09-18T01:40:00-05:00,30.253772,-97.76027,0.0
p_009,4,2026-09-18T01:50:00-05:00,30.253784,-97.760288,0.0
p_009,4,2026-09-18T02:00:00-05:00,30.25381,-97.760216,0.0
p_009,4,2026-09-18T02:10:00-05:00,30.253804,-97.760292,0.0
p_009,4,2026-09-18T02:20:00-05:00,30.253779,-97.760225,0.0
p_009,4,2026-09-18T02:30:00-05:00,30.253726,-97.760232,0.0
p_009,4,2026-09-18T02:40:00-05:00,30.253806,-97.760341,0.0
p_009,4,2026-09-18T02:50:00-05:00,30.253728,-97.760262,0.0
p_009,4,2026-09-18T03:00:00-05:00,30.253762,-97.760312,0.0
p_009,4,2026-09-18T03:10:00-05:00,30.253747,-97.760186,0.0
p_009,4,2026-09-18T03:20:00-05:00,30.253703,-97.760221,0.0
p_009,4,2026-09-18T03:30:00-05:00,30.253674,-97.760329,0.0
p_009,4,2026-09-18T03:40:00-05:00,30.253767,-97.760256,0.0
p_009,4,2026-09-18T03:50:00-05:00,30.253807,-97.760238,0.0
p_009,4,2026-09-18T04:00:00-05:00,30.253737,-97.76032,0.0
p_009,4,2026-09-18T04:10:00-05:00,30.253762,-97.760244,0.0
p_009,4,2026-09-18T04:20:00-05:00,30.253764,-97.760262,0.0
p_009,4,2026-09-18T04:30:00-05:00,30.253734,-97.760283,0.0
p_009,4,2026-09-18T04:40:00-05:00,30.253775,-97.760279,0.0
p_009,4,2026-09-18T04:50:00-05:00,30.253681,-97.760263,0.0
p_009,4,2026-09-18T05:00:00-05:00,30.25375,-97.760267,0.0
p_009,4,2026-09-18T05:10:00-05:00,30.253719,-97.76032,0.0
p_009,4,2026-09-18T05:20:00-05:00,30.253723,-97.760226,0.0
p_009,4,2026-09-18T05:30:00-05:00,30.253757,-97.760286,0.0
p_009,4,2026-09-18T05:40:00-05:00,30.253795,-97.760212,0.0
p_009,4,2026-09-18T05:50:00-05:00,30.253819,-97.760318,0.0
p_009,4,2026-09-18T06:00:00-05:00,30.253745,-97.760301,0.0
p_009,4,2026-09-18T06:10:00-05:00,30.253793,-97.76041,0.0
p_009,4,2026-09-18T06:20:00-05:00,30.253738,-97.760361,0.0
p_009,4,2026-09-18T06:30:00-05:00,30.253751,-97.760297,0.0
p_009,4,2026-09-18T06:40:00-05:00,30.253732,-97.760329,0.0
p_009,4,2026-09-18T06:50:00-05:00,30.253731,-97.760316,0.0
p_009,4,2026-09-18T07:00:00-05:00,30.253741,-97.760263,0.0
p_009,4,2026-09-18T07:10:00-05:00,30.25373,-97.760282,0.0
p_009,4,2026-09-18T07:20:00-05:00,30.253652,-97.760264,0.0
p_009,4,2026-09-18T07:30:00-05:00,30.253718,-97.760288,0.0
p_009,4,2026-09-18T07:40:00-05:00,30.253698,-97.760279,0.0
p_009,4,2026-09-18T07:50:00-05:00,30.253753,-97.760318,0.0
p_009,4,2026-09-18T08:00:00-05:00,30.253708,-97.76023,0.0
p_009,4,2026-09-18T08:10:00-05:00,30.253767,-97.76035,0.0
p_009,4,2026-09-18T08:20:00-05:00,30.253756,-97.760304,0.0
p_009,4,2026-09-18T08:30:00-05:00,30.253704,-97.76031,0.0
p_009,4,2026-09-18T08:40:00-05:00,30.253756,-97.760231,0.0
p_009,4,2026-09-18T08:50:00-05:00,30.25368,-97.760227,0.0
p_009,4,2026-09-18T09:00:00-05:00,30.253818,-97.760271,0.0
p_009,4,2026-09-18T09:10:00-05:00,30.253731,-97.760303,0.0
p_009,4,2026-09-18T09:20:00-05:00,30.253731,-97.760274,0.0
p_009,4,2026-09-18T09:30:00-05:00,30.253731,-97.760304,0.0
p_009,4,2026-09-18T09:40:00-05:00,30.253798,-97.760288,0.0
p_009,4,2026-09-18T09:50:00-05:00,30.253731,-97.76021,0.0
p_009,4,2026-09-18T10:00:00-05:00,30.253744,-97.760204,0.0
p_009,4,2026-09-18T10:10:00-05:00,30.253742,-97.760244,0.0
p_009,4,2026-09-18T10:20:00-05:00,30.253781,-97.760327,0.0
p_009,4,2026-09-18T10:30:00-05:00,30.25374,-97.760295,0.0
p_009,4,2026-09-18T10:40:00-05:00,30.253736,-97.760292,0.0
p_009,4,2026-09-18T10:50:00-05:00,30.253707,-97.760343,0.0
p_009,4,2026-09-18T11:00:00-05:00,30.253773,-97.760368,0.0
p_009,4,2026-09-18T11:10:00-05:00,30.253778,-97.760268,0.0
p_009,4,2026-09-18T11:20:00-05:00,30.253733,-97.760288,0.0
p_009,4,2026-09-18T11:30:00-05:00,30.253769,-97.76026,0.0
p_009,4,2026-09-18T11:40:00-05:00,30.25377,-97.760285,0.0
p_009,4,2026-09-18T11:50:00-05:00,30.253773,-97.760287,0.0
p_009,4,2026-09-18T12:00:00-05:00,30.254343,-97.753957,6.86
p_009,4,2026-09-18T12:10:00-05:00,30.255718,-97.74389,0.0
p_009,4,2026-09-18T12:20:00-05:00,30.25562,-97.74383,0.0
p_009,4,2026-09-18T12:30:00-05:00,30.25567,-97.743846,0.0
p_009,4,2026-09-18T12:40:00-05:00,30.25573,-97.74391,0.0
p_009,4,2026-09-18T12:50:00-05:00,30.255734,-97.743837,0.0
p_009,4,2026-09-18T13:00:00-05:00,30.255656,-97.743904,0.0
p_009,4,2026-09-18T13:10:00-05:00,30.255701,-97.743916,0.0
p_009,4,2026-09-18T13:20:00-05:00,30.255672,-97.743926,0.0
p_009,4,2026-09-18T13:30:00-05:00,30.269316,-97.756465,0.0
p_009,4,2026-09-18T13:40:00-05:00,30.269243,-97.756476,0.0
p_009,4,2026-09-18T13:50:00-05:00,30.269299,-97.756526,0.0
p_009,4,2026-09-18T14:00:00-05:00,30.269219,-97.756387,0.0
p_009,4,2026-09-18T14:10:00-05:00,30.26927,-97.756454,0.0
p_009,4,2026-09-18T14:20:00-05:00,30.26923,-97.756552,0.0
p_009,4,2026-09-18T14:30:00-05:00,30.269244,-97.756567,0.0
p_009,4,2026-09-18T14:40:00-05:00,30.269133,-97.756514,0.0
p_009,4,2026-09-18T14:50:00-05:00,30.269218,-97.756519,0.0
p_009,4,2026-09-18T15:00:00-05:00,30.26918,-97.756477,0.0
p_009,4,2026-09-18T15:10:00-05:00,30.269202,-97.756457,0.0
p_009,4,2026-09-18T15:20:00-05:00,30.269266,-97.756445,0.0
p_009,4,2026-09-18T15:30:00-05:00,30.269207,-97.756476,0.0
p_009,4,2026-09-18T15:40:00-05:00,30.269218,-97.756532,0.0
p_009,4,2026-09-18T15:50:00-05:00,30.269243,-97.756539,0.0
p_009,4,2026-09-18T16:00:00-05:00,30.269237,-97.756537,0.0
p_009,4,2026-09-18T16:10:00-05:00,30.269305,-97.756456,0.0
p_009,4,2026-09-18T16:20:00-05:00,30.269248,-97.756511,0.0
p_009,4,2026-09-18T16:30:00-05:00,30.26923,-97.756542,0.0
p_009,4,2026-09-18T16:40:00-05:00,30.26921,-97.756465,0.0
p_009,4,2026-09-18T16:50:00-05:00,30.269196,-97.756478,0.0
p_009,4,2026-09-18T17:00:00-05:00,30.26932,-97.756534,0.0
p_009,4,2026-09-18T17:10:00-05:00,30.269242,-97.75646,0.0
p_009,4,2026-09-18T17:20:00-05:00,30.269241,-97.756478,0.0
p_009,4,2026-09-18T17:30:00-05:00,30.269276,-97.756497,0.0
p_009,4,2026-09-18T17:40:00-05:00,30.269294,-97.756501,0.0
p_009,4,2026-09-18T17:50:00-05:00,30.272427,-97.763415,0.0
p_009,4,2026-09-18T18:00:00-05:00,30.272405,-97.763291,0.0
p_009,4,2026-09-18T18:10:00-05:00,30.272439,-97.763333,0.0
p_009,4,2026-09-18T18:20:00-05:00,30.272343,-97.763335,0.0
p_009,4,2026-09-18T18:30:00-05:00,30.272327,-97.763377,0.0
p_009,4,2026-09-18T18:40:00-05:00,30.272427,-97.763321,0.0
p_009,4,2026-09-18T18:50:00-05:00,30.272387,-97.763288,0.0
p_009,4,2026-09-18T19:00:00-05:00,30.272392,-97.763304,0.0
p_009,4,2026-09-18T19:10:00-05:00,30.260545,-97.760854,5.42
p_009,4,2026-09-18T19:20:00-05:00,30.25373,-97.760315,0.0
p_009,4,2026-09-18T19:30:00-05:00,30.253628,-97.760199,0.0
p_009,4,2026-09-18T19:40:00-05:00,30.253757,-97.760277,0.0
p_009,4,2026-09-18T19:50:00-05:00,30.253769,-97.760336,0.0
p_009,4,2026-09-18T20:00:00-05:00,30.253725,-97.760313,0.0
p_009,4,2026-09-18T20:10:00-05:00,30.25375,-97.760288,0.0
p_009,4,2026-09-18T20:20:00-05:00,30.253663,-97.760251,0.0
p_009,4,2026-09-18T20:30:00-05:00,30.253726,-97.760351,0.0
p_009,4,2026-09-18T20:40:00-05:00,30.253831,-97.760153,0.0
p_009,4,2026-09-18T20:50:00-05:00,30.253734,-97.760236,0.0
p_009,4,2026-09-18T21:00:00-05:00,30.253748,-97.760335,0.0
p_009,4,2026-09-18T21:10:00-05:00,30.253761,-97.76025,0.0
p_009,4,2026-09-18T21:20:00-05:00,30.253726,-97.760271,0.0
p_009,4,2026-09-18T21:30:00-05:00,30.253724,-97.760276,0.0
p_009,4,2026-09-18T21:40:00-05:00,30.25379,-97.760308,0.0
p_009,4,2026-09-18T21:50:00-05:00,30.253728,-97.760184,0.0
p_009,4,2026-09-18T22:00:00-05:00,30.253694,-97.760295,0.0
p_009,4,2026-09-18T22:10:00-05:00,30.253804,-97.76028,0.0
p_009,4,2026-09-18T22:20:00-05:00,30.253708,-97.760218,0.0
p_009,4,2026-09-18T22:30:00-05:00,30.253705,-97.760319,0.0
p_009,4,2026-09-18T22:40:00-05:00,30.253789,-97.760315,0.0
p_009,4,2026-09-18T22:50:00-05:00,30.253724,-97.760371,0.0
p_009,4,2026-09-18T23:00:00-05:00,30.253699,-97.760241,0.0
p_009,4,2026-09-18T23:10:00-05:00,30.253811,-97.760262,0.0
p_009,4,2026-09-18T23:20:00-05:00,30.253741,-97.760274,0.0
p_009,4,2026-09-18T23:30:00-05:00,30.253693,-97.760253,0.0
p_009,4,2026-09-18T23:40:00-05:00,30.253758,-97.760305,0.0
p_009,4,2026-09-18T23:50:00-05:00,30.253745,-97.760213,0.0
p_009,4,2026-09-19T00:00:00-05:00,30.253832,-97.760367,0.0
p_009,4,2026-09-19T00:10:00-05:00,30.25374,-97.760215,0.0
p_009,4,2026-09-19T00:20:00-05:00,30.25379,-97.760312,0.0
p_009,4,2026-09-19T00:30:00-05:00,30.25363,-97.76035,0.0
p_009,4,2026-09-19T00:40:00-05:00,30.253748,-97.760255,0.0
p_009,4,2026-09-19T00:50:00-05:00,30.253685,-97.760325,0.0
p_009,4,2026-09-19T01:00:00-05:00,30.253744,-97.760238,0.0
p_009,4,2026-09-19T01:10:00-05:00,30.253829,-97.760218,0.0
p_009,4,2026-09-19T01:20:00-05:00,30.253794,-97.760243,0.0
p_009,4,2026-09-19T01:30:00-05:00,30.253698,-97.760265,0.0
p_009,4,2026-09-19T01:40:00-05:00,30.253706,-97.760267,0.0
p_009,4,2026-09-19T01:50:00-05:00,30.253746,-97.760229,0.0
p_009,4,2026-09-19T02:00:00-05:00,30.253724,-97.760332,0.0
p_009,4,2026-09-19T02:10:00-05:00,30.253728,-97.760223,0.0
p_009,4,2026-09-19T02:20:00-05:00,30.253775,-97.760298,0.0
p_009,4,2026-09-19T02:30:00-05:00,30.253748,-97.760297,0.0
p_009,4,2026-09-19T02:40:00-05:00,30.253772,-97.760268,0.0
p_009,4,2026-09-19T02:50:00-05:00,30.25375,-97.760286,0.0
p_010,0,2026-09-14T00:00:00-05:00,30.250626,-97.761426,0.0
p_010,0,2026-09-14T00:10:00-05:00,30.250663,-97.761367,0.0
p_010,0,2026-09-14T00:20:00-05:00,30.250651,-97.761442,0.0
p_010,0,2026-09-14T00:30:00-05:00,30.250633,-97.761365,0.0
p_010,0,2026-09-14T00:40:00-05:00,30.250661,-97.761422,0.0
p_010,0,2026-09-14T00:50:00-05:00,30.250657,-97.761434,0.0
p_010,0,2026-09-14T01:00:00-05:00,30.250591,-97.761449,0.0
p_010,0,2026-09-14T01:10:00-05:00,30.250673,-97.761431,0.0
p_010,0,2026-09-14T01:20:00-05:00,30.250688,-97.761378,0.0
p_010,0,2026-09-14T01:30:00-05:00,30.250627,-97.761383,0.0
p_010,0,2026-09-14T01:40:00-05:00,30.250689,-97.761414,0.0
p_010,0,2026-09-14T01:50:00-05:00,30.250695,-97.761437,0.0
p_010,0,2026-09-14T02:00:00-05:00,30.250651,-97.761408,0.0
p_010,0,2026-09-14T02:10:00-05:00,30.250642,-97.761379,0.0
p_010,0,2026-09-14T02:20:00-05:00,30.250657,-97.761391,0.0
p_010,0,2026-09-14T02:30:00-05:00,30.250673,-97.761375,0.0
p_010,0,2026-09-14T02:40:00-05:00,30.250702,-97.761371,0.0
p_010,0,2026-09-14T02:50:00-05:00,30.250681,-97.761436,0.0
p_010,0,2026-09-14T03:00:00-05:00,30.250685,-97.761441,0.0
p_010,0,2026-09-14T03:10:00-05:00,30.250638,-97.761377,0.0
p_010,0,2026-09-14T03:20:00-05:00,30.250636,-97.761345,0.0
p_010,0,2026-09-14T03:30:00-05:00,30.250692,-97.761435,0.0
p_010,0,2026-09-14T03:40:00-05:00,30.250659,-97.761425,0.0
p_010,0,2026-09-14T03:50:00-05:00,30.250614,-97.761392,0.0
p_010,0,2026-09-14T04:00:00-05:00,30.250628,-97.761424,0.0
p_010,0,2026-09-14T04:10:00-05:00,30.250585,-97.761396,0.0
p_010,0,2026-09-14T04:20:00-05:00,30.250621,-97.761375,0.0
p_010,0,2026-09-14T04:30:00-05:00,30.250661,-97.761467,0.0
p_010,0,2026-09-14T04:40:00-05:00,30.250724,-97.761394,0.0
p_010,0,2026-09-14T04:50:00-05:00,30.250642,-97.7614,0.0
p_010,0,2026-09-14T05:00:00-05:00,30.250691,-97.761311,0.0
p_010,0,2026-09-14T05:10:00-05:00,30.250621,-97.761437,0.0
p_010,0,2026-09-14T05:20:00-05:00,30.250703,-97.76134,0.0
p_010,0,2026-09-14T05:30:00-05:00,30.250641,-97.761372,0.0
p_010,0,2026-09-14T05:40:00-05:00,30.250665,-97.761397,0.0
p_010,0,2026-09-14T05:50:00-05:00,30.250568,-97.761421,0.0
p_010,0,2026-09-14T06:00:00-05:00,30.250735,-97.761381,0.0
p_010,0,2026-09-14T06:10:00-05:00,30.250671,-97.761421,0.0
p_010,0,2026-09-14T06:20:00-05:00,30.250593,-97.761393,0.0
p_010,0,2026-09-14T06:30:00-05:00,30.250663,-97.761351,0.0
p_010,0,2026-09-14T06:40:00-05:00,30.250609,-97.761498,0.0
p_010,0,2026-09-14T06:50:00-05:00,30.250687,-97.761327,0.0
p_010,0,2026-09-14T07:00:00-05:00,30.250663,-97.761375,0.0
p_010,0,2026-09-14T07:10:00-05:00,30.250739,-97.761439,0.0
p_010,0,2026-09-14T07:20:00-05:00,30.250641,-97.76138,0.0
p_010,0,2026-09-14T07:30:00-05:00,30.250697,-97.761378,0.0
p_010,0,2026-09-14T07:40:00-05:00,30.250712,-97.761359,0.0
p_010,0,2026-09-14T07:50:00-05:00,30.250677,-97.761428,0.0
p_010,0,2026-09-14T08:00:00-05:00,30.250613,-97.761324,0.0
p_010,0,2026-09-14T08:10:00-05:00,30.250648,-97.761355,0.0
p_010,0,2026-09-14T08:20:00-05:00,30.250702,-97.761452,0.0
p_010,0,2026-09-14T08:30:00-05:00,30.250642,-97.761338,0.0
p_010,0,2026-09-14T08:40:00-05:00,30.250648,-97.76143,0.0
p_010,0,2026-09-14T08:50:00-05:00,30.250748,-97.761377,0.0
p_010,0,2026-09-14T09:00:00-05:00,30.250698,-97.761344,0.0
p_010,0,2026-09-14T09:10:00-05:00,30.251873,-97.745291,8.97
p_010,0,2026-09-14T09:20:00-05:00,30.25227,-97.723716,0.0
p_010,0,2026-09-14T09:30:00-05:00,30.252234,-97.72369,0.0
p_010,0,2026-09-14T09:40:00-05:00,30.252313,-97.723586,0.0
p_010,0,2026-09-14T09:50:00-05:00,30.252263,-97.723709,0.0
p_010,0,2026-09-14T10:00:00-05:00,30.252291,-97.72361,0.0
p_010,0,2026-09-14T10:10:00-05:00,30.252289,-97.723669,0.0
p_010,0,2026-09-14T10:20:00-05:00,30.252299,-97.723689,0.0
p_010,0,2026-09-14T10:30:00-05:00,30.252215,-97.723642,0.0
p_010,0,2026-09-14T10:40:00-05:00,30.25229,-97.723729,0.0
p_010,0,2026-09-14T10:50:00-05:00,30.252229,-97.723568,0.0
p_010,0,2026-09-14T11:00:00-05:00,30.252352,-97.723685,0.0
p_010,0,2026-09-14T11:10:00-05:00,30.252288,-97.723566,0.0
p_010,0,2026-09-14T11:20:00-05:00,30.252264,-97.723696,0.0
p_010,0,2026-09-14T11:30:00-05:00,30.252312,-97.723735,0.0
p_010,0,2026-09-14T11:40:00-05:00,30.252284,-97.723585,0.0
p_010,0,2026-09-14T11:50:00-05:00,30.252279,-97.723622,0.0
p_010,0,2026-09-14T12:00:00-05:00,30.252334,-97.723729,0.0
p_010,0,2026-09-14T12:10:00-05:00,30.252263,-97.723669,0.0
p_010,0,2026-09-14T12:20:00-05:00,30.252253,-97.72364,0.0
p_010,0,2026-09-14T12:30:00-05:00,30.252207,-97.723638,0.0
p_010,0,2026-09-14T12:40:00-05:00,30.252317,-97.723641,0.0
p_010,0,2026-09-14T12:50:00-05:00,30.252357,-97.723685,0.0
p_010,0,2026-09-14T13:00:00-05:00,30.252273,-97.723706,0.0
p_010,0,2026-09-14T13:10:00-05:00,30.252279,-97.723693,0.0
p_010,0,2026-09-14T13:20:00-05:00,30.252293,-97.723729,0.0
p_010,0,2026-09-14T13:30:00-05:00,30.252336,-97.723713,0.0
p_010,0,2026-09-14T13:40:00-05:00,30.252249,-97.723669,0.0
p_010,0,2026-09-14T13:50:00-05:00,30.252336,-97.723618,0.0
p_010,0,2026-09-14T14:00:00-05:00,30.252335,-97.723693,0.0
p_010,0,2026-09-14T14:10:00-05:00,30.252285,-97.723668,0.0
p_010,0,2026-09-14T14:20:00-05:00,30.25229,-97.723636,0.0
p_010,0,2026-09-14T14:30:00-05:00,30.252285,-97.723635,0.0
p_010,0,2026-09-14T14:40:00-05:00,30.252316,-97.723685,0.0
p_010,0,2026-09-14T14:50:00-05:00,30.25234,-97.723718,0.0
p_010,0,2026-09-14T15:00:00-05:00,30.252307,-97.723697,0.0
p_010,0,2026-09-14T15:10:00-05:00,30.252305,-97.723597,0.0
p_010,0,2026-09-14T15:20:00-05:00,30.252295,-97.723682,0.0
p_010,0,2026-09-14T15:30:00-05:00,30.252287,-97.723626,0.0
p_010,0,2026-09-14T15:40:00-05:00,30.252247,-97.723635,0.0
p_010,0,2026-09-14T15:50:00-05:00,30.252318,-97.723613,0.0
p_010,0,2026-09-14T16:00:00-05:00,30.252296,-97.723718,0.0
p_010,0,2026-09-14T16:10:00-05:00,30.252282,-97.723606,0.0
p_010,0,2026-09-14T16:20:00-05:00,30.252244,-97.723627,0.0
p_010,0,2026-09-14T16:30:00-05:00,30.252233,-97.723668,0.0
p_010,0,2026-09-14T16:40:00-05:00,30.252312,-97.723674,0.0
p_010,0,2026-09-14T16:50:00-05:00,30.252337,-97.723659,0.0
p_010,0,2026-09-14T17:00:00-05:00,30.252303,-97.723659,0.0
p_010,0,2026-09-14T17:10:00-05:00,30.252317,-97.723756,0.0
p_010,0,2026-09-14T17:20:00-05:00,30.252288,-97.723624,0.0
p_010,0,2026-09-14T17:30:00-05:00,30.252284,-97.72364,0.0
p_010,0,2026-09-14T17:40:00-05:00,30.252259,-97.723716,0.0
p_010,0,2026-09-14T17:50:00-05:00,30.252268,-97.723663,0.0
p_010,0,2026-09-14T18:00:00-05:00,30.252318,-97.723679,0.0
p_010,0,2026-09-14T18:10:00-05:00,30.2523,-97.723657,0.0
p_010,0,2026-09-14T18:20:00-05:00,30.252292,-97.723613,0.0
p_010,0,2026-09-14T18:30:00-05:00,30.252235,-97.723692,0.0
p_010,0,2026-09-14T18:40:00-05:00,30.252285,-97.723708,0.0
p_010,0,2026-09-14T18:50:00-05:00,30.252264,-97.723709,0.0
p_010,0,2026-09-14T19:00:00-05:00,30.252358,-97.723654,0.0
p_010,0,2026-09-14T19:10:00-05:00,30.252313,-97.723717,0.0
p_010,0,2026-09-14T19:20:00-05:00,30.252298,-97.723683,0.0
p_010,0,2026-09-14T19:30:00-05:00,30.252297,-97.72365,0.0
p_010,0,2026-09-14T19:40:00-05:00,30.252283,-97.723714,0.0
p_010,0,2026-09-14T19:50:00-05:00,30.25233,-97.723633,0.0
p_010,0,2026-09-14T20:00:00-05:00,30.252226,-97.723697,0.0
p_010,0,2026-09-14T20:10:00-05:00,30.252279,-97.723613,0.0
p_010,0,2026-09-14T20:20:00-05:00,30.252255,-97.723622,0.0
p_010,0,2026-09-14T20:30:00-05:00,30.252281,-97.7236,0.0
p_010,0,2026-09-14T20:40:00-05:00,30.252267,-97.72367,0.0
p_010,0,2026-09-14T20:50:00-05:00,30.25236,-97.723599,0.0
p_010,0,2026-09-14T21:00:00-05:00,30.252266,-97.72357,0.0
p_010,0,2026-09-14T21:10:00-05:00,30.252318,-97.72366,0.0
p_010,0,2026-09-14T21:20:00-05:00,30.250689,-97.761266,8.45
p_010,0,2026-09-14T21:30:00-05:00,30.250671,-97.761279,0.0
p_010,0,2026-09-14T21:40:00-05:00,30.250632,-97.761324,0.0
p_010,0,2026-09-14T21:50:00-05:00,30.250674,-97.761372,0.0
p_010,0,2026-09-14T22:00:00-05:00,30.250667,-97.761391,0.0
p_010,0,2026-09-14T22:10:00-05:00,30.250595,-97.761409,0.0
p_010,0,2026-09-14T22:20:00-05:00,30.250625,-97.761411,0.0
p_010,0,2026-09-14T22:30:00-05:00,30.250637,-97.761401,0.0
p_010,0,2026-09-14T22:40:00-05:00,30.250595,-97.761389,0.0
p_010,0,2026-09-14T22:50:00-05:00,30.250655,-97.761356,0.0
p_010,0,2026-09-14T23:00:00-05:00,30.250613,-97.761354,0.0
p_010,0,2026-09-14T23:10:00-05:00,30.250686,-97.761383,0.0
p_010,0,2026-09-14T23:20:00-05:00,30.250633,-97.761461,0.0
p_010,0,2026-09-14T23:30:00-05:00,30.250594,-97.761362,0.0
p_010,0,2026-09-14T23:40:00-05:00,30.250633,-97.761335,0.0
p_010,0,2026-09-14T23:50:00-05:00,30.250654,-97.761462,0.0
p_010,0,2026-09-15T00:00:00-05:00,30.250668,-97.761455,0.0
p_010,0,2026-09-15T00:10:00-05:00,30.2506,-97.761419,0.0
p_010,0,2026-09-15T00:20:00-05:00,30.250632,-97.76133,0.0
p_010,0,2026-09-15T00:30:00-05:00,30.250652,-97.761475,0.0
p_010,0,2026-09-15T00:40:00-05:00,30.250667,-97.761316,0.0
p_010,0,2026-09-15T00:50:00-05:00,30.250638,-97.761379,0.0
p_010,0,2026-09-15T01:00:00-05:00,30.25064,-97.761454,0.0
p_010,0,2026-09-15T01:10:00-05:00,30.250702,-97.761439,0.0
p_010,0,2026-09-15T01:20:00-05:00,30.250673,-97.761432,0.0
p_010,0,2026-09-15T01:30:00-05:00,30.250602,-97.761423,0.0
p_010,0,2026-09-15T01:40:00-05:00,30.250663,-97.761465,0.0
p_010,0,2026-09-15T01:50:00-05:00,30.25064,-97.761368,0.0
p_010,0,2026-09-15T02:00:00-05:00,30.250637,-97.761463,0.0
p_010,0,2026-09-15T02:10:00-05:00,30.25076,-97.761429,0.0
p_010,0,2026-09-15T02:20:00-05:00,30.250665,-97.76148,0.0
p_010,0,2026-09-15T02:30:00-05:00,30.25068,-97.761318,0.0
p_010,0,2026-09-15T02:40:00-05:00,30.250644,-97.761327,0.0
p_010,0,2026-09-15T02:50:00-05:00,30.250588,-97.761382,0.0
p_010,1,2026-09-15T00:00:00-05:00,30.25066,-97.761354,0.0
p_010,1,2026-09-15T00:10:00-05:00,30.250662,-97.761449,0.0
p_010,1,2026-09-15T00:20:00-05:00,30.25067,-97.761447,0.0
p_010,1,2026-09-15T00:30:00-05:00,30.250701,-97.761395,0.0
p_010,1,2026-09-15T00:40:00-05:00,30.250654,-97.761363,0.0
p_010,1,2026-09-15T00:50:00-05:00,30.250708,-97.761372,0.0
p_010,1,2026-09-15T01:00:00-05:00,30.25068,-97.761402,0.0
p_010,1,2026-09-15T01:10:00-05:00,30.250691,-97.761408,0.0
p_010,1,2026-09-15T01:20:00-05:00,30.250707,-97.761351,0.0
p_010,1,2026-09-15T01:30:00-05:00,30.250689,-97.761372,0.0
p_010,1,2026-09-15T01:40:00-05:00,30.250695,-97.761381,0.0
p_010,1,2026-09-15T01:50:00-05:00,30.250649,-97.761431,0.0
p_010,1,2026-09-15T02:00:00-05:00,30.250701,-97.761395,0.0
p_010,1,2026-09-15T02:10:00-05:00,30.250676,-97.76137,0.0
p_010,1,2026-09-15T02:20:00-05:00,30.250656,-97.76142,0.0
p_010,1,2026-09-15T02:30:00-05:00,30.25067,-97.761425,0.0
p_010,1,2026-09-15T02:40:00-05:00,30.250697,-97.761397,0.0
p_010,1,2026-09-15T02:50:00-05:00,30.25071,-97.761378,0.0
p_010,1,2026-09-15T03:00:00-05:00,30.250638,-97.761386,0.0
p_010,1,2026-09-15T03:10:00-05:00,30.250631,-97.761335,0.0
p_010,1,2026-09-15T03:20:00-05:00,30.250675,-97.761395,0.0
p_010,1,2026-09-15T03:30:00-05:00,30.250654,-97.761473,0.0
p_010,1,2026-09-15T03:40:00-05:00,30.250613,-97.761449,0.0
p_010,1,2026-09-15T03:50:00-05:00,30.250614,-97.761434,0.0
p_010,1,2026-09-15T04:00:00-05:00,30.250633,-97.761408,0.0
p_010,1,2026-09-15T04:10:00-05:00,30.250656,-97.761388,0.0
p_010,1,2026-09-15T04:20:00-05:00,30.250652,-97.761431,0.0
p_010,1,2026-09-15T04:30:00-05:00,30.250677,-97.761414,0.0
p_010,1,2026-09-15T04:40:00-05:00,30.250674,-97.761351,0.0
p_010,1,2026-09-15T04:50:00-05:00,30.250667,-97.761356,0.0
p_010,1,2026-09-15T05:00:00-05:00,30.250651,-97.761338,0.0
p_010,1,2026-09-15T05:10:00-05:00,30.25062,-97.761381,0.0
p_010,1,2026-09-15T05:20:00-05:00,30.25069,-97.761425,0.0
p_010,1,2026-09-15T05:30:00-05:00,30.250644,-97.761384,0.0
p_010,1,2026-09-15T05:40:00-05:00,30.250684,-97.761419,0.0
p_010,1,2026-09-15T05:50:00-05:00,30.250649,-97.761447,0.0
p_010,1,2026-09-15T06:00:00-05:00,30.250626,-97.761439,0.0
p_010,1,2026-09-15T06:10:00-05:00,30.250754,-97.761377,0.0
p_010,1,2026-09-15T06:20:00-05:00,30.250664,-97.761405,0.0
p_010,1,2026-09-15T06:30:00-05:00,30.250642,-97.761483,0.0
p_010,1,2026-09-15T06:40:00-05:00,30.250674,-97.761325,0.0
p_010,1,2026-09-15T06:50:00-05:00,30.250702,-97.761345,0.0
p_010,1,2026-09-15T07:00:00-05:00,30.250655,-97.761346,0.0
p_010,1,2026-09-15T07:10:00-05:00,30.250716,-97.761422,0.0
p_010,1,2026-09-15T07:20:00-05:00,30.250669,-97.761423,0.0
p_010,1,2026-09-15T07:30:00-05:00,30.250625,-97.761397,0.0
p_010,1,2026-09-15T07:40:00-05:00,30.250695,-97.761456,0.0
p_010,1,2026-09-15T07:50:00-05:00,30.250711,-97.761417,0.0
p_010,1,2026-09-15T08:00:00-05:00,30.250671,-97.76136,0.0
p_010,1,2026-09-15T08:10:00-05:00,30.250727,-97.761453,0.0
p_010,1,2026-09-15T08:20:00-05:00,30.250678,-97.761318,0.0
p_010,1,2026-09-15T08:30:00-05:00,30.250643,-97.761419,0.0
p_010,1,2026-09-15T08:40:00-05:00,30.250658,-97.76142,0.0
p_010,1,2026-09-15T08:50:00-05:00,30.250643,-97.761441,0.0
p_010,1,2026-09-15T09:00:00-05:00,30.250621,-97.761399,0.0
p_010,1,2026-09-15T09:10:00-05:00,30.252245,-97.723723,0.0
p_010,1,2026-09-15T09:20:00-05:00,30.252207,-97.72364,0.0
p_010,1,2026-09-15T09:30:00-05:00,30.252269,-97.72365,0.0
p_010,1,2026-09-15T09:40:00-05:00,30.252286,-97.723608,0.0
p_010,1,2026-09-15T09:50:00-05:00,30.252227,-97.723612,0.0
p_010,1,2026-09-15T10:00:00-05:00,30.252293,-97.723583,0.0
p_010,1,2026-09-15T10:10:00-05:00,30.25231,-97.723654,0.0
p_010,1,2026-09-15T10:20:00-05:00,30.252305,-97.723738,0.0
p_010,1,2026-09-15T10:30:00-05:00,30.25234,-97.723585,0.0
p_010,1,2026-09-15T10:40:00-05:00,30.252287,-97.723657,0.0
p_010,1,2026-09-15T10:50:00-05:00,30.252325,-97.723683,0.0
p_010,1,2026-09-15T11:00:00-05:00,30.252295,-97.723647,0.0
p_010,1,2026-09-15T11:10:00-05:00,30.252206,-97.723569,0.0
p_010,1,2026-09-15T11:20:00-05:00,30.252303,-97.723679,0.0
p_010,1,2026-09-15T11:30:00-05:00,30.252329,-97.723623,0.0
p_010,1,2026-09-15T11:40:00-05:00,30.252212,-97.723709,0.0
p_010,1,2026-09-15T11:50:00-05:00,30.252247,-97.723647,0.0
p_010,1,2026-09-15T12:00:00-05:00,30.252311,-97.723663,0.0
p_010,1,2026-09-15T12:10:00-05:00,30.252252,-97.723691,0.0
p_010,1,2026-09-15T12:20:00-05:00,30.262291,-97.727232,4.51
p_010,1,2026-09-15T12:30:00-05:00,30.266009,-97.728637,0.0
p_010,1,2026-09-15T12:40:00-05:00,30.266083,-97.728631,0.0
p_010,1,2026-09-15T12:50:00-05:00,30.266101,-97.728656,0.0
p_010,1,2026-09-15T13:00:00-05:00,30.266104,-97.728613,0.0
p_010,1,2026-09-15T13:10:00-05:00,30.266102,-97.728607,0.0
p_010,1,2026-09-15T13:20:00-05:00,30.266072,-97.72852,0.0
p_010,1,2026-09-15T13:30:00-05:00,30.266053,-97.728612,0.0
p_010,1,2026-09-15T13:40:00-05:00,30.266077,-97.728621,0.0
p_010,1,2026-09-15T13:50:00-05:00,30.274929,-97.742244,0.0
p_010,1,2026-09-15T14:00:00-05:00,30.274921,-97.742209,0.0
p_010,1,2026-09-15T14:10:00-05:00,30.275009,-97.742252,0.0
p_010,1,2026-09-15T14:20:00-05:00,30.2749,-97.742271,0.0
p_010,1,2026-09-15T14:30:00-05:00,30.274932,-97.742275,0.0
p_010,1,2026-09-15T14:40:00-05:00,30.274948,-97.742245,0.0
p_010,1,2026-09-15T14:50:00-05:00,30.274946,-97.74227,0.0
p_010,1,2026-09-15T15:00:00-05:00,30.274892,-97.742203,0.0
p_010,1,2026-09-15T15:10:00-05:00,30.274944,-97.742218,0.0
p_010,1,2026-09-15T15:20:00-05:00,30.274943,-97.742222,0.0
p_010,1,2026-09-15T15:30:00-05:00,30.275019,-97.742194,0.0
p_010,1,2026-09-15T15:40:00-05:00,30.274979,-97.742136,0.0
p_010,1,2026-09-15T15:50:00-05:00,30.274931,-97.742235,0.0
p_010,1,2026-09-15T16:00:00-05:00,30.274883,-97.742167,0.0
p_010,1,2026-09-15T16:10:00-05:00,30.274889,-97.74231,0.0
p_010,1,2026-09-15T16:20:00-05:00,30.274923,-97.742329,0.0
p_010,1,2026-09-15T16:30:00-05:00,30.27497,-97.742206,0.0
p_010,1,2026-09-15T16:40:00-05:00,30.274987,-97.742286,0.0
p_010,1,2026-09-15T16:50:00-05:00,30.274934,-97.742267,0.0
p_010,1,2026-09-15T17:00:00-05:00,30.275045,-97.742251,0.0
p_010,1,2026-09-15T17:10:00-05:00,30.274966,-97.742182,0.0
p_010,1,2026-09-15T17:20:00-05:00,30.274876,-97.742262,0.0
p_010,1,2026-09-15T17:30:00-05:00,30.274946,-97.737547,0.0
p_010,1,2026-09-15T17:40:00-05:00,30.27496,-97.737516,0.0
p_010,1,2026-09-15T17:50:00-05:00,30.274889,-97.737499,0.0
p_010,1,2026-09-15T18:00:00-05:00,30.275025,-97.73758,0.0
p_010,1,2026-09-15T18:10:00-05:00,30.274993,-97.73752,0.0
p_010,1,2026-09-15T18:20:00-05:00,30.274962,-97.737537,0.0
p_010,1,2026-09-15T18:30:00-05:00,30.274946,-97.737542,0.0
p_010,1,2026-09-15T18:40:00-05:00,30.274985,-97.737499,0.0
p_010,1,2026-09-15T18:50:00-05:00,30.274974,-97.737595,0.0
p_010,1,2026-09-15T19:00:00-05:00,30.27491,-97.737555,0.0
p_010,1,2026-09-15T19:10:00-05:00,30.27492,-97.737518,0.0
p_010,1,2026-09-15T19:20:00-05:00,30.27487,-97.737515,0.0
p_010,1,2026-09-15T19:30:00-05:00,30.274974,-97.737523,0.0
p_010,1,2026-09-15T19:40:00-05:00,30.274978,-97.737487,0.0
p_010,1,2026-09-15T19:50:00-05:00,30.274946,-97.737522,0.0
p_010,1,2026-09-15T20:00:00-05:00,30.274956,-97.737588,0.0
p_010,1,2026-09-15T20:10:00-05:00,30.274944,-97.737592,0.0
p_010,1,2026-09-15T20:20:00-05:00,30.274915,-97.737546,0.0
p_010,1,2026-09-15T20:30:00-05:00,30.274957,-97.737525,0.0
p_010,1,2026-09-15T20:40:00-05:00,30.274971,-97.737505,0.0
p_010,1,2026-09-15T20:50:00-05:00,30.274995,-97.737496,0.0
p_010,1,2026-09-15T21:00:00-05:00,30.274952,-97.737482,0.0
p_010,1,2026-09-15T21:10:00-05:00,30.274912,-97.73757,0.0
p_010,1,2026-09-15T21:20:00-05:00,30.274955,-97.737547,0.0
p_010,1,2026-09-15T21:30:00-05:00,30.27491,-97.737562,0.0
p_010,1,2026-09-15T21:40:00-05:00,30.274923,-97.737567,0.0
p_010,1,2026-09-15T21:50:00-05:00,30.275002,-97.737534,0.0
p_010,1,2026-09-15T22:00:00-05:00,30.274953,-97.737573,0.0
p_010,1,2026-09-15T22:10:00-05:00,30.250622,-97.761453,0.0
p_010,1,2026-09-15T22:20:00-05:00,30.250729,-97.761404,0.0
p_010,1,2026-09-15T22:30:00-05:00,30.250673,-97.761381,0.0
p_010,1,2026-09-15T22:40:00-05:00,30.250698,-97.7613,0.0
p_010,1,2026-09-15T22:50:00-05:00,30.250672,-97.761428,0.0
p_010,1,2026-09-15T23:00:00-05:00,30.250642,-97.761405,0.0
p_010,1,2026-09-15T23:10:00-05:00,30.250701,-97.761361,0.0
p_010,1,2026-09-15T23:20:00-05:00,30.250688,-97.761372,0.0
p_010,1,2026-09-15T23:30:00-05:00,30.250653,-97.761404,0.0
p_010,1,2026-09-15T23:40:00-05:00,30.250684,-97.761449,0.0
p_010,1,2026-09-15T23:50:00-05:00,30.250643,-97.761472,0.0
p_010,1,2026-09-16T00:00:00-05:00,30.25071,-97.761384,0.0
p_010,1,2026-09-16T00:10:00-05:00,30.250666,-97.761405,0.0
p_010,1,2026-09-16T00:20:00-05:00,30.250614,-97.761394,0.0
p_010,1,2026-09-16T00:30:00-05:00,30.250679,-97.761439,0.0
p_010,1,2026-09-16T00:40:00-05:00,30.250692,-97.761428,0.0
p_010,1,2026-09-16T00:50:00-05:00,30.250647,-97.761381,0.0
p_010,1,2026-09-16T01:00:00-05:00,30.250607,-97.76139,0.0
p_010,1,2026-09-16T01:10:00-05:00,30.250622,-97.761434,0.0
p_010,1,2026-09-16T01:20:00-05:00,30.250687,-97.761381,0.0
p_010,1,2026-09-16T01:30:00-05:00,30.250648,-97.761312,0.0
p_010,1,2026-09-16T01:40:00-05:00,30.250592,-97.761308,0.0
p_010,1,2026-09-16T01:50:00-05:00,30.250678,-97.761345,0.0
p_010,1,2026-09-16T02:00:00-05:00,30.250618,-97.761315,0.0
p_010,1,2026-09-16T02:10:00-05:00,30.250655,-97.761503,0.0
p_010,1,2026-09-16T02:20:00-05:00,30.250695,-97.761466,0.0
p_010,1,2026-09-16T02:30:00-05:00,30.250696,-97.761414,0.0
p_010,1,2026-09-16T02:40:00-05:00,30.25069,-97.761425,0.0
p_010,1,2026-09-16T02:50:00-05:00,30.250715,-97.761345,0.0
p_010,2,2026-09-16T00:00:00-05:00,30.250723,-97.761389,0.0
p_010,2,2026-09-16T00:10:00-05:00,30.250697,-97.76147,0.0
p_010,2,2026-09-16T00:20:00-05:00,30.250679,-97.761471,0.0
p_010,2,2026-09-16T00:30:00-05:00,30.250658,-97.761312,0.0
p_010,2,2026-09-16T00:40:00-05:00,30.250605,-97.761461,0.0
p_010,2,2026-09-16T00:50:00-05:00,30.250637,-97.76135,0.0
p_010,2,2026-09-16T01:00:00-05:00,30.250749,-97.761415,0.0
p_010,2,2026-09-16T01:10:00-05:00,30.250695,-97.761396,0.0
p_010,2,2026-09-16T01:20:00-05:00,30.250663,-97.761383,0.0
p_010,2,2026-09-16T01:30:00-05:00,30.250652,-97.761406,0.0
p_010,2,2026-09-16T01:40:00-05:00,30.250668,-97.761413,0.0
p_010,2,2026-09-16T01:50:00-05:00,30.250632,-97.761371,0.0
p_010,2,2026-09-16T02:00:00-05:00,30.250661,-97.761405,0.0
p_010,2,2026-09-16T02:10:00-05:00,30.250749,-97.761418,0.0
p_010,2,2026-09-16T02:20:00-05:00,30.250679,-97.761396,0.0
p_010,2,2026-09-16T02:30:00-05:00,30.250653,-97.761394,0.0
p_010,2,2026-09-16T02:40:00-05:00,30.250638,-97.761388,0.0
p_010,2,2026-09-16T02:50:00-05:00,30.250672,-97.761357,0.0
p_010,2,2026-09-16T03:00:00-05:00,30.250631,-97.761423,0.0
p_010,2,2026-09-16T03:10:00-05:00,30.250649,-97.761399,0.0
p_010,2,2026-09-16T03:20:00-05:00,30.250622,-97.761383,0.0
p_010,2,2026-09-16T03:30:00-05:00,30.250588,-97.761449,0.0
p_010,2,2026-09-16T03:40:00-05:00,30.250683,-97.761317,0.0
p_010,2,2026-09-16T03:50:00-05:00,30.250653,-97.761371,0.0
p_010,2,2026-09-16T04:00:00-05:00,30.250628,-97.761405,0.0
p_010,2,2026-09-16T04:10:00-05:00,30.250718,-97.761362,0.0
p_010,2,2026-09-16T04:20:00-05:00,30.250702,-97.761346,0.0
p_010,2,2026-09-16T04:30:00-05:00,30.250604,-97.761418,0.0
p_010,2,2026-09-16T04:40:00-05:00,30.250601,-97.76138,0.0
p_010,2,2026-09-16T04:50:00-05:00,30.250671,-97.761367,0.0
p_010,2,2026-09-16T05:00:00-05:00,30.250655,-97.761355,0.0
p_010,2,2026-09-16T05:10:00-05:00,30.250773,-97.761435,0.0
p_010,2,2026-09-16T05:20:00-05:00,30.250694,-97.761457,0.0
p_010,2,2026-09-16T05:30:00-05:00,30.250621,-97.761346,0.0
p_010,2,2026-09-16T05:40:00-05:00,30.250686,-97.761361,0.0
p_010,2,2026-09-16T05:50:00-05:00,30.250678,-97.761365,0.0
p_010,2,2026-09-16T06:00:00-05:00,30.25066,-97.761372,0.0
p_010,2,2026-09-16T06:10:00-05:00,30.250639,-97.761379,0.0
p_010,2,2026-09-16T06:20:00-05:00,30.250656,-97.761423,0.0
p_010,2,2026-09-16T06:30:00-05:00,30.250621,-97.761402,0.0
p_010,2,2026-09-16T06:40:00-05:00,30.250696,-97.761383,0.0
p_010,2,2026-09-16T06:50:00-05:00,30.250659,-97.761422,0.0
p_010,2,2026-09-16T07:00:00-05:00,30.25066,-97.761413,0.0
p_010,2,2026-09-16T07:10:00-05:00,30.250643,-97.761424,0.0
p_010,2,2026-09-16T07:20:00-05:00,30.250655,-97.761407,0.0
p_010,2,2026-09-16T07:30:00-05:00,30.250635,-97.761418,0.0
p_010,2,2026-09-16T07:40:00-05:00,30.250689,-97.76145,0.0
p_010,2,2026-09-16T07:50:00-05:00,30.250644,-97.761418,0.0
p_010,2,2026-09-16T08:00:00-05:00,30.250682,-97.761498,0.0
p_010,2,2026-09-16T08:10:00-05:00,30.250579,-97.761409,0.0
p_010,2,2026-09-16T08:20:00-05:00,30.250661,-97.761417,0.0
p_010,2,2026-09-16T08:30:00-05:00,30.250692,-97.761406,0.0
p_010,2,2026-09-16T08:40:00-05:00,30.250651,-97.76134,0.0
p_010,2,2026-09-16T08:50:00-05:00,30.250523,-97.756597,11.76
p_010,2,2026-09-16T09:00:00-05:00,30.25234,-97.7237,0.0
p_010,2,2026-09-16T09:10:00-05:00,30.252311,-97.7237,0.0
p_010,2,2026-09-16T09:20:00-05:00,30.252275,-97.723612,0.0
p_010,2,2026-09-16T09:30:00-05:00,30.252334,-97.723716,0.0
p_010,2,2026-09-16T09:40:00-05:00,30.25235,-97.723639,0.0
p_010,2,2026-09-16T09:50:00-05:00,30.252299,-97.723579,0.0
p_010,2,2026-09-16T10:00:00-05:00,30.252213,-97.723582,0.0
p_010,2,2026-09-16T10:10:00-05:00,30.252292,-97.723586,0.0
p_010,2,2026-09-16T10:20:00-05:00,30.252314,-97.723639,0.0
p_010,2,2026-09-16T10:30:00-05:00,30.252323,-97.72369,0.0
p_010,2,2026-09-16T10:40:00-05:00,30.25227,-97.723718,0.0
p_010,2,2026-09-16T10:50:00-05:00,30.252286,-97.723613,0.0
p_010,2,2026-09-16T11:00:00-05:00,30.252289,-97.72358,0.0
p_010,2,2026-09-16T11:10:00-05:00,30.252397,-97.723631,0.0
p_010,2,2026-09-16T11:20:00-05:00,30.252264,-97.7237,0.0
p_010,2,2026-09-16T11:30:00-05:00,30.25217,-97.723714,0.0
p_010,2,2026-09-16T11:40:00-05:00,30.252229,-97.723759,0.0
p_010,2,2026-09-16T11:50:00-05:00,30.25228,-97.723712,0.0
p_010,2,2026-09-16T12:00:00-05:00,30.252322,-97.723659,0.0
p_010,2,2026-09-16T12:10:00-05:00,30.252301,-97.72365,0.0
p_010,2,2026-09-16T12:20:00-05:00,30.252252,-97.723611,0.0
p_010,2,2026-09-16T12:30:00-05:00,30.25229,-97.723699,0.0
p_010,2,2026-09-16T12:40:00-05:00,30.252282,-97.723721,0.0
p_010,2,2026-09-16T12:50:00-05:00,30.252241,-97.723702,0.0
p_010,2,2026-09-16T13:00:00-05:00,30.252321,-97.72369,0.0
p_010,2,2026-09-16T13:10:00-05:00,30.266062,-97.728612,0.0
p_010,2,2026-09-16T13:20:00-05:00,30.266124,-97.728601,0.0
p_010,2,2026-09-16T13:30:00-05:00,30.266076,-97.728468,0.0
p_010,2,2026-09-16T13:40:00-05:00,30.266111,-97.728551,0.0
p_010,2,2026-09-16T13:50:00-05:00,30.266075,-97.728583,0.0
p_010,2,2026-09-16T14:00:00-05:00,30.276781,-97.742112,0.0
p_010,2,2026-09-16T14:10:00-05:00,30.276762,-97.742127,0.0
p_010,2,2026-09-16T14:20:00-05:00,30.276734,-97.742056,0.0
p_010,2,2026-09-16T14:30:00-05:00,30.276795,-97.742099,0.0
p_010,2,2026-09-16T14:40:00-05:00,30.27676,-97.742018,0.0
p_010,2,2026-09-16T14:50:00-05:00,30.276801,-97.742054,0.0
p_010,2,2026-09-16T15:00:00-05:00,30.276696,-97.742134,0.0
p_010,2,2026-09-16T15:10:00-05:00,30.276823,-97.742065,0.0
p_010,2,2026-09-16T15:20:00-05:00,30.276753,-97.741945,0.0
p_010,2,2026-09-16T15:30:00-05:00,30.276728,-97.742068,0.0
p_010,2,2026-09-16T15:40:00-05:00,30.276797,-97.742102,0.0
p_010,2,2026-09-16T15:50:00-05:00,30.276803,-97.742119,0.0
p_010,2,2026-09-16T16:00:00-05:00,30.27674,-97.742231,0.0
p_010,2,2026-09-16T16:10:00-05:00,30.276851,-97.742117,0.0
p_010,2,2026-09-16T16:20:00-05:00,30.276799,-97.742154,0.0
p_010,2,2026-09-16T16:30:00-05:00,30.276837,-97.742141,0.0
p_010,2,2026-09-16T16:40:00-05:00,30.276791,-97.742041,0.0
p_010,2,2026-09-16T16:50:00-05:00,30.276818,-97.742082,0.0
p_010,2,2026-09-16T17:00:00-05:00,30.276779,-97.742067,0.0
p_010,2,2026-09-16T17:10:00-05:00,30.276796,-97.742129,0.0
p_010,2,2026-09-16T17:20:00-05:00,30.276766,-97.74207,0.0
p_010,2,2026-09-16T17:30:00-05:00,30.276809,-97.742132,0.0
p_010,2,2026-09-16T17:40:00-05:00,30.276843,-97.742063,0.0
p_010,2,2026-09-16T17:50:00-05:00,30.276643,-97.742046,0.0
p_010,2,2026-09-16T18:00:00-05:00,30.276713,-97.742043,0.0
p_010,2,2026-09-16T18:10:00-05:00,30.276798,-97.74207,0.0
p_010,2,2026-09-16T18:20:00-05:00,30.276756,-97.742133,0.0
p_010,2,2026-09-16T18:30:00-05:00,30.277265,-97.743769,5.28
p_010,2,2026-09-16T18:40:00-05:00,30.280452,-97.749307,0.0
p_010,2,2026-09-16T18:50:00-05:00,30.280514,-97.749461,0.0
p_010,2,2026-09-16T19:00:00-05:00,30.280524,-97.749529,0.0
p_010,2,2026-09-16T19:10:00-05:00,30.28062,-97.749413,0.0
p_010,2,2026-09-16T19:20:00-05:00,30.280479,-97.749512,0.0
p_010,2,2026-09-16T19:30:00-05:00,30.280564,-97.749495,0.0
p_010,2,2026-09-16T19:40:00-05:00,30.28058,-97.749429,0.0
p_010,2,2026-09-16T19:50:00-05:00,30.28057,-97.74948,0.0
p_010,2,2026-09-16T20:00:00-05:00,30.280541,-97.749462,0.0
p_010,2,2026-09-16T20:10:00-05:00,30.280469,-97.74943,0.0
p_010,2,2026-09-16T20:20:00-05:00,30.281026,-97.747568,7.25
p_010,2,2026-09-16T20:30:00-05:00,30.28155,-97.734807,0.0
p_010,2,2026-09-16T20:40:00-05:00,30.281614,-97.734746,0.0
p_010,2,2026-09-16T20:50:00-05:00,30.28158,-97.734775,0.0
p_010,2,2026-09-16T21:00:00-05:00,30.281499,-97.734643,0.0
p_010,2,2026-09-16T21:10:00-05:00,30.281529,-97.734741,0.0
p_010,2,2026-09-16T21:20:00-05:00,30.281544,-97.734752,0.0
p_010,2,2026-09-16T21:30:00-05:00,30.281551,-97.734743,0.0
p_010,2,2026-09-16T21:40:00-05:00,30.281538,-97.734766,0.0
p_010,2,2026-09-16T21:50:00-05:00,30.28153,-97.734735,0.0
p_010,2,2026-09-16T22:00:00-05:00,30.281557,-97.73475,0.0
p_010,2,2026-09-16T22:10:00-05:00,30.281526,-97.734771,0.0
p_010,2,2026-09-16T22:20:00-05:00,30.281557,-97.734646,0.0
p_010,2,2026-09-16T22:30:00-05:00,30.262469,-97.752469,12.55
p_010,2,2026-09-16T22:40:00-05:00,30.250674,-97.761343,0.0
p_010,2,2026-09-16T22:50:00-05:00,30.250702,-97.761384,0.0
p_010,2,2026-09-16T23:00:00-05:00,30.250639,-97.761523,0.0
p_010,2,2026-09-16T23:10:00-05:00,30.250604,-97.7614,0.0
p_010,2,2026-09-16T23:20:00-05:00,30.250571,-97.761375,0.0
p_010,2,2026-09-16T23:30:00-05:00,30.250677,-97.761437,0.0
p_010,2,2026-09-16T23:40:00-05:00,30.250628,-97.761294,0.0
p_010,2,2026-09-16T23:50:00-05:00,30.250664,-97.761465,0.0
p_010,2,2026-09-17T00:00:00-05:00,30.250701,-97.761407,0.0
p_010,2,2026-09-17T00:10:00-05:00,30.250693,-97.761401,0.0
p_010,2,2026-09-17T00:20:00-05:00,30.250706,-97.761284,0.0
p_010,2,2026-09-17T00:30:00-05:00,30.250724,-97.761349,0.0
p_010,2,2026-09-17T00:40:00-05:00,30.250624,-97.761368,0.0
p_010,2,2026-09-17T00:50:00-05:00,30.25065,-97.761319,0.0
p_010,2,2026-09-17T01:00:00-05:00,30.250709,-97.761375,0.0
p_010,2,2026-09-17T01:10:00-05:00,30.25065,-97.761351,0.0
p_010,2,2026-09-17T01:20:00-05:00,30.250684,-97.761359,0.0
p_010,2,2026-09-17T01:30:00-05:00,30.250677,-97.761326,0.0
p_010,2,2026-09-17T01:40:00-05:00,30.250718,-97.761425,0.0
p_010,2,2026-09-17T01:50:00-05:00,30.250627,-97.761339,0.0
p_010,2,2026-09-17T02:00:00-05:00,30.250656,-97.76147,0.0
p_010,2,2026-09-17T02:10:00-05:00,30.250578,-97.761418,0.0
p_010,2,2026-09-17T02:20:00-05:00,30.250695,-97.761381,0.0
p_010,2,2026-09-17T02:30:00-05:00,30.250706,-97.761374,0.0
p_010,2,2026-09-17T02:40:00-05:00,30.250629,-97.761344,0.0
p_010,2,2026-09-17T02:50:00-05:00,30.250693,-97.761396,0.0
p_010,3,2026-09-17T00:00:00-05:00,30.250703,-97.761333,0.0
p_010,3,2026-09-17T00:10:00-05:00,30.250613,-97.76142,0.0
p_010,3,2026-09-17T00:20:00-05:00,30.250667,-97.761405,0.0
p_010,3,2026-09-17T00:30:00-05:00,30.250716,-97.761364,0.0
p_010,3,2026-09-17T00:40:00-05:00,30.250635,-97.761415,0.0
p_010,3,2026-09-17T00:50:00-05:00,30.250674,-97.761369,0.0
p_010,3,2026-09-17T01:00:00-05:00,30.25065,-97.761365,0.0
p_010,3,2026-09-17T01:10:00-05:00,30.25069,-97.761456,0.0
p_010,3,2026-09-17T01:20:00-05:00,30.250675,-97.761377,0.0
p_010,3,2026-09-17T01:30:00-05:00,30.250671,-97.761379,0.0
p_010,3,2026-09-17T01:40:00-05:00,30.250666,-97.761393,0.0
p_010,3,2026-09-17T01:50:00-05:00,30.250602,-97.76136,0.0
p_010,3,2026-09-17T02:00:00-05:00,30.25075,-97.76136,0.0
p_010,3,2026-09-17T02:10:00-05:00,30.250625,-97.761359,0.0
p_010,3,2026-09-17T02:20:00-05:00,30.250699,-97.761301,0.0
p_010,3,2026-09-17T02:30:00-05:00,30.250617,-97.761389,0.0
p_010,3,2026-09-17T02:40:00-05:00,30.250638,-97.761378,0.0
p_010,3,2026-09-17T02:50:00-05:00,30.250627,-97.761323,0.0
p_010,3,2026-09-17T03:00:00-05:00,30.250655,-97.761417,0.0
p_010,3,2026-09-17T03:10:00-05:00,30.250671,-97.76147,0.0
p_010,3,2026-09-17T03:20:00-05:00,30.250688,-97.761379,0.0
p_010,3,2026-09-17T03:30:00-05:00,30.250685,-97.761361,0.0
p_010,3,2026-09-17T03:40:00-05:00,30.250647,-97.761464,0.0
p_010,3,2026-09-17T03:50:00-05:00,30.250714,-97.761342,0.0
p_010,3,2026-09-17T04:00:00-05:00,30.250616,-97.761367,0.0
p_010,3,2026-09-17T04:10:00-05:00,30.250733,-97.761381,0.0
p_010,3,2026-09-17T04:20:00-05:00,30.250591,-97.761387,0.0
p_010,3,2026-09-17T04:30:00-05:00,30.250621,-97.761445,0.0
p_010,3,2026-09-17T04:40:00-05:00,30.250677,-97.761415,0.0
p_010,3,2026-09-17T04:50:00-05:00,30.250697,-97.761413,0.0
p_010,3,2026-09-17T05:00:00-05:00,30.250708,-97.761402,0.0
p_010,3,2026-09-17T05:10:00-05:00,30.250688,-97.761414,0.0
p_010,3,2026-09-17T05:20:00-05:00,30.250683,-97.761415,0.0
p_010,3,2026-09-17T05:30:00-05:00,30.250691,-97.761424,0.0
p_010,3,2026-09-17T05:40:00-05:00,30.250682,-97.761419,0.0
p_010,3,2026-09-17T05:50:00-05:00,30.250694,-97.761387,0.0
p_010,3,2026-09-17T06:00:00-05:00,30.250651,-97.761408,0.0
p_010,3,2026-09-17T06:10:00-05:00,30.250604,-97.761423,0.0
p_010,3,2026-09-17T06:20:00-05:00,30.250667,-97.761464,0.0
p_010,3,2026-09-17T06:30:00-05:00,30.25065,-97.761409,0.0
p_010,3,2026-09-17T06:40:00-05:00,30.250669,-97.761411,0.0
p_010,3,2026-09-17T06:50:00-05:00,30.250642,-97.761437,0.0
p_010,3,2026-09-17T07:00:00-05:00,30.250645,-97.761398,0.0
p_010,3,2026-09-17T07:10:00-05:00,30.250653,-97.761346,0.0
p_010,3,2026-09-17T07:20:00-05:00,30.25068,-97.76135,0.0
p_010,3,2026-09-17T07:30:00-05:00,30.250668,-97.761363,0.0
p_010,3,2026-09-17T07:40:00-05:00,30.250581,-97.761356,0.0
p_010,3,2026-09-17T07:50:00-05:00,30.250671,-97.761428,0.0
p_010,3,2026-09-17T08:00:00-05:00,30.25058,-97.761453,0.0
p_010,3,2026-09-17T08:10:00-05:00,30.250686,-97.761351,0.0
p_010,3,2026-09-17T08:20:00-05:00,30.250709,-97.761411,0.0
p_010,3,2026-09-17T08:30:00-05:00,30.250687,-97.761357,0.0
p_010,3,2026-09-17T08:40:00-05:00,30.250655,-97.761377,0.0
p_010,3,2026-09-17T08:50:00-05:00,30.250638,-97.761396,0.0
p_010,3,2026-09-17T09:00:00-05:00,30.250633,-97.761413,0.0
p_010,3,2026-09-17T09:10:00-05:00,30.250675,-97.761359,0.0
p_010,3,2026-09-17T09:20:00-05:00,30.250593,-97.7614,0.0
p_010,3,2026-09-17T09:30:00-05:00,30.250753,-97.761398,0.0
p_010,3,2026-09-17T09:40:00-05:00,30.250633,-97.761387,0.0
p_010,3,2026-09-17T09:50:00-05:00,30.250658,-97.761431,0.0
p_010,3,2026-09-17T10:00:00-05:00,30.250563,-97.761377,0.0
p_010,3,2026-09-17T10:10:00-05:00,30.25066,-97.761348,0.0
p_010,3,2026-09-17T10:20:00-05:00,30.250648,-97.761404,0.0
p_010,3,2026-09-17T10:30:00-05:00,30.25067,-97.761418,0.0
p_010,3,2026-09-17T10:40:00-05:00,30.250751,-97.761364,0.0
p_010,3,2026-09-17T10:50:00-05:00,30.250713,-97.761403,0.0
p_010,3,2026-09-17T11:00:00-05:00,30.250701,-97.761438,0.0
p_010,3,2026-09-17T11:10:00-05:00,30.250682,-97.761442,0.0
p_010,3,2026-09-17T11:20:00-05:00,30.250617,-97.761387,0.0
p_010,3,2026-09-17T11:30:00-05:00,30.250693,-97.761486,0.0
p_010,3,2026-09-17T11:40:00-05:00,30.250683,-97.761339,0.0
p_010,3,2026-09-17T11:50:00-05:00,30.250649,-97.761485,0.0
p_010,3,2026-09-17T12:00:00-05:00,30.2507,-97.761369,0.0
p_010,3,2026-09-17T12:10:00-05:00,30.250691,-97.761446,0.0
p_010,3,2026-09-17T12:20:00-05:00,30.255753,-97.743817,0.0
p_010,3,2026-09-17T12:30:00-05:00,30.255748,-97.743909,0.0
p_010,3,2026-09-17T12:40:00-05:00,30.255704,-97.743808,0.0
p_010,3,2026-09-17T12:50:00-05:00,30.255618,-97.743823,0.0
p_010,3,2026-09-17T13:00:00-05:00,30.255687,-97.743825,0.0
p_010,3,2026-09-17T13:10:00-05:00,30.255644,-97.743991,0.0
p_010,3,2026-09-17T13:20:00-05:00,30.255661,-97.743861,0.0
p_010,3,2026-09-17T13:30:00-05:00,30.274995,-97.74223,0.0
p_010,3,2026-09-17T13:40:00-05:00,30.274892,-97.742284,0.0
p_010,3,2026-09-17T13:50:00-05:00,30.2749,-97.742233,0.0
p_010,3,2026-09-17T14:00:00-05:00,30.274998,-97.742274,0.0
p_010,3,2026-09-17T14:10:00-05:00,30.274908,-97.742272,0.0
p_010,3,2026-09-17T14:20:00-05:00,30.27489,-97.742269,0.0
p_010,3,2026-09-17T14:30:00-05:00,30.274922,-97.742259,0.0
p_010,3,2026-09-17T14:40:00-05:00,30.274985,-97.742331,0.0
p_010,3,2026-09-17T14:50:00-05:00,30.27498,-97.742287,0.0
p_010,3,2026-09-17T15:00:00-05:00,30.274955,-97.742333,0.0
p_010,3,2026-09-17T15:10:00-05:00,30.274904,-97.742259,0.0
p_010,3,2026-09-17T15:20:00-05:00,30.274855,-97.742166,0.0
p_010,3,2026-09-17T15:30:00-05:00,30.274901,-97.742085,0.0
p_010,3,2026-09-17T15:40:00-05:00,30.274909,-97.742188,0.0
p_010,3,2026-09-17T15:50:00-05:00,30.274897,-97.742313,0.0
p_010,3,2026-09-17T16:00:00-05:00,30.274959,-97.742226,0.0
p_010,3,2026-09-17T16:10:00-05:00,30.274974,-97.742263,0.0
p_010,3,2026-09-17T16:20:00-05:00,30.274864,-97.742239,0.0
p_010,3,2026-09-17T16:30:00-05:00,30.274879,-97.742233,0.0
p_010,3,2026-09-17T16:40:00-05:00,30.274933,-97.74225,0.0
p_010,3,2026-09-17T16:50:00-05:00,30.274906,-97.742267,0.0
p_010,3,2026-09-17T17:00:00-05:00,30.274899,-97.742253,0.0
p_010,3,2026-09-17T17:10:00-05:00,30.274909,-97.742192,0.0
p_010,3,2026-09-17T17:20:00-05:00,30.274875,-97.74232,0.0
p_010,3,2026-09-17T17:30:00-05:00,30.274963,-97.742299,0.0
p_010,3,2026-09-17T17:40:00-05:00,30.27491,-97.742291,0.0
p_010,3,2026-09-17T17:50:00-05:00,30.274917,-97.742207,0.0
p_010,3,2026-09-17T18:00:00-05:00,30.27488,-97.742215,0.0
p_010,3,2026-09-17T18:10:00-05:00,30.274973,-97.742233,0.0
p_010,3,2026-09-17T18:20:00-05:00,30.274894,-97.742201,0.0
p_010,3,2026-09-17T18:30:00-05:00,30.274991,-97.742221,0.0
p_010,3,2026-09-17T18:40:00-05:00,30.274913,-97.742214,0.0
p_010,3,2026-09-17T18:50:00-05:00,30.274836,-97.742242,0.0
p_010,3,2026-09-17T19:00:00-05:00,30.274934,-97.742322,0.0
p_010,3,2026-09-17T19:10:00-05:00,30.274934,-97.742284,0.0
p_010,3,2026-09-17T19:20:00-05:00,30.274956,-97.742196,0.0
p_010,3,2026-09-17T19:30:00-05:00,30.274945,-97.742226,0.0
p_010,3,2026-09-17T19:40:00-05:00,30.274953,-97.742265,0.0
p_010,3,2026-09-17T19:50:00-05:00,30.274945,-97.742223,0.0
p_010,3,2026-09-17T20:00:00-05:00,30.274904,-97.742253,0.0
p_010,3,2026-09-17T20:10:00-05:00,30.274921,-97.74223,0.0
p_010,3,2026-09-17T20:20:00-05:00,30.275008,-97.742251,0.0
p_010,3,2026-09-17T20:30:00-05:00,30.280145,-97.736686,0.0
p_010,3,2026-09-17T20:40:00-05:00,30.28008,-97.736703,0.0
p_010,3,2026-09-17T20:50:00-05:00,30.280138,-97.736621,0.0
p_010,3,2026-09-17T21:00:00-05:00,30.280075,-97.736674,0.0
p_010,3,2026-09-17T21:10:00-05:00,30.280183,-97.736716,0.0
p_010,3,2026-09-17T21:20:00-05:00,30.280174,-97.736695,0.0
p_010,3,2026-09-17T21:30:00-05:00,30.280105,-97.736683,0.0
p_010,3,2026-09-17T21:40:00-05:00,30.280224,-97.736674,0.0
p_010,3,2026-09-17T21:50:00-05:00,30.280119,-97.736621,0.0
p_010,3,2026-09-17T22:00:00-05:00,30.280203,-97.736712,0.0
p_010,3,2026-09-17T22:10:00-05:00,30.280149,-97.736746,0.0
p_010,3,2026-09-17T22:20:00-05:00,30.280136,-97.736655,0.0
p_010,3,2026-09-17T22:30:00-05:00,30.280133,-97.736741,0.0
p_010,3,2026-09-17T22:40:00-05:00,30.250699,-97.761455,10.04
p_010,3,2026-09-17T22:50:00-05:00,30.25059,-97.76144,0.0
p_010,3,2026-09-17T23:00:00-05:00,30.250646,-97.761406,0.0
p_010,3,2026-09-17T23:10:00-05:00,30.250594,-97.761459,0.0
p_010,3,2026-09-17T23:20:00-05:00,30.250672,-97.76139,0.0
p_010,3,2026-09-17T23:30:00-05:00,30.250646,-97.761456,0.0
p_010,3,2026-09-17T23:40:00-05:00,30.250652,-97.761437,0.0
p_010,3,2026-09-17T23:50:00-05:00,30.250693,-97.76133,0.0
p_010,3,2026-09-18T00:00:00-05:00,30.250581,-97.761385,0.0
p_010,3,2026-09-18T00:10:00-05:00,30.250648,-97.761447,0.0
p_010,3,2026-09-18T00:20:00-05:00,30.250625,-97.761422,0.0
p_010,3,2026-09-18T00:30:00-05:00,30.250715,-97.761383,0.0
p_010,3,2026-09-18T00:40:00-05:00,30.25067,-97.76142,0.0
p_010,3,2026-09-18T00:50:00-05:00,30.250645,-97.761376,0.0
p_010,3,2026-09-18T01:00:00-05:00,30.250677,-97.761314,0.0
p_010,3,2026-09-18T01:10:00-05:00,30.250639,-97.761403,0.0
p_010,3,2026-09-18T01:20:00-05:00,30.250631,-97.761393,0.0
p_010,3,2026-09-18T01:30:00-05:00,30.250733,-97.761437,0.0
p_010,3,2026-09-18T01:40:00-05:00,30.250641,-97.76137,0.0
p_010,3,2026-09-18T01:50:00-05:00,30.250724,-97.761392,0.0
p_010,3,2026-09-18T02:00:00-05:00,30.250596,-97.761394,0.0
p_010,3,2026-09-18T02:10:00-05:00,30.250659,-97.76143,0.0
p_010,3,2026-09-18T02:20:00-05:00,30.250642,-97.761316,0.0
p_010,3,2026-09-18T02:30:00-05:00,30.250644,-97.761401,0.0
p_010,3,2026-09-18T02:40:00-05:00,30.25069,-97.76141,0.0
p_010,3,2026-09-18T02:50:00-05:00,30.250702,-97.761341,0.0
p_010,4,2026-09-18T00:00:00-05:00,30.250667,-97.761483,0.0
p_010,4,2026-09-18T00:10:00-05:00,30.250642,-97.761474,0.0
p_010,4,2026-09-18T00:20:00-05:00,30.250666,-97.761301,0.0
p_010,4,2026-09-18T00:30:00-05:00,30.25063,-97.761427,0.0
p_010,4,2026-09-18T00:40:00-05:00,30.250619,-97.761362,0.0
p_010,4,2026-09-18T00:50:00-05:00,30.250637,-97.761423,0.0
p_010,4,2026-09-18T01:00:00-05:00,30.250693,-97.761357,0.0
p_010,4,2026-09-18T01:10:00-05:00,30.250602,-97.761374,0.0
p_010,4,2026-09-18T01:20:00-05:00,30.250694,-97.761403,0.0
p_010,4,2026-09-18T01:30:00-05:00,30.250705,-97.761321,0.0
p_010,4,2026-09-18T01:40:00-05:00,30.250627,-97.761428,0.0
p_010,4,2026-09-18T01:50:00-05:00,30.250649,-97.761463,0.0
p_010,4,2026-09-18T02:00:00-05:00,30.250627,-97.761338,0.0
p_010,4,2026-09-18T02:10:00-05:00,30.250667,-97.761364,0.0
p_010,4,2026-09-18T02:20:00-05:00,30.25064,-97.76146,0.0
p_010,4,2026-09-18T02:30:00-05:00,30.25065,-97.76143,0.0
p_010,4,2026-09-18T02:40:00-05:00,30.250649,-97.761431,0.0
p_010,4,2026-09-18T02:50:00-05:00,30.250704,-97.76149,0.0
p_010,4,2026-09-18T03:00:00-05:00,30.250682,-97.761429,0.0
p_010,4,2026-09-18T03:10:00-05:00,30.25065,-97.761414,0.0
p_010,4,2026-09-18T03:20:00-05:00,30.250698,-97.761266,0.0
p_010,4,2026-09-18T03:30:00-05:00,30.250684,-97.761441,0.0
p_010,4,2026-09-18T03:40:00-05:00,30.250714,-97.761385,0.0
p_010,4,2026-09-18T03:50:00-05:00,30.250597,-97.761403,0.0
p_010,4,2026-09-18T04:00:00-05:00,30.250665,-97.761319,0.0
p_010,4,2026-09-18T04:10:00-05:00,30.250638,-97.761425,0.0
p_010,4,2026-09-18T04:20:00-05:00,30.250682,-97.761338,0.0
p_010,4,2026-09-18T04:30:00-05:00,30.250674,-97.761447,0.0
p_010,4,2026-09-18T04:40:00-05:00,30.250707,-97.761361,0.0
p_010,4,2026-09-18T04:50:00-05:00,30.250665,-97.761428,0.0
p_010,4,2026-09-18T05:00:00-05:00,30.250677,-97.761375,0.0
p_010,4,2026-09-18T05:10:00-05:00,30.250711,-97.761431,0.0
p_010,4,2026-09-18T05:20:00-05:00,30.250696,-97.761404,0.0
p_010,4,2026-09-18T05:30:00-05:00,30.250667,-97.761393,0.0
p_010,4,2026-09-18T05:40:00-05:00,30.250609,-97.761445,0.0
p_010,4,2026-09-18T05:50:00-05:00,30.250633,-97.761348,0.0
p_010,4,2026-09-18T06:00:00-05:00,30.250652,-97.761371,0.0
p_010,4,2026-09-18T06:10:00-05:00,30.250676,-97.761357,0.0
p_010,4,2026-09-18T06:20:00-05:00,30.250718,-97.761328,0.0
p_010,4,2026-09-18T06:30:00-05:00,30.250655,-97.761394,0.0
p_010,4,2026-09-18T06:40:00-05:00,30.250674,-97.761466,0.0
p_010,4,2026-09-18T06:50:00-05:00,30.250647,-97.761384,0.0
p_010,4,2026-09-18T07:00:00-05:00,30.250677,-97.761433,0.0
p_010,4,2026-09-18T07:10:00-05:00,30.250616,-97.761409,0.0
p_010,4,2026-09-18T07:20:00-05:00,30.250677,-97.761374,0.0
p_010,4,2026-09-18T07:30:00-05:00,30.250659,-97.761389,0.0
p_010,4,2026-09-18T07:40:00-05:00,30.250604,-97.761337,0.0
p_010,4,2026-09-18T07:50:00-05:00,30.25063,-97.761426,0.0
p_010,4,2026-09-18T08:00:00-05:00,30.250655,-97.761408,0.0
p_010,4,2026-09-18T08:10:00-05:00,30.250624,-97.76138,0.0
p_010,4,2026-09-18T08:20:00-05:00,30.250679,-97.761337,0.0
p_010,4,2026-09-18T08:30:00-05:00,30.250643,-97.761447,0.0
p_010,4,2026-09-18T08:40:00-05:00,30.250584,-97.761348,0.0
p_010,4,2026-09-18T08:50:00-05:00,30.250665,-97.76137,0.0
p_010,4,2026-09-18T09:00:00-05:00,30.26089,-97.727715,11.91
p_010,4,2026-09-18T09:10:00-05:00,30.261743,-97.722968,0.0
p_010,4,2026-09-18T09:20:00-05:00,30.261765,-97.722905,0.0
p_010,4,2026-09-18T09:30:00-05:00,30.261761,-97.722844,0.0
p_010,4,2026-09-18T09:40:00-05:00,30.261728,-97.722896,0.0
p_010,4,2026-09-18T09:50:00-05:00,30.261802,-97.722979,0.0
p_010,4,2026-09-18T10:00:00-05:00,30.261726,-97.7229,0.0
p_010,4,2026-09-18T10:10:00-05:00,30.261837,-97.722895,0.0
p_010,4,2026-09-18T10:20:00-05:00,30.261728,-97.722946,0.0
p_010,4,2026-09-18T10:30:00-05:00,30.261743,-97.722851,0.0
p_010,4,2026-09-18T10:40:00-05:00,30.261799,-97.722959,0.0
p_010,4,2026-09-18T10:50:00-05:00,30.261787,-97.722935,0.0
p_010,4,2026-09-18T11:00:00-05:00,30.261745,-97.722879,0.0
p_010,4,2026-09-18T11:10:00-05:00,30.261775,-97.722899,0.0
p_010,4,2026-09-18T11:20:00-05:00,30.26183,-97.722882,0.0
p_010,4,2026-09-18T11:30:00-05:00,30.261839,-97.722897,0.0
p_010,4,2026-09-18T11:40:00-05:00,30.261827,-97.722836,0.0
p_010,4,2026-09-18T11:50:00-05:00,30.261755,-97.722863,0.0
p_010,4,2026-09-18T12:00:00-05:00,30.261755,-97.722841,0.0
p_010,4,2026-09-18T12:10:00-05:00,30.26297,-97.724343,1.11
p_010,4,2026-09-18T12:20:00-05:00,30.26556,-97.728236,0.0
p_010,4,2026-09-18T12:30:00-05:00,30.265673,-97.728286,0.0
p_010,4,2026-09-18T12:40:00-05:00,30.265593,-97.728188,0.0
p_010,4,2026-09-18T12:50:00-05:00,30.265619,-97.728278,0.0
p_010,4,2026-09-18T13:00:00-05:00,30.265628,-97.728278,0.0
p_010,4,2026-09-18T13:10:00-05:00,30.26563,-97.72829,0.0
p_010,4,2026-09-18T13:20:00-05:00,30.265619,-97.728287,0.0
p_010,4,2026-09-18T13:30:00-05:00,30.265661,-97.728311,0.0
p_010,4,2026-09-18T13:40:00-05:00,30.269268,-97.734045,6.46
p_010,4,2026-09-18T13:50:00-05:00,30.276776,-97.74205,0.0
p_010,4,2026-09-18T14:00:00-05:00,30.276799,-97.742136,0.0
p_010,4,2026-09-18T14:10:00-05:00,30.276775,-97.74206,0.0
p_010,4,2026-09-18T14:20:00-05:00,30.276765,-97.742118,0.0
p_010,4,2026-09-18T14:30:00-05:00,30.27686,-97.742043,0.0
p_010,4,2026-09-18T14:40:00-05:00,30.276802,-97.742063,0.0
p_010,4,2026-09-18T14:50:00-05:00,30.276796,-97.742029,0.0
p_010,4,2026-09-18T15:00:00-05:00,30.276718,-97.742048,0.0
p_010,4,2026-09-18T15:10:00-05:00,30.276763,-97.742038,0.0
p_010,4,2026-09-18T15:20:00-05:00,30.276817,-97.742112,0.0
p_010,4,2026-09-18T15:30:00-05:00,30.276729,-97.74198,0.0
p_010,4,2026-09-18T15:40:00-05:00,30.276697,-97.742109,0.0
p_010,4,2026-09-18T15:50:00-05:00,30.276754,-97.742071,0.0
p_010,4,2026-09-18T16:00:00-05:00,30.276789,-97.742062,0.0
p_010,4,2026-09-18T16:10:00-05:00,30.276826,-97.742217,0.0
p_010,4,2026-09-18T16:20:00-05:00,30.276752,-97.742083,0.0
p_010,4,2026-09-18T16:30:00-05:00,30.276791,-97.742029,0.0
p_010,4,2026-09-18T16:40:00-05:00,30.27678,-97.742068,0.0
p_010,4,2026-09-18T16:50:00-05:00,30.276753,-97.742133,0.0
p_010,4,2026-09-18T17:00:00-05:00,30.276834,-97.74205,0.0
p_010,4,2026-09-18T17:10:00-05:00,30.276738,-97.742092,0.0
p_010,4,2026-09-18T17:20:00-05:00,30.27675,-97.742056,0.0
p_010,4,2026-09-18T17:30:00-05:00,30.276706,-97.742087,0.0
p_010,4,2026-09-18T17:40:00-05:00,30.276775,-97.742028,0.0
p_010,4,2026-09-18T17:50:00-05:00,30.276757,-97.742059,0.0
p_010,4,2026-09-18T18:00:00-05:00,30.276751,-97.742037,0.0
p_010,4,2026-09-18T18:10:00-05:00,30.274885,-97.737505,1.43
p_010,4,2026-09-18T18:20:00-05:00,30.274899,-97.737505,0.0
p_010,4,2026-09-18T18:30:00-05:00,30.274977,-97.737529,0.0
p_010,4,2026-09-18T18:40:00-05:00,30.274974,-97.737505,0.0
p_010,4,2026-09-18T18:50:00-05:00,30.275028,-97.7375,0.0
p_010,4,2026-09-18T19:00:00-05:00,30.274881,-97.737539,0.0
p_010,4,2026-09-18T19:10:00-05:00,30.274932,-97.737516,0.0
p_010,4,2026-09-18T19:20:00-05:00,30.275008,-97.737521,0.0
p_010,4,2026-09-18T19:30:00-05:00,30.274943,-97.737609,0.0
p_010,4,2026-09-18T19:40:00-05:00,30.275051,-97.737561,0.0
p_010,4,2026-09-18T19:50:00-05:00,30.274994,-97.737558,0.0
p_010,4,2026-09-18T20:00:00-05:00,30.274956,-97.737558,0.0
p_010,4,2026-09-18T20:10:00-05:00,30.274924,-97.737557,0.0
p_010,4,2026-09-18T20:20:00-05:00,30.273138,-97.729256,0.0
p_010,4,2026-09-18T20:30:00-05:00,30.273083,-97.729184,0.0
p_010,4,2026-09-18T20:40:00-05:00,30.273081,-97.729204,0.0
p_010,4,2026-09-18T20:50:00-05:00,30.273206,-97.729269,0.0
p_010,4,2026-09-18T21:00:00-05:00,30.273118,-97.729244,0.0
p_010,4,2026-09-18T21:10:00-05:00,30.273146,-97.729232,0.0
p_010,4,2026-09-18T21:20:00-05:00,30.273162,-97.729188,0.0
p_010,4,2026-09-18T21:30:00-05:00,30.273141,-97.729249,0.0
p_010,4,2026-09-18T21:40:00-05:00,30.273114,-97.729237,0.0
p_010,4,2026-09-18T21:50:00-05:00,30.273138,-97.729251,0.0
p_010,4,2026-09-18T22:00:00-05:00,30.273086,-97.729236,0.0
p_010,4,2026-09-18T22:10:00-05:00,30.273129,-97.72923,0.0
p_010,4,2026-09-18T22:20:00-05:00,30.2506,-97.761349,11.08
p_010,4,2026-09-18T22:30:00-05:00,30.250655,-97.761415,0.0
p_010,4,2026-09-18T22:40:00-05:00,30.25059,-97.761408,0.0
p_010,4,2026-09-18T22:50:00-05:00,30.250685,-97.761333,0.0
p_010,4,2026-09-18T23:00:00-05:00,30.250662,-97.76137,0.0
p_010,4,2026-09-18T23:10:00-05:00,30.250691,-97.761416,0.0
p_010,4,2026-09-18T23:20:00-05:00,30.250612,-97.761328,0.0
p_010,4,2026-09-18T23:30:00-05:00,30.250611,-97.761304,0.0
p_010,4,2026-09-18T23:40:00-05:00,30.2507,-97.761351,0.0
p_010,4,2026-09-18T23:50:00-05:00,30.250674,-97.761492,0.0
p_010,4,2026-09-19T00:00:00-05:00,30.250692,-97.761402,0.0
p_010,4,2026-09-19T00:10:00-05:00,30.250602,-97.761324,0.0
p_010,4,2026-09-19T00:20:00-05:00,30.250635,-97.761504,0.0
p_010,4,2026-09-19T00:30:00-05:00,30.250658,-97.761418,0.0
p_010,4,2026-09-19T00:40:00-05:00,30.250733,-97.76141,0.0
p_010,4,2026-09-19T00:50:00-05:00,30.250613,-97.761523,0.0
p_010,4,2026-09-19T01:00:00-05:00,30.250724,-97.761332,0.0
p_010,4,2026-09-19T01:10:00-05:00,30.250621,-97.761471,0.0
p_010,4,2026-09-19T01:20:00-05:00,30.250644,-97.761278,0.0
p_010,4,2026-09-19T01:30:00-05:00,30.250691,-97.761365,0.0
p_010,4,2026-09-19T01:40:00-05:00,30.250663,-97.761409,0.0
p_010,4,2026-09-19T01:50:00-05:00,30.25062,-97.761383,0.0
p_010,4,2026-09-19T02:00:00-05:00,30.250715,-97.761449,0.0
p_010,4,2026-09-19T02:10:00-05:00,30.250633,-97.761365,0.0
p_010,4,2026-09-19T02:20:00-05:00,30.250663,-97.761374,0.0
p_010,4,2026-09-19T02:30:00-05:00,30.250636,-97.761379,0.0
p_010,4,2026-09-19T02:40:00-05:00,30.250655,-97.761378,0.0
p_010,4,2026-09-19T02:50:00-05:00,30.2507,-97.761402,0.0
p_011,0,2026-09-14T00:00:00-05:00,30.269066,-97.75436,0.0
p_011,0,2026-09-14T00:10:00-05:00,30.269102,-97.754432,0.0
p_011,0,2026-09-14T00:20:00-05:00,30.269118,-97.754443,0.0
p_011,0,2026-09-14T00:30:00-05:00,30.26908,-97.754448,0.0
p_011,0,2026-09-14T00:40:00-05:00,30.269137,-97.754402,0.0
p_011,0,2026-09-14T00:50:00-05:00,30.269045,-97.754455,0.0
p_011,0,2026-09-14T01:00:00-05:00,30.269137,-97.7545,0.0
p_011,0,2026-09-14T01:10:00-05:00,30.269134,-97.754394,0.0
p_011,0,2026-09-14T01:20:00-05:00,30.269099,-97.754518,0.0
p_011,0,2026-09-14T01:30:00-05:00,30.269139,-97.754499,0.0
p_011,0,2026-09-14T01:40:00-05:00,30.269042,-97.754398,0.0
p_011,0,2026-09-14T01:50:00-05:00,30.269086,-97.7545,0.0
p_011,0,2026-09-14T02:00:00-05:00,30.269054,-97.754381,0.0
p_011,0,2026-09-14T02:10:00-05:00,30.269114,-97.754411,0.0
p_011,0,2026-09-14T02:20:00-05:00,30.269082,-97.754404,0.0
p_011,0,2026-09-14T02:30:00-05:00,30.269126,-97.754417,0.0
p_011,0,2026-09-14T02:40:00-05:00,30.269147,-97.754429,0.0
p_011,0,2026-09-14T02:50:00-05:00,30.269128,-97.754497,0.0
p_011,0,2026-09-14T03:00:00-05:00,30.269052,-97.754394,0.0
p_011,0,2026-09-14T03:10:00-05:00,30.26912,-97.754443,0.0
p_011,0,2026-09-14T03:20:00-05:00,30.269157,-97.754412,0.0
p_011,0,2026-09-14T03:30:00-05:00,30.269133,-97.754382,0.0
p_011,0,2026-09-14T03:40:00-05:00,30.269085,-97.754432,0.0
p_011,0,2026-09-14T03:50:00-05:00,30.269086,-97.754372,0.0
p_011,0,2026-09-14T04:00:00-05:00,30.269122,-97.75441,0.0
p_011,0,2026-09-14T04:10:00-05:00,30.269019,-97.75443,0.0
p_011,0,2026-09-14T04:20:00-05:00,30.269098,-97.754456,0.0
p_011,0,2026-09-14T04:30:00-05:00,30.269067,-97.754349,0.0
p_011,0,2026-09-14T04:40:00-05:00,30.26913,-97.754453,0.0
p_011,0,2026-09-14T04:50:00-05:00,30.269108,-97.754452,0.0
p_011,0,2026-09-14T05:00:00-05:00,30.269122,-97.754408,0.0
p_011,0,2026-09-14T05:10:00-05:00,30.269042,-97.754383,0.0
p_011,0,2026-09-14T05:20:00-05:00,30.269107,-97.754486,0.0
p_011,0,2026-09-14T05:30:00-05:00,30.269056,-97.754477,0.0
p_011,0,2026-09-14T05:40:00-05:00,30.269076,-97.754506,0.0
p_011,0,2026-09-14T05:50:00-05:00,30.269065,-97.754453,0.0
p_011,0,2026-09-14T06:00:00-05:00,30.269003,-97.754505,0.0
p_011,0,2026-09-14T06:10:00-05:00,30.269088,-97.754517,0.0
p_011,0,2026-09-14T06:20:00-05:00,30.269093,-97.754378,0.0
p_011,0,2026-09-14T06:30:00-05:00,30.269082,-97.754375,0.0
p_011,0,2026-09-14T06:40:00-05:00,30.269098,-97.75443,0.0
p_011,0,2026-09-14T06:50:00-05:00,30.269109,-97.754438,0.0
p_011,0,2026-09-14T07:00:00-05:00,30.269076,-97.754406,0.0
p_011,0,2026-09-14T07:10:00-05:00,30.269052,-97.754456,0.0
p_011,0,2026-09-14T07:20:00-05:00,30.269157,-97.754361,0.0
p_011,0,2026-09-14T07:30:00-05:00,30.269074,-97.754385,0.0
p_011,0,2026-09-14T07:40:00-05:00,30.269106,-97.754446,0.0
p_011,0,2026-09-14T07:50:00-05:00,30.269083,-97.754422,0.0
p_011,0,2026-09-14T08:00:00-05:00,30.269079,-97.754434,0.0
p_011,0,2026-09-14T08:10:00-05:00,30.269185,-97.754462,0.0
p_011,0,2026-09-14T08:20:00-05:00,30.271524,-97.755281,0.0
p_011,0,2026-09-14T08:30:00-05:00,30.271595,-97.755206,0.0
p_011,0,2026-09-14T08:40:00-05:00,30.26939,-97.753618,1.54
p_011,0,2026-09-14T08:50:00-05:00,30.269009,-97.75336,0.0
p_011,0,2026-09-14T09:00:00-05:00,30.269017,-97.753336,0.0
p_011,0,2026-09-14T09:10:00-05:00,30.269058,-97.753375,0.0
p_011,0,2026-09-14T09:20:00-05:00,30.269062,-97.753229,0.0
p_011,0,2026-09-14T09:30:00-05:00,30.269032,-97.753292,0.0
p_011,0,2026-09-14T09:40:00-05:00,30.269072,-97.753387,0.0
p_011,0,2026-09-14T09:50:00-05:00,30.269131,-97.753379,0.0
p_011,0,2026-09-14T10:00:00-05:00,30.269008,-97.753332,0.0
p_011,0,2026-09-14T10:10:00-05:00,30.269024,-97.753253,0.0
p_011,0,2026-09-14T10:20:00-05:00,30.268914,-97.753378,0.0
p_011,0,2026-09-14T10:30:00-05:00,30.269018,-97.753324,0.0
p_011,0,2026-09-14T10:40:00-05:00,30.268971,-97.753304,0.0
p_011,0,2026-09-14T10:50:00-05:00,30.269021,-97.753393,0.0
p_011,0,2026-09-14T11:00:00-05:00,30.269011,-97.75331,0.0
p_011,0,2026-09-14T11:10:00-05:00,30.26897,-97.753344,0.0
p_011,0,2026-09-14T11:20:00-05:00,30.26901,-97.75328,0.0
p_011,0,2026-09-14T11:30:00-05:00,30.269076,-97.753361,0.0
p_011,0,2026-09-14T11:40:00-05:00,30.26904,-97.753425,0.0
p_011,0,2026-09-14T11:50:00-05:00,30.268996,-97.753423,0.0
p_011,0,2026-09-14T12:00:00-05:00,30.268944,-97.753334,0.0
p_011,0,2026-09-14T12:10:00-05:00,30.268602,-97.75422,0.0
p_011,0,2026-09-14T12:20:00-05:00,30.268642,-97.754236,0.0
p_011,0,2026-09-14T12:30:00-05:00,30.268563,-97.754169,0.0
p_011,0,2026-09-14T12:40:00-05:00,30.268617,-97.75425,0.0
p_011,0,2026-09-14T12:50:00-05:00,30.268555,-97.754273,0.0
p_011,0,2026-09-14T13:00:00-05:00,30.268681,-97.754169,0.0
p_011,0,2026-09-14T13:10:00-05:00,30.268555,-97.754228,0.0
p_011,0,2026-09-14T13:20:00-05:00,30.26855,-97.754156,0.0
p_011,0,2026-09-14T13:30:00-05:00,30.269057,-97.753308,0.0
p_011,0,2026-09-14T13:40:00-05:00,30.269019,-97.753332,0.0
p_011,0,2026-09-14T13:50:00-05:00,30.268947,-97.753331,0.0
p_011,0,2026-09-14T14:00:00-05:00,30.268991,-97.753233,0.0
p_011,0,2026-09-14T14:10:00-05:00,30.268959,-97.753317,0.0
p_011,0,2026-09-14T14:20:00-05:00,30.269045,-97.753345,0.0
p_011,0,2026-09-14T14:30:00-05:00,30.269075,-97.753325,0.0
p_011,0,2026-09-14T14:40:00-05:00,30.269044,-97.753314,0.0
p_011,0,2026-09-14T14:50:00-05:00,30.269042,-97.753267,0.0
p_011,0,2026-09-14T15:00:00-05:00,30.268965,-97.753249,0.0
p_011,0,2026-09-14T15:10:00-05:00,30.269049,-97.753306,0.0
p_011,0,2026-09-14T15:20:00-05:00,30.268929,-97.75325,0.0
p_011,0,2026-09-14T15:30:00-05:00,30.269074,-97.753305,0.0
p_011,0,2026-09-14T15:40:00-05:00,30.268981,-97.753325,0.0
p_011,0,2026-09-14T15:50:00-05:00,30.268972,-97.753191,0.0
p_011,0,2026-09-14T16:00:00-05:00,30.269042,-97.753234,0.0
p_011,0,2026-09-14T16:10:00-05:00,30.268983,-97.753174,0.0
p_011,0,2026-09-14T16:20:00-05:00,30.269069,-97.753324,0.0
p_011,0,2026-09-14T16:30:00-05:00,30.269048,-97.753359,0.0
p_011,0,2026-09-14T16:40:00-05:00,30.269093,-97.753336,0.0
p_011,0,2026-09-14T16:50:00-05:00,30.269065,-97.753372,0.0
p_011,0,2026-09-14T17:00:00-05:00,30.269036,-97.753415,0.0
p_011,0,2026-09-14T17:10:00-05:00,30.272926,-97.751372,1.18
p_011,0,2026-09-14T17:20:00-05:00,30.274859,-97.750724,0.0
p_011,0,2026-09-14T17:30:00-05:00,30.274891,-97.750759,0.0
p_011,0,2026-09-14T17:40:00-05:00,30.274791,-97.750724,0.0
p_011,0,2026-09-14T17:50:00-05:00,30.274773,-97.750741,0.0
p_011,0,2026-09-14T18:00:00-05:00,30.274853,-97.750769,0.0
p_011,0,2026-09-14T18:10:00-05:00,30.274801,-97.750853,0.0
p_011,0,2026-09-14T18:20:00-05:00,30.274819,-97.75075,0.0
p_011,0,2026-09-14T18:30:00-05:00,30.274932,-97.750746,0.0
p_011,0,2026-09-14T18:40:00-05:00,30.274853,-97.750783,0.0
p_011,0,2026-09-14T18:50:00-05:00,30.274924,-97.750687,0.0
p_011,0,2026-09-14T19:00:00-05:00,30.274738,-97.750708,0.0
p_011,0,2026-09-14T19:10:00-05:00,30.263483,-97.746386,0.0
p_011,0,2026-09-14T19:20:00-05:00,30.263508,-97.746375,0.0
p_011,0,2026-09-14T19:30:00-05:00,30.263528,-97.746375,0.0
p_011,0,2026-09-14T19:40:00-05:00,30.263555,-97.746344,0.0
p_011,0,2026-09-14T19:50:00-05:00,30.263512,-97.746457,0.0
p_011,0,2026-09-14T20:00:00-05:00,30.263526,-97.74642,0.0
p_011,0,2026-09-14T20:10:00-05:00,30.263469,-97.746407,0.0
p_011,0,2026-09-14T20:20:00-05:00,30.263433,-97.746369,0.0
p_011,0,2026-09-14T20:30:00-05:00,30.263547,-97.746391,0.0
p_011,0,2026-09-14T20:40:00-05:00,30.263497,-97.746457,0.0
p_011,0,2026-09-14T20:50:00-05:00,30.26426,-97.747496,4.67
p_011,0,2026-09-14T21:00:00-05:00,30.269054,-97.754395,0.0
p_011,0,2026-09-14T21:10:00-05:00,30.269079,-97.75447,0.0
p_011,0,2026-09-14T21:20:00-05:00,30.269082,-97.754448,0.0
p_011,0,2026-09-14T21:30:00-05:00,30.269112,-97.754451,0.0
p_011,0,2026-09-14T21:40:00-05:00,30.269071,-97.754576,0.0
p_011,0,2026-09-14T21:50:00-05:00,30.269017,-97.754408,0.0
p_011,0,2026-09-14T22:00:00-05:00,30.269052,-97.754503,0.0
p_011,0,2026-09-14T22:10:00-05:00,30.269067,-97.754449,0.0
p_011,0,2026-09-14T22:20:00-05:00,30.269144,-97.754548,0.0
p_011,0,2026-09-14T22:30:00-05:00,30.269133,-97.754424,0.0
p_011,0,2026-09-14T22:40:00-05:00,30.269089,-97.754374,0.0
p_011,0,2026-09-14T22:50:00-05:00,30.269172,-97.754406,0.0
p_011,0,2026-09-14T23:00:00-05:00,30.269134,-97.754457,0.0
p_011,0,2026-09-14T23:10:00-05:00,30.269128,-97.754491,0.0
p_011,0,2026-09-14T23:20:00-05:00,30.269164,-97.754473,0.0
p_011,0,2026-09-14T23:30:00-05:00,30.269126,-97.75442,0.0
p_011,0,2026-09-14T23:40:00-05:00,30.269228,-97.754409,0.0
p_011,0,2026-09-14T23:50:00-05:00,30.269125,-97.754426,0.0
p_011,0,2026-09-15T00:00:00-05:00,30.269142,-97.754472,0.0
p_011,0,2026-09-15T00:10:00-05:00,30.269047,-97.754442,0.0
p_011,0,2026-09-15T00:20:00-05:00,30.269116,-97.754347,0.0
p_011,0,2026-09-15T00:30:00-05:00,30.26912,-97.754501,0.0
p_011,0,2026-09-15T00:40:00-05:00,30.269169,-97.754452,0.0
p_011,0,2026-09-15T00:50:00-05:00,30.269106,-97.754421,0.0
p_011,0,2026-09-15T01:00:00-05:00,30.26908,-97.754471,0.0
p_011,0,2026-09-15T01:10:00-05:00,30.269129,-97.754436,0.0
p_011,0,2026-09-15T01:20:00-05:00,30.269104,-97.754409,0.0
p_011,0,2026-09-15T01:30:00-05:00,30.269126,-97.754512,0.0
p_011,0,2026-09-15T01:40:00-05:00,30.269197,-97.754406,0.0
p_011,0,2026-09-15T01:50:00-05:00,30.2691,-97.754437,0.0
p_011,0,2026-09-15T02:00:00-05:00,30.269118,-97.754435,0.0
p_011,0,2026-09-15T02:10:00-05:00,30.26912,-97.754471,0.0
p_011,0,2026-09-15T02:20:00-05:00,30.269083,-97.75441,0.0
p_011,0,2026-09-15T02:30:00-05:00,30.269002,-97.754464,0.0
p_011,0,2026-09-15T02:40:00-05:00,30.269078,-97.754494,0.0
p_011,0,2026-09-15T02:50:00-05:00,30.269076,-97.754407,0.0
p_011,1,2026-09-15T00:00:00-05:00,30.269185,-97.754426,0.0
p_011,1,2026-09-15T00:10:00-05:00,30.26906,-97.754435,0.0
p_011,1,2026-09-15T00:20:00-05:00,30.269137,-97.754436,0.0
p_011,1,2026-09-15T00:30:00-05:00,30.269121,-97.754428,0.0
p_011,1,2026-09-15T00:40:00-05:00,30.269094,-97.754422,0.0
p_011,1,2026-09-15T00:50:00-05:00,30.269141,-97.754466,0.0
p_011,1,2026-09-15T01:00:00-05:00,30.269147,-97.754383,0.0
p_011,1,2026-09-15T01:10:00-05:00,30.269026,-97.754425,0.0
p_011,1,2026-09-15T01:20:00-05:00,30.26913,-97.754435,0.0
p_011,1,2026-09-15T01:30:00-05:00,30.26912,-97.754459,0.0
p_011,1,2026-09-15T01:40:00-05:00,30.269086,-97.754423,0.0
p_011,1,2026-09-15T01:50:00-05:00,30.269115,-97.754495,0.0
p_011,1,2026-09-15T02:00:00-05:00,30.269038,-97.754455,0.0
p_011,1,2026-09-15T02:10:00-05:00,30.269094,-97.754444,0.0
p_011,1,2026-09-15T02:20:00-05:00,30.269172,-97.754437,0.0
p_011,1,2026-09-15T02:30:00-05:00,30.269041,-97.754403,0.0
p_011,1,2026-09-15T02:40:00-05:00,30.269096,-97.754435,0.0
p_011,1,2026-09-15T02:50:00-05:00,30.269106,-97.754387,0.0
p_011,1,2026-09-15T03:00:00-05:00,30.269069,-97.754431,0.0
p_011,1,2026-09-15T03:10:00-05:00,30.269124,-97.754477,0.0
p_011,1,2026-09-15T03:20:00-05:00,30.26911,-97.754482,0.0
p_011,1,2026-09-15T03:30:00-05:00,30.269109,-97.754487,0.0
p_011,1,2026-09-15T03:40:00-05:00,30.269154,-97.754391,0.0
p_011,1,2026-09-15T03:50:00-05:00,30.268999,-97.754411,0.0
p_011,1,2026-09-15T04:00:00-05:00,30.269104,-97.754418,0.0
p_011,1,2026-09-15T04:10:00-05:00,30.269075,-97.754305,0.0
p_011,1,2026-09-15T04:20:00-05:00,30.269046,-97.754447,0.0
p_011,1,2026-09-15T04:30:00-05:00,30.269053,-97.754445,0.0
p_011,1,2026-09-15T04:40:00-05:00,30.269144,-97.754398,0.0
p_011,1,2026-09-15T04:50:00-05:00,30.269082,-97.754463,0.0
p_011,1,2026-09-15T05:00:00-05:00,30.269179,-97.754447,0.0
p_011,1,2026-09-15T05:10:00-05:00,30.26909,-97.754414,0.0
p_011,1,2026-09-15T05:20:00-05:00,30.269037,-97.754418,0.0
p_011,1,2026-09-15T05:30:00-05:00,30.269053,-97.754465,0.0
p_011,1,2026-09-15T05:40:00-05:00,30.269144,-97.754439,0.0
p_011,1,2026-09-15T05:50:00-05:00,30.269134,-97.754379,0.0
p_011,1,2026-09-15T06:00:00-05:00,30.269132,-97.754414,0.0
p_011,1,2026-09-15T06:10:00-05:00,30.269105,-97.754453,0.0
p_011,1,2026-09-15T06:20:00-05:00,30.269117,-97.754449,0.0
p_011,1,2026-09-15T06:30:00-05:00,30.269117,-97.754488,0.0
p_011,1,2026-09-15T06:40:00-05:00,30.269098,-97.754451,0.0
p_011,1,2026-09-15T06:50:00-05:00,30.269146,-97.75443,0.0
p_011,1,2026-09-15T07:00:00-05:00,30.269008,-97.754454,0.0
p_011,1,2026-09-15T07:10:00-05:00,30.269077,-97.754477,0.0
p_011,1,2026-09-15T07:20:00-05:00,30.269095,-97.754373,0.0
p_011,1,2026-09-15T07:30:00-05:00,30.269084,-97.754414,0.0
p_011,1,2026-09-15T07:40:00-05:00,30.269101,-97.754488,0.0
p_011,1,2026-09-15T07:50:00-05:00,30.269127,-97.754424,0.0
p_011,1,2026-09-15T08:00:00-05:00,30.26912,-97.754412,0.0
p_011,1,2026-09-15T08:10:00-05:00,30.269086,-97.75442,0.0
p_011,1,2026-09-15T08:20:00-05:00,30.269047,-97.754476,0.0
p_011,1,2026-09-15T08:30:00-05:00,30.269091,-97.754479,0.0
p_011,1,2026-09-15T08:40:00-05:00,30.261106,-97.741136,0.0
p_011,1,2026-09-15T08:50:00-05:00,30.261117,-97.741193,0.0
p_011,1,2026-09-15T09:00:00-05:00,30.261158,-97.741106,0.0
p_011,1,2026-09-15T09:10:00-05:00,30.261094,-97.741059,0.0
p_011,1,2026-09-15T09:20:00-05:00,30.261141,-97.741143,0.0
p_011,1,2026-09-15T09:30:00-05:00,30.261144,-97.741069,0.0
p_011,1,2026-09-15T09:40:00-05:00,30.261098,-97.741145,0.0
p_011,1,2026-09-15T09:50:00-05:00,30.261113,-97.741087,0.0
p_011,1,2026-09-15T10:00:00-05:00,30.261137,-97.74116,0.0
p_011,1,2026-09-15T10:10:00-05:00,30.261223,-97.741068,0.0
p_011,1,2026-09-15T10:20:00-05:00,30.261245,-97.741173,0.0
p_011,1,2026-09-15T10:30:00-05:00,30.261087,-97.741077,0.0
p_011,1,2026-09-15T10:40:00-05:00,30.261248,-97.741071,0.0
p_011,1,2026-09-15T10:50:00-05:00,30.261151,-97.741087,0.0
p_011,1,2026-09-15T11:00:00-05:00,30.261213,-97.741205,0.0
p_011,1,2026-09-15T11:10:00-05:00,30.261146,-97.741067,0.0
p_011,1,2026-09-15T11:20:00-05:00,30.261145,-97.741079,0.0
p_011,1,2026-09-15T11:30:00-05:00,30.2611,-97.741051,0.0
p_011,1,2026-09-15T11:40:00-05:00,30.261186,-97.741099,0.0
p_011,1,2026-09-15T11:50:00-05:00,30.261159,-97.741044,0.0
p_011,1,2026-09-15T12:00:00-05:00,30.261226,-97.741172,0.0
p_011,1,2026-09-15T12:10:00-05:00,30.265267,-97.737478,1.2
p_011,1,2026-09-15T12:20:00-05:00,30.265919,-97.737108,0.0
p_011,1,2026-09-15T12:30:00-05:00,30.265934,-97.737071,0.0
p_011,1,2026-09-15T12:40:00-05:00,30.266013,-97.737108,0.0
p_011,1,2026-09-15T12:50:00-05:00,30.265909,-97.737037,0.0
p_011,1,2026-09-15T13:00:00-05:00,30.265962,-97.737087,0.0
p_011,1,2026-09-15T13:10:00-05:00,30.265927,-97.7371,0.0
p_011,1,2026-09-15T13:20:00-05:00,30.261423,-97.740832,1.38
p_011,1,2026-09-15T13:30:00-05:00,30.261141,-97.741066,0.0
p_011,1,2026-09-15T13:40:00-05:00,30.261212,-97.741084,0.0
p_011,1,2026-09-15T13:50:00-05:00,30.261132,-97.741173,0.0
p_011,1,2026-09-15T14:00:00-05:00,30.261261,-97.741074,0.0
p_011,1,2026-09-15T14:10:00-05:00,30.261147,-97.741204,0.0
p_011,1,2026-09-15T14:20:00-05:00,30.261116,-97.741127,0.0
p_011,1,2026-09-15T14:30:00-05:00,30.261143,-97.741201,0.0
p_011,1,2026-09-15T14:40:00-05:00,30.261127,-97.741149,0.0
p_011,1,2026-09-15T14:50:00-05:00,30.261106,-97.741099,0.0
p_011,1,2026-09-15T15:00:00-05:00,30.261079,-97.741137,0.0
p_011,1,2026-09-15T15:10:00-05:00,30.261081,-97.741089,0.0
p_011,1,2026-09-15T15:20:00-05:00,30.261089,-97.741108,0.0
p_011,1,2026-09-15T15:30:00-05:00,30.261133,-97.741041,0.0
p_011,1,2026-09-15T15:40:00-05:00,30.261159,-97.741007,0.0
p_011,1,2026-09-15T15:50:00-05:00,30.261139,-97.741191,0.0
p_011,1,2026-09-15T16:00:00-05:00,30.261241,-97.741122,0.0
p_011,1,2026-09-15T16:10:00-05:00,30.261191,-97.741056,0.0
p_011,1,2026-09-15T16:20:00-05:00,30.261145,-97.741125,0.0
p_011,1,2026-09-15T16:30:00-05:00,30.261157,-97.741122,0.0
p_011,1,2026-09-15T16:40:00-05:00,30.261071,-97.741111,0.0
p_011,1,2026-09-15T16:50:00-05:00,30.261113,-97.741144,0.0
p_011,1,2026-09-15T17:00:00-05:00,30.261174,-97.741089,0.0
p_011,1,2026-09-15T17:10:00-05:00,30.26116,-97.741151,0.0
p_011,1,2026-09-15T17:20:00-05:00,30.261128,-97.741153,0.0
p_011,1,2026-09-15T17:30:00-05:00,30.261149,-97.741157,0.0
p_011,1,2026-09-15T17:40:00-05:00,30.261123,-97.741175,0.0
p_011,1,2026-09-15T17:50:00-05:00,30.261169,-97.741104,0.0
p_011,1,2026-09-15T18:00:00-05:00,30.261098,-97.741088,0.0
p_011,1,2026-09-15T18:10:00-05:00,30.26113,-97.741147,0.0
p_011,1,2026-09-15T18:20:00-05:00,30.261084,-97.741088,0.0
p_011,1,2026-09-15T18:30:00-05:00,30.2611,-97.741091,0.0
p_011,1,2026-09-15T18:40:00-05:00,30.261143,-97.74109,0.0
p_011,1,2026-09-15T18:50:00-05:00,30.262434,-97.744517,1.6
p_011,1,2026-09-15T19:00:00-05:00,30.263496,-97.746354,0.0
p_011,1,2026-09-15T19:10:00-05:00,30.263617,-97.746434,0.0
p_011,1,2026-09-15T19:20:00-05:00,30.263521,-97.746338,0.0
p_011,1,2026-09-15T19:30:00-05:00,30.263581,-97.746425,0.0
p_011,1,2026-09-15T19:40:00-05:00,30.26348,-97.746394,0.0
p_011,1,2026-09-15T19:50:00-05:00,30.263465,-97.746398,0.0
p_011,1,2026-09-15T20:00:00-05:00,30.263577,-97.746397,0.0
p_011,1,2026-09-15T20:10:00-05:00,30.263508,-97.746354,0.0
p_011,1,2026-09-15T20:20:00-05:00,30.263508,-97.746407,0.0
p_011,1,2026-09-15T20:30:00-05:00,30.26355,-97.746406,0.0
p_011,1,2026-09-15T20:40:00-05:00,30.263558,-97.74644,0.0
p_011,1,2026-09-15T20:50:00-05:00,30.263507,-97.746399,0.0
p_011,1,2026-09-15T21:00:00-05:00,30.263543,-97.746379,0.0
p_011,1,2026-09-15T21:10:00-05:00,30.263487,-97.746401,0.0
p_011,1,2026-09-15T21:20:00-05:00,30.263567,-97.746407,0.0
p_011,1,2026-09-15T21:30:00-05:00,30.263569,-97.746438,0.0
p_011,1,2026-09-15T21:40:00-05:00,30.269129,-97.75443,0.0
p_011,1,2026-09-15T21:50:00-05:00,30.269132,-97.754454,0.0
p_011,1,2026-09-15T22:00:00-05:00,30.269102,-97.754399,0.0
p_011,1,2026-09-15T22:10:00-05:00,30.269154,-97.754439,0.0
p_011,1,2026-09-15T22:20:00-05:00,30.269152,-97.754452,0.0
p_011,1,2026-09-15T22:30:00-05:00,30.269067,-97.754431,0.0
p_011,1,2026-09-15T22:40:00-05:00,30.269135,-97.754397,0.0
p_011,1,2026-09-15T22:50:00-05:00,30.269155,-97.754426,0.0
p_011,1,2026-09-15T23:00:00-05:00,30.2691,-97.754405,0.0
p_011,1,2026-09-15T23:10:00-05:00,30.269122,-97.754537,0.0
p_011,1,2026-09-15T23:20:00-05:00,30.269058,-97.754443,0.0
p_011,1,2026-09-15T23:30:00-05:00,30.269176,-97.754422,0.0
p_011,1,2026-09-15T23:40:00-05:00,30.269156,-97.754403,0.0
p_011,1,2026-09-15T23:50:00-05:00,30.269114,-97.75442,0.0
p_011,1,2026-09-16T00:00:00-05:00,30.269073,-97.754467,0.0
p_011,1,2026-09-16T00:10:00-05:00,30.269122,-97.75447,0.0
p_011,1,2026-09-16T00:20:00-05:00,30.269106,-97.754502,0.0
p_011,1,2026-09-16T00:30:00-05:00,30.269085,-97.754357,0.0
p_011,1,2026-09-16T00:40:00-05:00,30.269123,-97.754447,0.0
p_011,1,2026-09-16T00:50:00-05:00,30.269085,-97.754407,0.0
p_011,1,2026-09-16T01:00:00-05:00,30.269144,-97.75437,0.0
p_011,1,2026-09-16T01:10:00-05:00,30.269083,-97.754333,0.0
p_011,1,2026-09-16T01:20:00-05:00,30.269006,-97.75442,0.0
p_011,1,2026-09-16T01:30:00-05:00,30.269073,-97.754415,0.0
p_011,1,2026-09-16T01:40:00-05:00,30.269172,-97.75436,0.0
p_011,1,2026-09-16T01:50:00-05:00,30.269114,-97.754393,0.0
p_011,1,2026-09-16T02:00:00-05:00,30.269227,-97.754442,0.0
p_011,1,2026-09-16T02:10:00-05:00,30.269064,-97.754444,0.0
p_011,1,2026-09-16T02:20:00-05:00,30.26905,-97.75448,0.0
p_011,1,2026-09-16T02:30:00-05:00,30.269128,-97.754479,0.0
p_011,1,2026-09-16T02:40:00-05:00,30.269126,-97.754471,0.0
p_011,1,2026-09-16T02:50:00-05:00,30.269123,-97.754426,0.0
p_011,2,2026-09-16T00:00:00-05:00,30.269098,-97.75449,0.0
p_011,2,2026-09-16T00:10:00-05:00,30.269103,-97.754459,0.0
p_011,2,2026-09-16T00:20:00-05:00,30.269108,-97.754442,0.0
p_011,2,2026-09-16T00:30:00-05:00,30.269166,-97.754449,0.0
p_011,2,2026-09-16T00:40:00-05:00,30.269072,-97.754412,0.0
p_011,2,2026-09-16T00:50:00-05:00,30.26909,-97.754398,0.0
p_011,2,2026-09-16T01:00:00-05:00,30.269143,-97.754433,0.0
p_011,2,2026-09-16T01:10:00-05:00,30.269098,-97.754546,0.0
p_011,2,2026-09-16T01:20:00-05:00,30.269074,-97.754432,0.0
p_011,2,2026-09-16T01:30:00-05:00,30.269108,-97.754376,0.0
p_011,2,2026-09-16T01:40:00-05:00,30.26908,-97.75447,0.0
p_011,2,2026-09-16T01:50:00-05:00,30.269092,-97.754524,0.0
p_011,2,2026-09-16T02:00:00-05:00,30.269129,-97.754454,0.0
p_011,2,2026-09-16T02:10:00-05:00,30.269111,-97.754447,0.0
p_011,2,2026-09-16T02:20:00-05:00,30.269134,-97.754467,0.0
p_011,2,2026-09-16T02:30:00-05:00,30.269056,-97.754414,0.0
p_011,2,2026-09-16T02:40:00-05:00,30.269065,-97.754421,0.0
p_011,2,2026-09-16T02:50:00-05:00,30.269047,-97.754413,0.0
p_011,2,2026-09-16T03:00:00-05:00,30.269103,-97.754426,0.0
p_011,2,2026-09-16T03:10:00-05:00,30.269117,-97.754357,0.0
p_011,2,2026-09-16T03:20:00-05:00,30.269176,-97.754456,0.0
p_011,2,2026-09-16T03:30:00-05:00,30.269072,-97.754459,0.0
p_011,2,2026-09-16T03:40:00-05:00,30.26911,-97.754448,0.0
p_011,2,2026-09-16T03:50:00-05:00,30.269078,-97.754428,0.0
p_011,2,2026-09-16T04:00:00-05:00,30.269106,-97.754416,0.0
p_011,2,2026-09-16T04:10:00-05:00,30.269085,-97.754467,0.0
p_011,2,2026-09-16T04:20:00-05:00,30.26909,-97.754471,0.0
p_011,2,2026-09-16T04:30:00-05:00,30.269048,-97.754471,0.0
p_011,2,2026-09-16T04:40:00-05:00,30.269095,-97.754571,0.0
p_011,2,2026-09-16T04:50:00-05:00,30.269071,-97.754335,0.0
p_011,2,2026-09-16T05:00:00-05:00,30.269124,-97.754417,0.0
p_011,2,2026-09-16T05:10:00-05:00,30.269092,-97.754431,0.0
p_011,2,2026-09-16T05:20:00-05:00,30.269108,-97.754445,0.0
p_011,2,2026-09-16T05:30:00-05:00,30.269035,-97.754526,0.0
p_011,2,2026-09-16T05:40:00-05:00,30.269116,-97.754364,0.0
p_011,2,2026-09-16T05:50:00-05:00,30.26913,-97.754408,0.0
p_011,2,2026-09-16T06:00:00-05:00,30.269046,-97.75443,0.0
p_011,2,2026-09-16T06:10:00-05:00,30.269178,-97.754324,0.0
p_011,2,2026-09-16T06:20:00-05:00,30.269036,-97.754456,0.0
p_011,2,2026-09-16T06:30:00-05:00,30.269158,-97.7544,0.0
p_011,2,2026-09-16T06:40:00-05:00,30.26908,-97.754437,0.0
p_011,2,2026-09-16T06:50:00-05:00,30.269129,-97.754425,0.0
p_011,2,2026-09-16T07:00:00-05:00,30.269158,-97.75437,0.0
p_011,2,2026-09-16T07:10:00-05:00,30.269075,-97.754503,0.0
p_011,2,2026-09-16T07:20:00-05:00,30.269116,-97.754416,0.0
p_011,2,2026-09-16T07:30:00-05:00,30.269069,-97.75444,0.0
p_011,2,2026-09-16T07:40:00-05:00,30.269118,-97.754399,0.0
p_011,2,2026-09-16T07:50:00-05:00,30.269055,-97.754367,0.0
p_011,2,2026-09-16T08:00:00-05:00,30.269073,-97.754419,0.0
p_011,2,2026-09-16T08:10:00-05:00,30.26226,-97.755337,0.0
p_011,2,2026-09-16T08:20:00-05:00,30.262068,-97.755253,0.0
p_011,2,2026-09-16T08:30:00-05:00,30.262121,-97.75524,0.0
p_011,2,2026-09-16T08:40:00-05:00,30.270608,-97.7403,0.0
p_011,2,2026-09-16T08:50:00-05:00,30.270681,-97.740189,0.0
p_011,2,2026-09-16T09:00:00-05:00,30.27064,-97.740225,0.0
p_011,2,2026-09-16T09:10:00-05:00,30.270663,-97.74021,0.0
p_011,2,2026-09-16T09:20:00-05:00,30.270608,-97.740222,0.0
p_011,2,2026-09-16T09:30:00-05:00,30.270761,-97.740295,0.0
p_011,2,2026-09-16T09:40:00-05:00,30.270692,-97.740353,0.0
p_011,2,2026-09-16T09:50:00-05:00,30.270623,-97.740346,0.0
p_011,2,2026-09-16T10:00:00-05:00,30.270651,-97.740299,0.0
p_011,2,2026-09-16T10:10:00-05:00,30.270708,-97.740244,0.0
p_011,2,2026-09-16T10:20:00-05:00,30.270703,-97.740323,0.0
p_011,2,2026-09-16T10:30:00-05:00,30.270791,-97.740269,0.0
p_011,2,2026-09-16T10:40:00-05:00,30.270636,-97.740306,0.0
p_011,2,2026-09-16T10:50:00-05:00,30.27065,-97.74022,0.0
p_011,2,2026-09-16T11:00:00-05:00,30.270649,-97.740274,0.0
p_011,2,2026-09-16T11:10:00-05:00,30.270693,-97.740241,0.0
p_011,2,2026-09-16T11:20:00-05:00,30.27069,-97.740305,0.0
p_011,2,2026-09-16T11:30:00-05:00,30.270662,-97.740218,0.0
p_011,2,2026-09-16T11:40:00-05:00,30.270671,-97.740264,0.0
p_011,2,2026-09-16T11:50:00-05:00,30.270639,-97.74033,0.0
p_011,2,2026-09-16T12:00:00-05:00,30.270665,-97.740288,0.0
p_011,2,2026-09-16T12:10:00-05:00,30.270662,-97.74026,0.0
p_011,2,2026-09-16T12:20:00-05:00,30.270646,-97.740321,0.0
p_011,2,2026-09-16T12:30:00-05:00,30.270666,-97.740159,0.0
p_011,2,2026-09-16T12:40:00-05:00,30.270655,-97.740222,0.0
p_011,2,2026-09-16T12:50:00-05:00,30.270661,-97.740232,0.0
p_011,2,2026-09-16T13:00:00-05:00,30.27068,-97.740303,0.0
p_011,2,2026-09-16T13:10:00-05:00,30.270643,-97.74025,0.0
p_011,2,2026-09-16T13:20:00-05:00,30.270655,-97.740285,0.0
p_011,2,2026-09-16T13:30:00-05:00,30.27065,-97.740287,0.0
p_011,2,2026-09-16T13:40:00-05:00,30.270658,-97.74028,0.0
p_011,2,2026-09-16T13:50:00-05:00,30.270698,-97.740217,0.0
p_011,2,2026-09-16T14:00:00-05:00,30.270681,-97.740311,0.0
p_011,2,2026-09-16T14:10:00-05:00,30.270687,-97.740236,0.0
p_011,2,2026-09-16T14:20:00-05:00,30.270696,-97.740271,0.0
p_011,2,2026-09-16T14:30:00-05:00,30.270634,-97.74031,0.0
p_011,2,2026-09-16T14:40:00-05:00,30.270637,-97.740197,0.0
p_011,2,2026-09-16T14:50:00-05:00,30.27073,-97.740328,0.0
p_011,2,2026-09-16T15:00:00-05:00,30.270699,-97.740281,0.0
p_011,2,2026-09-16T15:10:00-05:00,30.27067,-97.740273,0.0
p_011,2,2026-09-16T15:20:00-05:00,30.270706,-97.740253,0.0
p_011,2,2026-09-16T15:30:00-05:00,30.270678,-97.740189,0.0
p_011,2,2026-09-16T15:40:00-05:00,30.270643,-97.740211,0.0
p_011,2,2026-09-16T15:50:00-05:00,30.270649,-97.740241,0.0
p_011,2,2026-09-16T16:00:00-05:00,30.270618,-97.740254,0.0
p_011,2,2026-09-16T16:10:00-05:00,30.270643,-97.740235,0.0
p_011,2,2026-09-16T16:20:00-05:00,30.270678,-97.740191,0.0
p_011,2,2026-09-16T16:30:00-05:00,30.270623,-97.740237,0.0
p_011,2,2026-09-16T16:40:00-05:00,30.270677,-97.740319,0.0
p_011,2,2026-09-16T16:50:00-05:00,30.270764,-97.740311,0.0
p_011,2,2026-09-16T17:00:00-05:00,30.270639,-97.740287,0.0
p_011,2,2026-09-16T17:10:00-05:00,30.270646,-97.740267,0.0
p_011,2,2026-09-16T17:20:00-05:00,30.270651,-97.740275,0.0
p_011,2,2026-09-16T17:30:00-05:00,30.270658,-97.740223,0.0
p_011,2,2026-09-16T17:40:00-05:00,30.270602,-97.740219,0.0
p_011,2,2026-09-16T17:50:00-05:00,30.270715,-97.740369,0.0
p_011,2,2026-09-16T18:00:00-05:00,30.270643,-97.740277,0.0
p_011,2,2026-09-16T18:10:00-05:00,30.270664,-97.740353,0.0
p_011,2,2026-09-16T18:20:00-05:00,30.270639,-97.740252,0.0
p_011,2,2026-09-16T18:30:00-05:00,30.270615,-97.740326,0.0
p_011,2,2026-09-16T18:40:00-05:00,30.270704,-97.74026,0.0
p_011,2,2026-09-16T18:50:00-05:00,30.270683,-97.740112,0.0
p_011,2,2026-09-16T19:00:00-05:00,30.27067,-97.740278,0.0
p_011,2,2026-09-16T19:10:00-05:00,30.270646,-97.740274,0.0
p_011,2,2026-09-16T19:20:00-05:00,30.263535,-97.746371,0.0
p_011,2,2026-09-16T19:30:00-05:00,30.263481,-97.746416,0.0
p_011,2,2026-09-16T19:40:00-05:00,30.263559,-97.746346,0.0
p_011,2,2026-09-16T19:50:00-05:00,30.26356,-97.746366,0.0
p_011,2,2026-09-16T20:00:00-05:00,30.263441,-97.746358,0.0
p_011,2,2026-09-16T20:10:00-05:00,30.263546,-97.74633,0.0
p_011,2,2026-09-16T20:20:00-05:00,30.263453,-97.746313,0.0
p_011,2,2026-09-16T20:30:00-05:00,30.263553,-97.746479,0.0
p_011,2,2026-09-16T20:40:00-05:00,30.263462,-97.746414,0.0
p_011,2,2026-09-16T20:50:00-05:00,30.263466,-97.746405,0.0
p_011,2,2026-09-16T21:00:00-05:00,30.263526,-97.746378,0.0
p_011,2,2026-09-16T21:10:00-05:00,30.263544,-97.746343,0.0
p_011,2,2026-09-16T21:20:00-05:00,30.264705,-97.747931,5.49
p_011,2,2026-09-16T21:30:00-05:00,30.26902,-97.754377,0.0
p_011,2,2026-09-16T21:40:00-05:00,30.269066,-97.754443,0.0
p_011,2,2026-09-16T21:50:00-05:00,30.269127,-97.754364,0.0
p_011,2,2026-09-16T22:00:00-05:00,30.269112,-97.754388,0.0
p_011,2,2026-09-16T22:10:00-05:00,30.269087,-97.754432,0.0
p_011,2,2026-09-16T22:20:00-05:00,30.269132,-97.754353,0.0
p_011,2,2026-09-16T22:30:00-05:00,30.269162,-97.754399,0.0
p_011,2,2026-09-16T22:40:00-05:00,30.269114,-97.754459,0.0
p_011,2,2026-09-16T22:50:00-05:00,30.269072,-97.754451,0.0
p_011,2,2026-09-16T23:00:00-05:00,30.269111,-97.754519,0.0
p_011,2,2026-09-16T23:10:00-05:00,30.269191,-97.754487,0.0
p_011,2,2026-09-16T23:20:00-05:00,30.269054,-97.754551,0.0
p_011,2,2026-09-16T23:30:00-05:00,30.269162,-97.754435,0.0
p_011,2,2026-09-16T23:40:00-05:00,30.269081,-97.754525,0.0
p_011,2,2026-09-16T23:50:00-05:00,30.269068,-97.754469,0.0
p_011,2,2026-09-17T00:00:00-05:00,30.269044,-97.754416,0.0
p_011,2,2026-09-17T00:10:00-05:00,30.269145,-97.75445,0.0
p_011,2,2026-09-17T00:20:00-05:00,30.269045,-97.754402,0.0
p_011,2,2026-09-17T00:30:00-05:00,30.26902,-97.754388,0.0
p_011,2,2026-09-17T00:40:00-05:00,30.269047,-97.754518,0.0
p_011,2,2026-09-17T00:50:00-05:00,30.269168,-97.754355,0.0
p_011,2,2026-09-17T01:00:00-05:00,30.269076,-97.754438,0.0
p_011,2,2026-09-17T01:10:00-05:00,30.269079,-97.754455,0.0
p_011,2,2026-09-17T01:20:00-05:00,30.269093,-97.754446,0.0
p_011,2,2026-09-17T01:30:00-05:00,30.269094,-97.75435,0.0
p_011,2,2026-09-17T01:40:00-05:00,30.269118,-97.754389,0.0
p_011,2,2026-09-17T01:50:00-05:00,30.2691,-97.754357,0.0
p_011,2,2026-09-17T02:00:00-05:00,30.269121,-97.754351,0.0
p_011,2,2026-09-17T02:10:00-05:00,30.269065,-97.754419,0.0
p_011,2,2026-09-17T02:20:00-05:00,30.269052,-97.7544,0.0
p_011,2,2026-09-17T02:30:00-05:00,30.269074,-97.754458,0.0
p_011,2,2026-09-17T02:40:00-05:00,30.269066,-97.754537,0.0
p_011,2,2026-09-17T02:50:00-05:00,30.26909,-97.754435,0.0
p_011,3,2026-09-17T00:00:00-05:00,30.269074,-97.75447,0.0
p_011,3,2026-09-17T00:10:00-05:00,30.269047,-97.754441,0.0
p_011,3,2026-09-17T00:20:00-05:00,30.269109,-97.754462,0.0
p_011,3,2026-09-17T00:30:00-05:00,30.269079,-97.754501,0.0
p_011,3,2026-09-17T00:40:00-05:00,30.2691,-97.754489,0.0
p_011,3,2026-09-17T00:50:00-05:00,30.269084,-97.754421,0.0
p_011,3,2026-09-17T01:00:00-05:00,30.269128,-97.754451,0.0
p_011,3,2026-09-17T01:10:00-05:00,30.269091,-97.754403,0.0
p_011,3,2026-09-17T01:20:00-05:00,30.269041,-97.754449,0.0
p_011,3,2026-09-17T01:30:00-05:00,30.269157,-97.754407,0.0
p_011,3,2026-09-17T01:40:00-05:00,30.269084,-97.754436,0.0
p_011,3,2026-09-17T01:50:00-05:00,30.269133,-97.754398,0.0
p_011,3,2026-09-17T02:00:00-05:00,30.269099,-97.754404,0.0
p_011,3,2026-09-17T02:10:00-05:00,30.269046,-97.754413,0.0
p_011,3,2026-09-17T02:20:00-05:00,30.269078,-97.754456,0.0
p_011,3,2026-09-17T02:30:00-05:00,30.269056,-97.754403,0.0
p_011,3,2026-09-17T02:40:00-05:00,30.269074,-97.754538,0.0
p_011,3,2026-09-17T02:50:00-05:00,30.269143,-97.754393,0.0
p_011,3,2026-09-17T03:00:00-05:00,30.269111,-97.754422,0.0
p_011,3,2026-09-17T03:10:00-05:00,30.269113,-97.754435,0.0
p_011,3,2026-09-17T03:20:00-05:00,30.269078,-97.7544,0.0
p_011,3,2026-09-17T03:30:00-05:00,30.269061,-97.754404,0.0
p_011,3,2026-09-17T03:40:00-05:00,30.269079,-97.754457,0.0
p_011,3,2026-09-17T03:50:00-05:00,30.269075,-97.754479,0.0
p_011,3,2026-09-17T04:00:00-05:00,30.269042,-97.754508,0.0
p_011,3,2026-09-17T04:10:00-05:00,30.269073,-97.754397,0.0
p_011,3,2026-09-17T04:20:00-05:00,30.269042,-97.75444,0.0
p_011,3,2026-09-17T04:30:00-05:00,30.269167,-97.754396,0.0
p_011,3,2026-09-17T04:40:00-05:00,30.269125,-97.75449,0.0
p_011,3,2026-09-17T04:50:00-05:00,30.269046,-97.754343,0.0
p_011,3,2026-09-17T05:00:00-05:00,30.269101,-97.754468,0.0
p_011,3,2026-09-17T05:10:00-05:00,30.269148,-97.754381,0.0
p_011,3,2026-09-17T05:20:00-05:00,30.269054,-97.75449,0.0
p_011,3,2026-09-17T05:30:00-05:00,30.269114,-97.754476,0.0
p_011,3,2026-09-17T05:40:00-05:00,30.269128,-97.754363,0.0
p_011,3,2026-09-17T05:50:00-05:00,30.269087,-97.754472,0.0
p_011,3,2026-09-17T06:00:00-05:00,30.269133,-97.754488,0.0
p_011,3,2026-09-17T06:10:00-05:00,30.269125,-97.754382,0.0
p_011,3,2026-09-17T06:20:00-05:00,30.269104,-97.754411,0.0
p_011,3,2026-09-17T06:30:00-05:00,30.269057,-97.754343,0.0
p_011,3,2026-09-17T06:40:00-05:00,30.269193,-97.754408,0.0
p_011,3,2026-09-17T06:50:00-05:00,30.269051,-97.754429,0.0
p_011,3,2026-09-17T07:00:00-05:00,30.269117,-97.754457,0.0
p_011,3,2026-09-17T07:10:00-05:00,30.269048,-97.754442,0.0
p_011,3,2026-09-17T07:20:00-05:00,30.269096,-97.754433,0.0
p_011,3,2026-09-17T07:30:00-05:00,30.26917,-97.754433,0.0
p_011,3,2026-09-17T07:40:00-05:00,30.269178,-97.75442,0.0
p_011,3,2026-09-17T07:50:00-05:00,30.269079,-97.754434,0.0
p_011,3,2026-09-17T08:00:00-05:00,30.262308,-97.754889,0.0
p_011,3,2026-09-17T08:10:00-05:00,30.26225,-97.754822,0.0
p_011,3,2026-09-17T08:20:00-05:00,30.262334,-97.754844,0.0
p_011,3,2026-09-17T08:30:00-05:00,30.262293,-97.7548,0.0
p_011,3,2026-09-17T08:40:00-05:00,30.262344,-97.754801,0.0
p_011,3,2026-09-17T08:50:00-05:00,30.262324,-97.754738,0.0
p_011,3,2026-09-17T09:00:00-05:00,30.261177,-97.74109,0.0
p_011,3,2026-09-17T09:10:00-05:00,30.261078,-97.74117,0.0
p_011,3,2026-09-17T09:20:00-05:00,30.261092,-97.741011,0.0
p_011,3,2026-09-17T09:30:00-05:00,30.261199,-97.741148,0.0
p_011,3,2026-09-17T09:40:00-05:00,30.261229,-97.741144,0.0
p_011,3,2026-09-17T09:50:00-05:00,30.261147,-97.741109,0.0
p_011,3,2026-09-17T10:00:00-05:00,30.261128,-97.741046,0.0
p_011,3,2026-09-17T10:10:00-05:00,30.261101,-97.741139,0.0
p_011,3,2026-09-17T10:20:00-05:00,30.261143,-97.741135,0.0
p_011,3,2026-09-17T10:30:00-05:00,30.261099,-97.741114,0.0
p_011,3,2026-09-17T10:40:00-05:00,30.261119,-97.741092,0.0
p_011,3,2026-09-17T10:50:00-05:00,30.261152,-97.741075,0.0
p_011,3,2026-09-17T11:00:00-05:00,30.261134,-97.741015,0.0
p_011,3,2026-09-17T11:10:00-05:00,30.261132,-97.741034,0.0
p_011,3,2026-09-17T11:20:00-05:00,30.261108,-97.741148,0.0
p_011,3,2026-09-17T11:30:00-05:00,30.261205,-97.741093,0.0
p_011,3,2026-09-17T11:40:00-05:00,30.261143,-97.741142,0.0
p_011,3,2026-09-17T11:50:00-05:00,30.26114,-97.741185,0.0
p_011,3,2026-09-17T12:00:00-05:00,30.261112,-97.74104,0.0
p_011,3,2026-09-17T12:10:00-05:00,30.261107,-97.741137,0.0
p_011,3,2026-09-17T12:20:00-05:00,30.261163,-97.741084,0.0
p_011,3,2026-09-17T12:30:00-05:00,30.258999,-97.742101,1.19
p_011,3,2026-09-17T12:40:00-05:00,30.255742,-97.743847,0.0
p_011,3,2026-09-17T12:50:00-05:00,30.25571,-97.743858,0.0
p_011,3,2026-09-17T13:00:00-05:00,30.255705,-97.743834,0.0
p_011,3,2026-09-17T13:10:00-05:00,30.255645,-97.74389,0.0
p_011,3,2026-09-17T13:20:00-05:00,30.255674,-97.743862,0.0
p_011,3,2026-09-17T13:30:00-05:00,30.255707,-97.743873,0.0
p_011,3,2026-09-17T13:40:00-05:00,30.264874,-97.750577,5.56
p_011,3,2026-09-17T13:50:00-05:00,30.269037,-97.753217,0.0
p_011,3,2026-09-17T14:00:00-05:00,30.26897,-97.753417,0.0
p_011,3,2026-09-17T14:10:00-05:00,30.269028,-97.753322,0.0
p_011,3,2026-09-17T14:20:00-05:00,30.268955,-97.753419,0.0
p_011,3,2026-09-17T14:30:00-05:00,30.269057,-97.75339,0.0
p_011,3,2026-09-17T14:40:00-05:00,30.269004,-97.753307,0.0
p_011,3,2026-09-17T14:50:00-05:00,30.269029,-97.753391,0.0
p_011,3,2026-09-17T15:00:00-05:00,30.268902,-97.75322,0.0
p_011,3,2026-09-17T15:10:00-05:00,30.269112,-97.75328,0.0
p_011,3,2026-09-17T15:20:00-05:00,30.268942,-97.753321,0.0
p_011,3,2026-09-17T15:30:00-05:00,30.268972,-97.753373,0.0
p_011,3,2026-09-17T15:40:00-05:00,30.269017,-97.753275,0.0
p_011,3,2026-09-17T15:50:00-05:00,30.269008,-97.753276,0.0
p_011,3,2026-09-17T16:00:00-05:00,30.268971,-97.753375,0.0
p_011,3,2026-09-17T16:10:00-05:00,30.269075,-97.753254,0.0
p_011,3,2026-09-17T16:20:00-05:00,30.269046,-97.753391,0.0
p_011,3,2026-09-17T16:30:00-05:00,30.269137,-97.753297,0.0
p_011,3,2026-09-17T16:40:00-05:00,30.269061,-97.753249,0.0
p_011,3,2026-09-17T16:50:00-05:00,30.269009,-97.753401,0.0
p_011,3,2026-09-17T17:00:00-05:00,30.269046,-97.753317,0.0
p_011,3,2026-09-17T17:10:00-05:00,30.269014,-97.753306,0.0
p_011,3,2026-09-17T17:20:00-05:00,30.269096,-97.753259,0.0
p_011,3,2026-09-17T17:30:00-05:00,30.269083,-97.753275,0.0
p_011,3,2026-09-17T17:40:00-05:00,30.270085,-97.755053,1.16
p_011,3,2026-09-17T17:50:00-05:00,30.270478,-97.755609,0.0
p_011,3,2026-09-17T18:00:00-05:00,30.270466,-97.755648,0.0
p_011,3,2026-09-17T18:10:00-05:00,30.270425,-97.755735,0.0
p_011,3,2026-09-17T18:20:00-05:00,30.270423,-97.755689,0.0
p_011,3,2026-09-17T18:30:00-05:00,30.27044,-97.755706,0.0
p_011,3,2026-09-17T18:40:00-05:00,30.270494,-97.755718,0.0
p_011,3,2026-09-17T18:50:00-05:00,30.270432,-97.75572,0.0
p_011,3,2026-09-17T19:00:00-05:00,30.270486,-97.755716,0.0
p_011,3,2026-09-17T19:10:00-05:00,30.270483,-97.755729,0.0
p_011,3,2026-09-17T19:20:00-05:00,30.270474,-97.75572,0.0
p_011,3,2026-09-17T19:30:00-05:00,30.270479,-97.755705,0.0
p_011,3,2026-09-17T19:40:00-05:00,30.270483,-97.755719,0.0
p_011,3,2026-09-17T19:50:00-05:00,30.270481,-97.755766,0.0
p_011,3,2026-09-17T20:00:00-05:00,30.270523,-97.755789,0.0
p_011,3,2026-09-17T20:10:00-05:00,30.270393,-97.755716,0.0
p_011,3,2026-09-17T20:20:00-05:00,30.270379,-97.755769,0.0
p_011,3,2026-09-17T20:30:00-05:00,30.270453,-97.755749,0.0
p_011,3,2026-09-17T20:40:00-05:00,30.269121,-97.754488,0.0
p_011,3,2026-09-17T20:50:00-05:00,30.269121,-97.754417,0.0
p_011,3,2026-09-17T21:00:00-05:00,30.269121,-97.754401,0.0
p_011,3,2026-09-17T21:10:00-05:00,30.269111,-97.75456,0.0
p_011,3,2026-09-17T21:20:00-05:00,30.269032,-97.754469,0.0
p_011,3,2026-09-17T21:30:00-05:00,30.269088,-97.754415,0.0
p_011,3,2026-09-17T21:40:00-05:00,30.269036,-97.754425,0.0
p_011,3,2026-09-17T21:50:00-05:00,30.269189,-97.754355,0.0
p_011,3,2026-09-17T22:00:00-05:00,30.269025,-97.754389,0.0
p_011,3,2026-09-17T22:10:00-05:00,30.269106,-97.75446,0.0
p_011,3,2026-09-17T22:20:00-05:00,30.269144,-97.754523,0.0
p_011,3,2026-09-17T22:30:00-05:00,30.269053,-97.754388,0.0
p_011,3,2026-09-17T22:40:00-05:00,30.269093,-97.754442,0.0
p_011,3,2026-09-17T22:50:00-05:00,30.269102,-97.754438,0.0
p_011,3,2026-09-17T23:00:00-05:00,30.269172,-97.754424,0.0
p_011,3,2026-09-17T23:10:00-05:00,30.269043,-97.7544,0.0
p_011,3,2026-09-17T23:20:00-05:00,30.269027,-97.754517,0.0
p_011,3,2026-09-17T23:30:00-05:00,30.269108,-97.754399,0.0
p_011,3,2026-09-17T23:40:00-05:00,30.269027,-97.754495,0.0
p_011,3,2026-09-17T23:50:00-05:00,30.269099,-97.75439,0.0
p_011,3,2026-09-18T00:00:00-05:00,30.269132,-97.754318,0.0
p_011,3,2026-09-18T00:10:00-05:00,30.269065,-97.754383,0.0
p_011,3,2026-09-18T00:20:00-05:00,30.269074,-97.754455,0.0
p_011,3,2026-09-18T00:30:00-05:00,30.269093,-97.754395,0.0
p_011,3,2026-09-18T00:40:00-05:00,30.269096,-97.754403,0.0
p_011,3,2026-09-18T00:50:00-05:00,30.268998,-97.754506,0.0
p_011,3,2026-09-18T01:00:00-05:00,30.269055,-97.754397,0.0
p_011,3,2026-09-18T01:10:00-05:00,30.269028,-97.754475,0.0
p_011,3,2026-09-18T01:20:00-05:00,30.269108,-97.754457,0.0
p_011,3,2026-09-18T01:30:00-05:00,30.26911,-97.754439,0.0
p_011,3,2026-09-18T01:40:00-05:00,30.269138,-97.754411,0.0
p_011,3,2026-09-18T01:50:00-05:00,30.269069,-97.754455,0.0
p_011,3,2026-09-18T02:00:00-05:00,30.269093,-97.754475,0.0
p_011,3,2026-09-18T02:10:00-05:00,30.2691,-97.754412,0.0
p_011,3,2026-09-18T02:20:00-05:00,30.26904,-97.754423,0.0
p_011,3,2026-09-18T02:30:00-05:00,30.269111,-97.754462,0.0
p_011,3,2026-09-18T02:40:00-05:00,30.269153,-97.754399,0.0
p_011,3,2026-09-18T02:50:00-05:00,30.269179,-97.754421,0.0
p_011,4,2026-09-18T00:00:00-05:00,30.269099,-97.754469,0.0
p_011,4,2026-09-18T00:10:00-05:00,30.269038,-97.754427,0.0
p_011,4,2026-09-18T00:20:00-05:00,30.269143,-97.754436,0.0
p_011,4,2026-09-18T00:30:00-05:00,30.269069,-97.754352,0.0
p_011,4,2026-09-18T00:40:00-05:00,30.269147,-97.754467,0.0
p_011,4,2026-09-18T00:50:00-05:00,30.26915,-97.754414,0.0
p_011,4,2026-09-18T01:00:00-05:00,30.269104,-97.754413,0.0
p_011,4,2026-09-18T01:10:00-05:00,30.269059,-97.754436,0.0
p_011,4,2026-09-18T01:20:00-05:00,30.269129,-97.75448,0.0
p_011,4,2026-09-18T01:30:00-05:00,30.269068,-97.754424,0.0
p_011,4,2026-09-18T01:40:00-05:00,30.26917,-97.754455,0.0
p_011,4,2026-09-18T01:50:00-05:00,30.269117,-97.754422,0.0
p_011,4,2026-09-18T02:00:00-05:00,30.269106,-97.754442,0.0
p_011,4,2026-09-18T02:10:00-05:00,30.26915,-97.754466,0.0
p_011,4,2026-09-18T02:20:00-05:00,30.269142,-97.754414,0.0
p_011,4,2026-09-18T02:30:00-05:00,30.269066,-97.754416,0.0
p_011,4,2026-09-18T02:40:00-05:00,30.26909,-97.754455,0.0
p_011,4,2026-09-18T02:50:00-05:00,30.26912,-97.754457,0.0
p_011,4,2026-09-18T03:00:00-05:00,30.26916,-97.754448,0.0
p_011,4,2026-09-18T03:10:00-05:00,30.269048,-97.754403,0.0
p_011,4,2026-09-18T03:20:00-05:00,30.269135,-97.754537,0.0
p_011,4,2026-09-18T03:30:00-05:00,30.269114,-97.75446,0.0
p_011,4,2026-09-18T03:40:00-05:00,30.26908,-97.754402,0.0
p_011,4,2026-09-18T03:50:00-05:00,30.269067,-97.754528,0.0
p_011,4,2026-09-18T04:00:00-05:00,30.269118,-97.754365,0.0
p_011,4,2026-09-18T04:10:00-05:00,30.269105,-97.754481,0.0
p_011,4,2026-09-18T04:20:00-05:00,30.269169,-97.754371,0.0
p_011,4,2026-09-18T04:30:00-05:00,30.269122,-97.75442,0.0
p_011,4,2026-09-18T04:40:00-05:00,30.269107,-97.754435,0.0
p_011,4,2026-09-18T04:50:00-05:00,30.269084,-97.754442,0.0
p_011,4,2026-09-18T05:00:00-05:00,30.269087,-97.754395,0.0
p_011,4,2026-09-18T05:10:00-05:00,30.269131,-97.754444,0.0
p_011,4,2026-09-18T05:20:00-05:00,30.269022,-97.754483,0.0
p_011,4,2026-09-18T05:30:00-05:00,30.269061,-97.754516,0.0
p_011,4,2026-09-18T05:40:00-05:00,30.269114,-97.75446,0.0
p_011,4,2026-09-18T05:50:00-05:00,30.269028,-97.754501,0.0
p_011,4,2026-09-18T06:00:00-05:00,30.26906,-97.754442,0.0
p_011,4,2026-09-18T06:10:00-05:00,30.269083,-97.754393,0.0
p_011,4,2026-09-18T06:20:00-05:00,30.269084,-97.754475,0.0
p_011,4,2026-09-18T06:30:00-05:00,30.269049,-97.754461,0.0
p_011,4,2026-09-18T06:40:00-05:00,30.269111,-97.754405,0.0
p_011,4,2026-09-18T06:50:00-05:00,30.269102,-97.754413,0.0
p_011,4,2026-09-18T07:00:00-05:00,30.269104,-97.754433,0.0
p_011,4,2026-09-18T07:10:00-05:00,30.269108,-97.754447,0.0
p_011,4,2026-09-18T07:20:00-05:00,30.269127,-97.754433,0.0
p_011,4,2026-09-18T07:30:00-05:00,30.269122,-97.754334,0.0
p_011,4,2026-09-18T07:40:00-05:00,30.2691,-97.754444,0.0
p_011,4,2026-09-18T07:50:00-05:00,30.269086,-97.754468,0.0
p_011,4,2026-09-18T08:00:00-05:00,30.263433,-97.754758,4.15
p_011,4,2026-09-18T08:10:00-05:00,30.262254,-97.754834,0.0
p_011,4,2026-09-18T08:20:00-05:00,30.262335,-97.754757,0.0
p_011,4,2026-09-18T08:30:00-05:00,30.262273,-97.754745,0.0
p_011,4,2026-09-18T08:40:00-05:00,30.262337,-97.75479,0.0
p_011,4,2026-09-18T08:50:00-05:00,30.268962,-97.753227,0.0
p_011,4,2026-09-18T09:00:00-05:00,30.268975,-97.753326,0.0
p_011,4,2026-09-18T09:10:00-05:00,30.269033,-97.753334,0.0
p_011,4,2026-09-18T09:20:00-05:00,30.268935,-97.753328,0.0
p_011,4,2026-09-18T09:30:00-05:00,30.269016,-97.753308,0.0
p_011,4,2026-09-18T09:40:00-05:00,30.269053,-97.75334,0.0
p_011,4,2026-09-18T09:50:00-05:00,30.269013,-97.753386,0.0
p_011,4,2026-09-18T10:00:00-05:00,30.269011,-97.753347,0.0
p_011,4,2026-09-18T10:10:00-05:00,30.268973,-97.753297,0.0
p_011,4,2026-09-18T10:20:00-05:00,30.269003,-97.753374,0.0
p_011,4,2026-09-18T10:30:00-05:00,30.268986,-97.753325,0.0
p_011,4,2026-09-18T10:40:00-05:00,30.269028,-97.753242,0.0
p_011,4,2026-09-18T10:50:00-05:00,30.26898,-97.753273,0.0
p_011,4,2026-09-18T11:00:00-05:00,30.269012,-97.75337,0.0
p_011,4,2026-09-18T11:10:00-05:00,30.269097,-97.753381,0.0
p_011,4,2026-09-18T11:20:00-05:00,30.268974,-97.753302,0.0
p_011,4,2026-09-18T11:30:00-05:00,30.26904,-97.753453,0.0
p_011,4,2026-09-18T11:40:00-05:00,30.268928,-97.753365,0.0
p_011,4,2026-09-18T11:50:00-05:00,30.269012,-97.753305,0.0
p_011,4,2026-09-18T12:00:00-05:00,30.268956,-97.753346,0.0
p_011,4,2026-09-18T12:10:00-05:00,30.267255,-97.751043,1.36
p_011,4,2026-09-18T12:20:00-05:00,30.266025,-97.749891,0.0
p_011,4,2026-09-18T12:30:00-05:00,30.265955,-97.749975,0.0
p_011,4,2026-09-18T12:40:00-05:00,30.266018,-97.74999,0.0
p_011,4,2026-09-18T12:50:00-05:00,30.266038,-97.749861,0.0
p_011,4,2026-09-18T13:00:00-05:00,30.266014,-97.749864,0.0
p_011,4,2026-09-18T13:10:00-05:00,30.265989,-97.749898,0.0
p_011,4,2026-09-18T13:20:00-05:00,30.266029,-97.749927,0.0
p_011,4,2026-09-18T13:30:00-05:00,30.264908,-97.747074,4.19
p_011,4,2026-09-18T13:40:00-05:00,30.261147,-97.741159,0.0
p_011,4,2026-09-18T13:50:00-05:00,30.26119,-97.741134,0.0
p_011,4,2026-09-18T14:00:00-05:00,30.261133,-97.74113,0.0
p_011,4,2026-09-18T14:10:00-05:00,30.261112,-97.741052,0.0
p_011,4,2026-09-18T14:20:00-05:00,30.261168,-97.741164,0.0
p_011,4,2026-09-18T14:30:00-05:00,30.261121,-97.741185,0.0
p_011,4,2026-09-18T14:40:00-05:00,30.261146,-97.74112,0.0
p_011,4,2026-09-18T14:50:00-05:00,30.261066,-97.741129,0.0
p_011,4,2026-09-18T15:00:00-05:00,30.261197,-97.741215,0.0
p_011,4,2026-09-18T15:10:00-05:00,30.261158,-97.741152,0.0
p_011,4,2026-09-18T15:20:00-05:00,30.261144,-97.741092,0.0
p_011,4,2026-09-18T15:30:00-05:00,30.261127,-97.7411,0.0
p_011,4,2026-09-18T15:40:00-05:00,30.261183,-97.741146,0.0
p_011,4,2026-09-18T15:50:00-05:00,30.261119,-97.741095,0.0
p_011,4,2026-09-18T16:00:00-05:00,30.261206,-97.74104,0.0
p_011,4,2026-09-18T16:10:00-05:00,30.261159,-97.741001,0.0
p_011,4,2026-09-18T16:20:00-05:00,30.261161,-97.741259,0.0
p_011,4,2026-09-18T16:30:00-05:00,30.261125,-97.741064,0.0
p_011,4,2026-09-18T16:40:00-05:00,30.261123,-97.741177,0.0
p_011,4,2026-09-18T16:50:00-05:00,30.261192,-97.74115,0.0
p_011,4,2026-09-18T17:00:00-05:00,30.261085,-97.741051,0.0
p_011,4,2026-09-18T17:10:00-05:00,30.261154,-97.74108,0.0
p_011,4,2026-09-18T17:20:00-05:00,30.261083,-97.741099,0.0
p_011,4,2026-09-18T17:30:00-05:00,30.261214,-97.741131,0.0
p_011,4,2026-09-18T17:40:00-05:00,30.261149,-97.741096,0.0
p_011,4,2026-09-18T17:50:00-05:00,30.261104,-97.741207,0.0
p_011,4,2026-09-18T18:00:00-05:00,30.261093,-97.741143,0.0
p_011,4,2026-09-18T18:10:00-05:00,30.261174,-97.741107,0.0
p_011,4,2026-09-18T18:20:00-05:00,30.261133,-97.741144,0.0
p_011,4,2026-09-18T18:30:00-05:00,30.254991,-97.750955,0.0
p_011,4,2026-09-18T18:40:00-05:00,30.255042,-97.750858,0.0
p_011,4,2026-09-18T18:50:00-05:00,30.25505,-97.750848,0.0
p_011,4,2026-09-18T19:00:00-05:00,30.255042,-97.750812,0.0
p_011,4,2026-09-18T19:10:00-05:00,30.255022,-97.750853,0.0
p_011,4,2026-09-18T19:20:00-05:00,30.255011,-97.750817,0.0
p_011,4,2026-09-18T19:30:00-05:00,30.25498,-97.750908,0.0
p_011,4,2026-09-18T19:40:00-05:00,30.254961,-97.75093,0.0
p_011,4,2026-09-18T19:50:00-05:00,30.263438,-97.746319,0.0
p_011,4,2026-09-18T20:00:00-05:00,30.263463,-97.74631,0.0
p_011,4,2026-09-18T20:10:00-05:00,30.263546,-97.746467,0.0
p_011,4,2026-09-18T20:20:00-05:00,30.263519,-97.746417,0.0
p_011,4,2026-09-18T20:30:00-05:00,30.263507,-97.746434,0.0
p_011,4,2026-09-18T20:40:00-05:00,30.263504,-97.746356,0.0
p_011,4,2026-09-18T20:50:00-05:00,30.263568,-97.746328,0.0
p_011,4,2026-09-18T21:00:00-05:00,30.263542,-97.746344,0.0
p_011,4,2026-09-18T21:10:00-05:00,30.263534,-97.746399,0.0
p_011,4,2026-09-18T21:20:00-05:00,30.263527,-97.746421,0.0
p_011,4,2026-09-18T21:30:00-05:00,30.269143,-97.754422,0.0
p_011,4,2026-09-18T21:40:00-05:00,30.269106,-97.75445,0.0
p_011,4,2026-09-18T21:50:00-05:00,30.269067,-97.754416,0.0
p_011,4,2026-09-18T22:00:00-05:00,30.269074,-97.754376,0.0
p_011,4,2026-09-18T22:10:00-05:00,30.269183,-97.754467,0.0
p_011,4,2026-09-18T22:20:00-05:00,30.26911,-97.754376,0.0
p_011,4,2026-09-18T22:30:00-05:00,30.269085,-97.754431,0.0
p_011,4,2026-09-18T22:40:00-05:00,30.269123,-97.754357,0.0
p_011,4,2026-09-18T22:50:00-05:00,30.269066,-97.754397,0.0
p_011,4,2026-09-18T23:00:00-05:00,30.269119,-97.754389,0.0
p_011,4,2026-09-18T23:10:00-05:00,30.269104,-97.75451,0.0
p_011,4,2026-09-18T23:20:00-05:00,30.269113,-97.754484,0.0
p_011,4,2026-09-18T23:30:00-05:00,30.269042,-97.754437,0.0
p_011,4,2026-09-18T23:40:00-05:00,30.269086,-97.754469,0.0
p_011,4,2026-09-18T23:50:00-05:00,30.269098,-97.754504,0.0
p_011,4,2026-09-19T00:00:00-05:00,30.269145,-97.754563,0.0
p_011,4,2026-09-19T00:10:00-05:00,30.269108,-97.754548,0.0
p_011,4,2026-09-19T00:20:00-05:00,30.269133,-97.754419,0.0
p_011,4,2026-09-19T00:30:00-05:00,30.269098,-97.754392,0.0
p_011,4,2026-09-19T00:40:00-05:00,30.269044,-97.754433,0.0
p_011,4,2026-09-19T00:50:00-05:00,30.269086,-97.754382,0.0
p_011,4,2026-09-19T01:00:00-05:00,30.269103,-97.754518,0.0
p_011,4,2026-09-19T01:10:00-05:00,30.269116,-97.75443,0.0
p_011,4,2026-09-19T01:20:00-05:00,30.269188,-97.754324,0.0
p_011,4,2026-09-19T01:30:00-05:00,30.269119,-97.754413,0.0
p_011,4,2026-09-19T01:40:00-05:00,30.269038,-97.754453,0.0
p_011,4,2026-09-19T01:50:00-05:00,30.269127,-97.754398,0.0
p_011,4,2026-09-19T02:00:00-05:00,30.269126,-97.754447,0.0
p_011,4,2026-09-19T02:10:00-05:00,30.269144,-97.754555,0.0
p_011,4,2026-09-19T02:20:00-05:00,30.269132,-97.754456,0.0
p_011,4,2026-09-19T02:30:00-05:00,30.269084,-97.754408,0.0
p_011,4,2026-09-19T02:40:00-05:00,30.269115,-97.754452,0.0
p_011,4,2026-09-19T02:50:00-05:00,30.268976,-97.754375,0.0
p_012,0,2026-09-14T00:00:00-05:00,30.255691,-97.732747,0.0
p_012,0,2026-09-14T00:10:00-05:00,30.255679,-97.732829,0.0
p_012,0,2026-09-14T00:20:00-05:00,30.255689,-97.7328,0.0
p_012,0,2026-09-14T00:30:00-05:00,30.255688,-97.732759,0.0
p_012,0,2026-09-14T00:40:00-05:00,30.255698,-97.732769,0.0
p_012,0,2026-09-14T00:50:00-05:00,30.255661,-97.73273,0.0
p_012,0,2026-09-14T01:00:00-05:00,30.255648,-97.732761,0.0
p_012,0,2026-09-14T01:10:00-05:00,30.255693,-97.732829,0.0
p_012,0,2026-09-14T01:20:00-05:00,30.255675,-97.732828,0.0
p_012,0,2026-09-14T01:30:00-05:00,30.255719,-97.732738,0.0
p_012,0,2026-09-14T01:40:00-05:00,30.255649,-97.73279,0.0
p_012,0,2026-09-14T01:50:00-05:00,30.255706,-97.732792,0.0
p_012,0,2026-09-14T02:00:00-05:00,30.255679,-97.732885,0.0
p_012,0,2026-09-14T02:10:00-05:00,30.255654,-97.732776,0.0
p_012,0,2026-09-14T02:20:00-05:00,30.255725,-97.732772,0.0
p_012,0,2026-09-14T02:30:00-05:00,30.255695,-97.732804,0.0
p_012,0,2026-09-14T02:40:00-05:00,30.255682,-97.732783,0.0
p_012,0,2026-09-14T02:50:00-05:00,30.255705,-97.732726,0.0
p_012,0,2026-09-14T03:00:00-05:00,30.255697,-97.732822,0.0
p_012,0,2026-09-14T03:10:00-05:00,30.255694,-97.732799,0.0
p_012,0,2026-09-14T03:20:00-05:00,30.255753,-97.732889,0.0
p_012,0,2026-09-14T03:30:00-05:00,30.255646,-97.732732,0.0
p_012,0,2026-09-14T03:40:00-05:00,30.255691,-97.73276,0.0
p_012,0,2026-09-14T03:50:00-05:00,30.255733,-97.732788,0.0
p_012,0,2026-09-14T04:00:00-05:00,30.255736,-97.732826,0.0
p_012,0,2026-09-14T04:10:00-05:00,30.255651,-97.732813,0.0
p_012,0,2026-09-14T04:20:00-05:00,30.255668,-97.732807,0.0
p_012,0,2026-09-14T04:30:00-05:00,30.255718,-97.732755,0.0
p_012,0,2026-09-14T04:40:00-05:00,30.255648,-97.732772,0.0
p_012,0,2026-09-14T04:50:00-05:00,30.255688,-97.732766,0.0
p_012,0,2026-09-14T05:00:00-05:00,30.255654,-97.732741,0.0
p_012,0,2026-09-14T05:10:00-05:00,30.255702,-97.732811,0.0
p_012,0,2026-09-14T05:20:00-05:00,30.255714,-97.732781,0.0
p_012,0,2026-09-14T05:30:00-05:00,30.255691,-97.732855,0.0
p_012,0,2026-09-14T05:40:00-05:00,30.255768,-97.732774,0.0
p_012,0,2026-09-14T05:50:00-05:00,30.255681,-97.732734,0.0
p_012,0,2026-09-14T06:00:00-05:00,30.255714,-97.732808,0.0
p_012,0,2026-09-14T06:10:00-05:00,30.255713,-97.732789,0.0
p_012,0,2026-09-14T06:20:00-05:00,30.255691,-97.732847,0.0
p_012,0,2026-09-14T06:30:00-05:00,30.255704,-97.732715,0.0
p_012,0,2026-09-14T06:40:00-05:00,30.255678,-97.732751,0.0
p_012,0,2026-09-14T06:50:00-05:00,30.255658,-97.732807,0.0
p_012,0,2026-09-14T07:00:00-05:00,30.25566,-97.732796,0.0
p_012,0,2026-09-14T07:10:00-05:00,30.255699,-97.732759,0.0
p_012,0,2026-09-14T07:20:00-05:00,30.255663,-97.732719,0.0
p_012,0,2026-09-14T07:30:00-05:00,30.255633,-97.732759,0.0
p_012,0,2026-09-14T07:40:00-05:00,30.255707,-97.732761,0.0
p_012,0,2026-09-14T07:50:00-05:00,30.255702,-97.73277,0.0
p_012,0,2026-09-14T08:00:00-05:00,30.265438,-97.728394,4.26
p_012,0,2026-09-14T08:10:00-05:00,30.269625,-97.726659,0.0
p_012,0,2026-09-14T08:20:00-05:00,30.269661,-97.726723,0.0
p_012,0,2026-09-14T08:30:00-05:00,30.267974,-97.72722,6.06
p_012,0,2026-09-14T08:40:00-05:00,30.261597,-97.730359,0.0
p_012,0,2026-09-14T08:50:00-05:00,30.261686,-97.730435,0.0
p_012,0,2026-09-14T09:00:00-05:00,30.261551,-97.730427,0.0
p_012,0,2026-09-14T09:10:00-05:00,30.261587,-97.730286,0.0
p_012,0,2026-09-14T09:20:00-05:00,30.261569,-97.730309,0.0
p_012,0,2026-09-14T09:30:00-05:00,30.261584,-97.73031,0.0
p_012,0,2026-09-14T09:40:00-05:00,30.261596,-97.730442,0.0
p_012,0,2026-09-14T09:50:00-05:00,30.26155,-97.730419,0.0
p_012,0,2026-09-14T10:00:00-05:00,30.261592,-97.730367,0.0
p_012,0,2026-09-14T10:10:00-05:00,30.261568,-97.730384,0.0
p_012,0,2026-09-14T10:20:00-05:00,30.261614,-97.730432,0.0
p_012,0,2026-09-14T10:30:00-05:00,30.261711,-97.730358,0.0
p_012,0,2026-09-14T10:40:00-05:00,30.261611,-97.73041,0.0
p_012,0,2026-09-14T10:50:00-05:00,30.261587,-97.730356,0.0
p_012,0,2026-09-14T11:00:00-05:00,30.261693,-97.730381,0.0
p_012,0,2026-09-14T11:10:00-05:00,30.261664,-97.730357,0.0
p_012,0,2026-09-14T11:20:00-05:00,30.261677,-97.730398,0.0
p_012,0,2026-09-14T11:30:00-05:00,30.261607,-97.730307,0.0
p_012,0,2026-09-14T11:40:00-05:00,30.261538,-97.730264,0.0
p_012,0,2026-09-14T11:50:00-05:00,30.261612,-97.73047,0.0
p_012,0,2026-09-14T12:00:00-05:00,30.261636,-97.730396,0.0
p_012,0,2026-09-14T12:10:00-05:00,30.261574,-97.730357,0.0
p_012,0,2026-09-14T12:20:00-05:00,30.261638,-97.730421,0.0
p_012,0,2026-09-14T12:30:00-05:00,30.261571,-97.730463,0.0
p_012,0,2026-09-14T12:40:00-05:00,30.265679,-97.728238,1.52
p_012,0,2026-09-14T12:50:00-05:00,30.265634,-97.728355,0.0
p_012,0,2026-09-14T13:00:00-05:00,30.265561,-97.728328,0.0
p_012,0,2026-09-14T13:10:00-05:00,30.265593,-97.728309,0.0
p_012,0,2026-09-14T13:20:00-05:00,30.265666,-97.728617,1.36
p_012,0,2026-09-14T13:30:00-05:00,30.265634,-97.735399,0.0
p_012,0,2026-09-14T13:40:00-05:00,30.265669,-97.735384,0.0
p_012,0,2026-09-14T13:50:00-05:00,30.265746,-97.735405,0.0
p_012,0,2026-09-14T14:00:00-05:00,30.265615,-97.735387,0.0
p_012,0,2026-09-14T14:10:00-05:00,30.265641,-97.735473,0.0
p_012,0,2026-09-14T14:20:00-05:00,30.265697,-97.735402,0.0
p_012,0,2026-09-14T14:30:00-05:00,30.265599,-97.735421,0.0
p_012,0,2026-09-14T14:40:00-05:00,30.265647,-97.735395,0.0
p_012,0,2026-09-14T14:50:00-05:00,30.265588,-97.735317,0.0
p_012,0,2026-09-14T15:00:00-05:00,30.265721,-97.735371,0.0
p_012,0,2026-09-14T15:10:00-05:00,30.265694,-97.735471,0.0
p_012,0,2026-09-14T15:20:00-05:00,30.265618,-97.735291,0.0
p_012,0,2026-09-14T15:30:00-05:00,30.265602,-97.73533,0.0
p_012,0,2026-09-14T15:40:00-05:00,30.265662,-97.735387,0.0
p_012,0,2026-09-14T15:50:00-05:00,30.265722,-97.735432,0.0
p_012,0,2026-09-14T16:00:00-05:00,30.265671,-97.735412,0.0
p_012,0,2026-09-14T16:10:00-05:00,30.265708,-97.735362,0.0
p_012,0,2026-09-14T16:20:00-05:00,30.265616,-97.735374,0.0
p_012,0,2026-09-14T16:30:00-05:00,30.265738,-97.735276,0.0
p_012,0,2026-09-14T16:40:00-05:00,30.265721,-97.735392,0.0
p_012,0,2026-09-14T16:50:00-05:00,30.265681,-97.735372,0.0
p_012,0,2026-09-14T17:00:00-05:00,30.265676,-97.735489,0.0
p_012,0,2026-09-14T17:10:00-05:00,30.265663,-97.735424,0.0
p_012,0,2026-09-14T17:20:00-05:00,30.265682,-97.735428,0.0
p_012,0,2026-09-14T17:30:00-05:00,30.265674,-97.735368,0.0
p_012,0,2026-09-14T17:40:00-05:00,30.265611,-97.735414,0.0
p_012,0,2026-09-14T17:50:00-05:00,30.265662,-97.735415,0.0
p_012,0,2026-09-14T18:00:00-05:00,30.265646,-97.735386,0.0
p_012,0,2026-09-14T18:10:00-05:00,30.265656,-97.735415,0.0
p_012,0,2026-09-14T18:20:00-05:00,30.265707,-97.735335,0.0
p_012,0,2026-09-14T18:30:00-05:00,30.265619,-97.735372,0.0
p_012,0,2026-09-14T18:40:00-05:00,30.265762,-97.73537,0.0
p_012,0,2026-09-14T18:50:00-05:00,30.26566,-97.735467,0.0
p_012,0,2026-09-14T19:00:00-05:00,30.265685,-97.735362,0.0
p_012,0,2026-09-14T19:10:00-05:00,30.265661,-97.735404,0.0
p_012,0,2026-09-14T19:20:00-05:00,30.265676,-97.735412,0.0
p_012,0,2026-09-14T19:30:00-05:00,30.25573,-97.732864,6.73
p_012,0,2026-09-14T19:40:00-05:00,30.255649,-97.732716,0.0
p_012,0,2026-09-14T19:50:00-05:00,30.255663,-97.732859,0.0
p_012,0,2026-09-14T20:00:00-05:00,30.255691,-97.732808,0.0
p_012,0,2026-09-14T20:10:00-05:00,30.255674,-97.732825,0.0
p_012,0,2026-09-14T20:20:00-05:00,30.255753,-97.732737,0.0
p_012,0,2026-09-14T20:30:00-05:00,30.255644,-97.732774,0.0
p_012,0,2026-09-14T20:40:00-05:00,30.255703,-97.732759,0.0
p_012,0,2026-09-14T20:50:00-05:00,30.255648,-97.732867,0.0
p_012,0,2026-09-14T21:00:00-05:00,30.255701,-97.732766,0.0
p_012,0,2026-09-14T21:10:00-05:00,30.255668,-97.732913,0.0
p_012,0,2026-09-14T21:20:00-05:00,30.255697,-97.732816,0.0
p_012,0,2026-09-14T21:30:00-05:00,30.255694,-97.732736,0.0
p_012,0,2026-09-14T21:40:00-05:00,30.25566,-97.732738,0.0
p_012,0,2026-09-14T21:50:00-05:00,30.255685,-97.732736,0.0
p_012,0,2026-09-14T22:00:00-05:00,30.255662,-97.732718,0.0
p_012,0,2026-09-14T22:10:00-05:00,30.255698,-97.73278,0.0
p_012,0,2026-09-14T22:20:00-05:00,30.255714,-97.732827,0.0
p_012,0,2026-09-14T22:30:00-05:00,30.255688,-97.732828,0.0
p_012,0,2026-09-14T22:40:00-05:00,30.255699,-97.732762,0.0
p_012,0,2026-09-14T22:50:00-05:00,30.255614,-97.732793,0.0
p_012,0,2026-09-14T23:00:00-05:00,30.255686,-97.732831,0.0
p_012,0,2026-09-14T23:10:00-05:00,30.255683,-97.732785,0.0
p_012,0,2026-09-14T23:20:00-05:00,30.255668,-97.7328,0.0
p_012,0,2026-09-14T23:30:00-05:00,30.255745,-97.732811,0.0
p_012,0,2026-09-14T23:40:00-05:00,30.255737,-97.732846,0.0
p_012,0,2026-09-14T23:50:00-05:00,30.25562,-97.732796,0.0
p_012,0,2026-09-15T00:00:00-05:00,30.255673,-97.732898,0.0
p_012,0,2026-09-15T00:10:00-05:00,30.255726,-97.732759,0.0
p_012,0,2026-09-15T00:20:00-05:00,30.255687,-97.732754,0.0
p_012,0,2026-09-15T00:30:00-05:00,30.255606,-97.732786,0.0
p_012,0,2026-09-15T00:40:00-05:00,30.255686,-97.732794,0.0
p_012,0,2026-09-15T00:50:00-05:00,30.255636,-97.732752,0.0
p_012,0,2026-09-15T01:00:00-05:00,30.255727,-97.732833,0.0
p_012,0,2026-09-15T01:10:00-05:00,30.255715,-97.732833,0.0
p_012,0,2026-09-15T01:20:00-05:00,30.255632,-97.732866,0.0
p_012,0,2026-09-15T01:30:00-05:00,30.255655,-97.732793,0.0
p_012,0,2026-09-15T01:40:00-05:00,30.255743,-97.732777,0.0
p_012,0,2026-09-15T01:50:00-05:00,30.255662,-97.732716,0.0
p_012,0,2026-09-15T02:00:00-05:00,30.255639,-97.732808,0.0
p_012,0,2026-09-15T02:10:00-05:00,30.25577,-97.732829,0.0
p_012,0,2026-09-15T02:20:00-05:00,30.255736,-97.732784,0.0
p_012,0,2026-09-15T02:30:00-05:00,30.255698,-97.732851,0.0
p_012,0,2026-09-15T02:40:00-05:00,30.255774,-97.732687,0.0
p_012,0,2026-09-15T02:50:00-05:00,30.255719,-97.732721,0.0
p_012,1,2026-09-15T00:00:00-05:00,30.255724,-97.732804,0.0
p_012,1,2026-09-15T00:10:00-05:00,30.255661,-97.732808,0.0
p_012,1,2026-09-15T00:20:00-05:00,30.255682,-97.732844,0.0
p_012,1,2026-09-15T00:30:00-05:00,30.255636,-97.732847,0.0
p_012,1,2026-09-15T00:40:00-05:00,30.255656,-97.732754,0.0
p_012,1,2026-09-15T00:50:00-05:00,30.25575,-97.732751,0.0
p_012,1,2026-09-15T01:00:00-05:00,30.255717,-97.732739,0.0
p_012,1,2026-09-15T01:10:00-05:00,30.25565,-97.732781,0.0
p_012,1,2026-09-15T01:20:00-05:00,30.255664,-97.732769,0.0
p_012,1,2026-09-15T01:30:00-05:00,30.255663,-97.732801,0.0
p_012,1,2026-09-15T01:40:00-05:00,30.255703,-97.73285,0.0
p_012,1,2026-09-15T01:50:00-05:00,30.255715,-97.732772,0.0
p_012,1,2026-09-15T02:00:00-05:00,30.255646,-97.732717,0.0
p_012,1,2026-09-15T02:10:00-05:00,30.255712,-97.732789,0.0
p_012,1,2026-09-15T02:20:00-05:00,30.2557,-97.73284,0.0
p_012,1,2026-09-15T02:30:00-05:00,30.255682,-97.732818,0.0
p_012,1,2026-09-15T02:40:00-05:00,30.255708,-97.732861,0.0
p_012,1,2026-09-15T02:50:00-05:00,30.25573,-97.732774,0.0
p_012,1,2026-09-15T03:00:00-05:00,30.255661,-97.732802,0.0
p_012,1,2026-09-15T03:10:00-05:00,30.255677,-97.732767,0.0
p_012,1,2026-09-15T03:20:00-05:00,30.255636,-97.732815,0.0
p_012,1,2026-09-15T03:30:00-05:00,30.255638,-97.732836,0.0
p_012,1,2026-09-15T03:40:00-05:00,30.255696,-97.732705,0.0
p_012,1,2026-09-15T03:50:00-05:00,30.255703,-97.732796,0.0
p_012,1,2026-09-15T04:00:00-05:00,30.255703,-97.732735,0.0
p_012,1,2026-09-15T04:10:00-05:00,30.255702,-97.732752,0.0
p_012,1,2026-09-15T04:20:00-05:00,30.255668,-97.732867,0.0
p_012,1,2026-09-15T04:30:00-05:00,30.255671,-97.732776,0.0
p_012,1,2026-09-15T04:40:00-05:00,30.25564,-97.732803,0.0
p_012,1,2026-09-15T04:50:00-05:00,30.255763,-97.732708,0.0
p_012,1,2026-09-15T05:00:00-05:00,30.255685,-97.732746,0.0
p_012,1,2026-09-15T05:10:00-05:00,30.255713,-97.732827,0.0
p_012,1,2026-09-15T05:20:00-05:00,30.255696,-97.732796,0.0
p_012,1,2026-09-15T05:30:00-05:00,30.255622,-97.732786,0.0
p_012,1,2026-09-15T05:40:00-05:00,30.255669,-97.73278,0.0
p_012,1,2026-09-15T05:50:00-05:00,30.255715,-97.732761,0.0
p_012,1,2026-09-15T06:00:00-05:00,30.255696,-97.732746,0.0
p_012,1,2026-09-15T06:10:00-05:00,30.255711,-97.732789,0.0
p_012,1,2026-09-15T06:20:00-05:00,30.255703,-97.732785,0.0
p_012,1,2026-09-15T06:30:00-05:00,30.255705,-97.732748,0.0
p_012,1,2026-09-15T06:40:00-05:00,30.255714,-97.732755,0.0
p_012,1,2026-09-15T06:50:00-05:00,30.255694,-97.732837,0.0
p_012,1,2026-09-15T07:00:00-05:00,30.255626,-97.732754,0.0
p_012,1,2026-09-15T07:10:00-05:00,30.255692,-97.732786,0.0
p_012,1,2026-09-15T07:20:00-05:00,30.255715,-97.732775,0.0
p_012,1,2026-09-15T07:30:00-05:00,30.25566,-97.732785,0.0
p_012,1,2026-09-15T07:40:00-05:00,30.255729,-97.732796,0.0
p_012,1,2026-09-15T07:50:00-05:00,30.255704,-97.732852,0.0
p_012,1,2026-09-15T08:00:00-05:00,30.256415,-97.725488,0.0
p_012,1,2026-09-15T08:10:00-05:00,30.256371,-97.72561,0.0
p_012,1,2026-09-15T08:20:00-05:00,30.256417,-97.725468,0.0
p_012,1,2026-09-15T08:30:00-05:00,30.260141,-97.743677,4.02
p_012,1,2026-09-15T08:40:00-05:00,30.260652,-97.748514,0.0
p_012,1,2026-09-15T08:50:00-05:00,30.260657,-97.748556,0.0
p_012,1,2026-09-15T09:00:00-05:00,30.260581,-97.748473,0.0
p_012,1,2026-09-15T09:10:00-05:00,30.260624,-97.748676,0.0
p_012,1,2026-09-15T09:20:00-05:00,30.26064,-97.748463,0.0
p_012,1,2026-09-15T09:30:00-05:00,30.260638,-97.748645,0.0
p_012,1,2026-09-15T09:40:00-05:00,30.260683,-97.7485,0.0
p_012,1,2026-09-15T09:50:00-05:00,30.260604,-97.748474,0.0
p_012,1,2026-09-15T10:00:00-05:00,30.260616,-97.748513,0.0
p_012,1,2026-09-15T10:10:00-05:00,30.260604,-97.74852,0.0
p_012,1,2026-09-15T10:20:00-05:00,30.260674,-97.748645,0.0
p_012,1,2026-09-15T10:30:00-05:00,30.260612,-97.748463,0.0
p_012,1,2026-09-15T10:40:00-05:00,30.26061,-97.748506,0.0
p_012,1,2026-09-15T10:50:00-05:00,30.260601,-97.748474,0.0
p_012,1,2026-09-15T11:00:00-05:00,30.260673,-97.748496,0.0
p_012,1,2026-09-15T11:10:00-05:00,30.260628,-97.748458,0.0
p_012,1,2026-09-15T11:20:00-05:00,30.260684,-97.748553,0.0
p_012,1,2026-09-15T11:30:00-05:00,30.260664,-97.748544,0.0
p_012,1,2026-09-15T11:40:00-05:00,30.260649,-97.748498,0.0
p_012,1,2026-09-15T11:50:00-05:00,30.260644,-97.748584,0.0
p_012,1,2026-09-15T12:00:00-05:00,30.260612,-97.748517,0.0
p_012,1,2026-09-15T12:10:00-05:00,30.260657,-97.748478,0.0
p_012,1,2026-09-15T12:20:00-05:00,30.260718,-97.748545,0.0
p_012,1,2026-09-15T12:30:00-05:00,30.264871,-97.749657,1.23
p_012,1,2026-09-15T12:40:00-05:00,30.266085,-97.749846,0.0
p_012,1,2026-09-15T12:50:00-05:00,30.266049,-97.749802,0.0
p_012,1,2026-09-15T13:00:00-05:00,30.265968,-97.749904,0.0
p_012,1,2026-09-15T13:10:00-05:00,30.266056,-97.749869,0.0
p_012,1,2026-09-15T13:20:00-05:00,30.265948,-97.74994,0.0
p_012,1,2026-09-15T13:30:00-05:00,30.266003,-97.749893,0.0
p_012,1,2026-09-15T13:40:00-05:00,30.265988,-97.755466,0.0
p_012,1,2026-09-15T13:50:00-05:00,30.265972,-97.755536,0.0
p_012,1,2026-09-15T14:00:00-05:00,30.266025,-97.755482,0.0
p_012,1,2026-09-15T14:10:00-05:00,30.266083,-97.755542,0.0
p_012,1,2026-09-15T14:20:00-05:00,30.265987,-97.755435,0.0
p_012,1,2026-09-15T14:30:00-05:00,30.266036,-97.755473,0.0
p_012,1,2026-09-15T14:40:00-05:00,30.266058,-97.755512,0.0
p_012,1,2026-09-15T14:50:00-05:00,30.266047,-97.755513,0.0
p_012,1,2026-09-15T15:00:00-05:00,30.265993,-97.755467,0.0
p_012,1,2026-09-15T15:10:00-05:00,30.265993,-97.755536,0.0
p_012,1,2026-09-15T15:20:00-05:00,30.26607,-97.755581,0.0
p_012,1,2026-09-15T15:30:00-05:00,30.266026,-97.755509,0.0
p_012,1,2026-09-15T15:40:00-05:00,30.265978,-97.755571,0.0
p_012,1,2026-09-15T15:50:00-05:00,30.266062,-97.755462,0.0
p_012,1,2026-09-15T16:00:00-05:00,30.266082,-97.755463,0.0
p_012,1,2026-09-15T16:10:00-05:00,30.266088,-97.755529,0.0
p_012,1,2026-09-15T16:20:00-05:00,30.265964,-97.755438,0.0
p_012,1,2026-09-15T16:30:00-05:00,30.266036,-97.755494,0.0
p_012,1,2026-09-15T16:40:00-05:00,30.265943,-97.755514,0.0
p_012,1,2026-09-15T16:50:00-05:00,30.266048,-97.755439,0.0
p_012,1,2026-09-15T17:00:00-05:00,30.266074,-97.755446,0.0
p_012,1,2026-09-15T17:10:00-05:00,30.265984,-97.755496,0.0
p_012,1,2026-09-15T17:20:00-05:00,30.266039,-97.755542,0.0
p_012,1,2026-09-15T17:30:00-05:00,30.266027,-97.75554,0.0
p_012,1,2026-09-15T17:40:00-05:00,30.266014,-97.755538,0.0
p_012,1,2026-09-15T17:50:00-05:00,30.254952,-97.75479,0.0
p_012,1,2026-09-15T18:00:00-05:00,30.254855,-97.754807,0.0
p_012,1,2026-09-15T18:10:00-05:00,30.254991,-97.754851,0.0
p_012,1,2026-09-15T18:20:00-05:00,30.254929,-97.754822,0.0
p_012,1,2026-09-15T18:30:00-05:00,30.255018,-97.754814,0.0
p_012,1,2026-09-15T18:40:00-05:00,30.254968,-97.754831,0.0
p_012,1,2026-09-15T18:50:00-05:00,30.255011,-97.754801,0.0
p_012,1,2026-09-15T19:00:00-05:00,30.254908,-97.754811,0.0
p_012,1,2026-09-15T19:10:00-05:00,30.254992,-97.754827,0.0
p_012,1,2026-09-15T19:20:00-05:00,30.254934,-97.754912,0.0
p_012,1,2026-09-15T19:30:00-05:00,30.254941,-97.754831,0.0
p_012,1,2026-09-15T19:40:00-05:00,30.254961,-97.754798,0.0
p_012,1,2026-09-15T19:50:00-05:00,30.254888,-97.754868,0.0
p_012,1,2026-09-15T20:00:00-05:00,30.25494,-97.754743,0.0
p_012,1,2026-09-15T20:10:00-05:00,30.255671,-97.732746,4.61
p_012,1,2026-09-15T20:20:00-05:00,30.255638,-97.732731,0.0
p_012,1,2026-09-15T20:30:00-05:00,30.255698,-97.732736,0.0
p_012,1,2026-09-15T20:40:00-05:00,30.255716,-97.732801,0.0
p_012,1,2026-09-15T20:50:00-05:00,30.25571,-97.732837,0.0
p_012,1,2026-09-15T21:00:00-05:00,30.255653,-97.73286,0.0
p_012,1,2026-09-15T21:10:00-05:00,30.255667,-97.732728,0.0
p_012,1,2026-09-15T21:20:00-05:00,30.255739,-97.732734,0.0
p_012,1,2026-09-15T21:30:00-05:00,30.2557,-97.732771,0.0
p_012,1,2026-09-15T21:40:00-05:00,30.255706,-97.732653,0.0
p_012,1,2026-09-15T21:50:00-05:00,30.255708,-97.732727,0.0
p_012,1,2026-09-15T22:00:00-05:00,30.255688,-97.732739,0.0
p_012,1,2026-09-15T22:10:00-05:00,30.255668,-97.732827,0.0
p_012,1,2026-09-15T22:20:00-05:00,30.255741,-97.73275,0.0
p_012,1,2026-09-15T22:30:00-05:00,30.255726,-97.73291,0.0
p_012,1,2026-09-15T22:40:00-05:00,30.255686,-97.732812,0.0
p_012,1,2026-09-15T22:50:00-05:00,30.255699,-97.732817,0.0
p_012,1,2026-09-15T23:00:00-05:00,30.255674,-97.732817,0.0
p_012,1,2026-09-15T23:10:00-05:00,30.255663,-97.732815,0.0
p_012,1,2026-09-15T23:20:00-05:00,30.255676,-97.73268,0.0
p_012,1,2026-09-15T23:30:00-05:00,30.25563,-97.732818,0.0
p_012,1,2026-09-15T23:40:00-05:00,30.255648,-97.732776,0.0
p_012,1,2026-09-15T23:50:00-05:00,30.255663,-97.73272,0.0
p_012,1,2026-09-16T00:00:00-05:00,30.255685,-97.73278,0.0
p_012,1,2026-09-16T00:10:00-05:00,30.255684,-97.732781,0.0
p_012,1,2026-09-16T00:20:00-05:00,30.25572,-97.732705,0.0
p_012,1,2026-09-16T00:30:00-05:00,30.255666,-97.732795,0.0
p_012,1,2026-09-16T00:40:00-05:00,30.2557,-97.732819,0.0
p_012,1,2026-09-16T00:50:00-05:00,30.25569,-97.732762,0.0
p_012,1,2026-09-16T01:00:00-05:00,30.255644,-97.732821,0.0
p_012,1,2026-09-16T01:10:00-05:00,30.255697,-97.732812,0.0
p_012,1,2026-09-16T01:20:00-05:00,30.255679,-97.732775,0.0
p_012,1,2026-09-16T01:30:00-05:00,30.255651,-97.732793,0.0
p_012,1,2026-09-16T01:40:00-05:00,30.255636,-97.732779,0.0
p_012,1,2026-09-16T01:50:00-05:00,30.255663,-97.73275,0.0
p_012,1,2026-09-16T02:00:00-05:00,30.25566,-97.732824,0.0
p_012,1,2026-09-16T02:10:00-05:00,30.255715,-97.732829,0.0
p_012,1,2026-09-16T02:20:00-05:00,30.255714,-97.732809,0.0
p_012,1,2026-09-16T02:30:00-05:00,30.255695,-97.732763,0.0
p_012,1,2026-09-16T02:40:00-05:00,30.255714,-97.732887,0.0
p_012,1,2026-09-16T02:50:00-05:00,30.255696,-97.732853,0.0
p_012,2,2026-09-16T00:00:00-05:00,30.255632,-97.732838,0.0
p_012,2,2026-09-16T00:10:00-05:00,30.255692,-97.732779,0.0
p_012,2,2026-09-16T00:20:00-05:00,30.255692,-97.732745,0.0
p_012,2,2026-09-16T00:30:00-05:00,30.255641,-97.732792,0.0
p_012,2,2026-09-16T00:40:00-05:00,30.255666,-97.732775,0.0
p_012,2,2026-09-16T00:50:00-05:00,30.255671,-97.732759,0.0
p_012,2,2026-09-16T01:00:00-05:00,30.255698,-97.732698,0.0
p_012,2,2026-09-16T01:10:00-05:00,30.255687,-97.732764,0.0
p_012,2,2026-09-16T01:20:00-05:00,30.255636,-97.732795,0.0
p_012,2,2026-09-16T01:30:00-05:00,30.255659,-97.732867,0.0
p_012,2,2026-09-16T01:40:00-05:00,30.255683,-97.732872,0.0
p_012,2,2026-09-16T01:50:00-05:00,30.255731,-97.732712,0.0
p_012,2,2026-09-16T02:00:00-05:00,30.255735,-97.73276,0.0
p_012,2,2026-09-16T02:10:00-05:00,30.255735,-97.732718,0.0
p_012,2,2026-09-16T02:20:00-05:00,30.255706,-97.732806,0.0
p_012,2,2026-09-16T02:30:00-05:00,30.255695,-97.732798,0.0
p_012,2,2026-09-16T02:40:00-05:00,30.255659,-97.732849,0.0
p_012,2,2026-09-16T02:50:00-05:00,30.255684,-97.732768,0.0
p_012,2,2026-09-16T03:00:00-05:00,30.255662,-97.73274,0.0
p_012,2,2026-09-16T03:10:00-05:00,30.25568,-97.732767,0.0
p_012,2,2026-09-16T03:20:00-05:00,30.255653,-97.732773,0.0
p_012,2,2026-09-16T03:30:00-05:00,30.255741,-97.732773,0.0
p_012,2,2026-09-16T03:40:00-05:00,30.255628,-97.73285,0.0
p_012,2,2026-09-16T03:50:00-05:00,30.255733,-97.732797,0.0
p_012,2,2026-09-16T04:00:00-05:00,30.255703,-97.732796,0.0
p_012,2,2026-09-16T04:10:00-05:00,30.255684,-97.732745,0.0
p_012,2,2026-09-16T04:20:00-05:00,30.255701,-97.732741,0.0
p_012,2,2026-09-16T04:30:00-05:00,30.255708,-97.732739,0.0
p_012,2,2026-09-16T04:40:00-05:00,30.255653,-97.732774,0.0
p_012,2,2026-09-16T04:50:00-05:00,30.255625,-97.732743,0.0
p_012,2,2026-09-16T05:00:00-05:00,30.255688,-97.732772,0.0
p_012,2,2026-09-16T05:10:00-05:00,30.255699,-97.732808,0.0
p_012,2,2026-09-16T05:20:00-05:00,30.25564,-97.732795,0.0
p_012,2,2026-09-16T05:30:00-05:00,30.255658,-97.732812,0.0
p_012,2,2026-09-16T05:40:00-05:00,30.255663,-97.73293,0.0
p_012,2,2026-09-16T05:50:00-05:00,30.255649,-97.732812,0.0
p_012,2,2026-09-16T06:00:00-05:00,30.255692,-97.732754,0.0
p_012,2,2026-09-16T06:10:00-05:00,30.255689,-97.732797,0.0
p_012,2,2026-09-16T06:20:00-05:00,30.255648,-97.732777,0.0
p_012,2,2026-09-16T06:30:00-05:00,30.255674,-97.732729,0.0
p_012,2,2026-09-16T06:40:00-05:00,30.25567,-97.732774,0.0
p_012,2,2026-09-16T06:50:00-05:00,30.255691,-97.732685,0.0
p_012,2,2026-09-16T07:00:00-05:00,30.255627,-97.732724,0.0
p_012,2,2026-09-16T07:10:00-05:00,30.255701,-97.732757,0.0
p_012,2,2026-09-16T07:20:00-05:00,30.255668,-97.732787,0.0
p_012,2,2026-09-16T07:30:00-05:00,30.255645,-97.732699,0.0
p_012,2,2026-09-16T07:40:00-05:00,30.255695,-97.732739,0.0
p_012,2,2026-09-16T07:50:00-05:00,30.255709,-97.732766,0.0
p_012,2,2026-09-16T08:00:00-05:00,30.255665,-97.732795,0.0
p_012,2,2026-09-16T08:10:00-05:00,30.255731,-97.732739,0.0
p_012,2,2026-09-16T08:20:00-05:00,30.256407,-97.732427,1.3
p_012,2,2026-09-16T08:30:00-05:00,30.261621,-97.730352,0.0
p_012,2,2026-09-16T08:40:00-05:00,30.261539,-97.730327,0.0
p_012,2,2026-09-16T08:50:00-05:00,30.261596,-97.730433,0.0
p_012,2,2026-09-16T09:00:00-05:00,30.261607,-97.730493,0.0
p_012,2,2026-09-16T09:10:00-05:00,30.261593,-97.730458,0.0
p_012,2,2026-09-16T09:20:00-05:00,30.261583,-97.730398,0.0
p_012,2,2026-09-16T09:30:00-05:00,30.261612,-97.730354,0.0
p_012,2,2026-09-16T09:40:00-05:00,30.261635,-97.730396,0.0
p_012,2,2026-09-16T09:50:00-05:00,30.261604,-97.730381,0.0
p_012,2,2026-09-16T10:00:00-05:00,30.261632,-97.730372,0.0
p_012,2,2026-09-16T10:10:00-05:00,30.261625,-97.730466,0.0
p_012,2,2026-09-16T10:20:00-05:00,30.261574,-97.73041,0.0
p_012,2,2026-09-16T10:30:00-05:00,30.26159,-97.730418,0.0
p_012,2,2026-09-16T10:40:00-05:00,30.261541,-97.730394,0.0
p_012,2,2026-09-16T10:50:00-05:00,30.261617,-97.730441,0.0
p_012,2,2026-09-16T11:00:00-05:00,30.261622,-97.730371,0.0
p_012,2,2026-09-16T11:10:00-05:00,30.261673,-97.730377,0.0
p_012,2,2026-09-16T11:20:00-05:00,30.26157,-97.730384,0.0
p_012,2,2026-09-16T11:30:00-05:00,30.261503,-97.730417,0.0
p_012,2,2026-09-16T11:40:00-05:00,30.26157,-97.730366,0.0
p_012,2,2026-09-16T11:50:00-05:00,30.261596,-97.730386,0.0
p_012,2,2026-09-16T12:00:00-05:00,30.261666,-97.730445,0.0
p_012,2,2026-09-16T12:10:00-05:00,30.26156,-97.730439,0.0
p_012,2,2026-09-16T12:20:00-05:00,30.261628,-97.73043,0.0
p_012,2,2026-09-16T12:30:00-05:00,30.261637,-97.730405,0.0
p_012,2,2026-09-16T12:40:00-05:00,30.261603,-97.730395,0.0
p_012,2,2026-09-16T12:50:00-05:00,30.261533,-97.730318,0.0
p_012,2,2026-09-16T13:00:00-05:00,30.261602,-97.73042,0.0
p_012,2,2026-09-16T13:10:00-05:00,30.261564,-97.73044,0.0
p_012,2,2026-09-16T13:20:00-05:00,30.261594,-97.730408,0.0
p_012,2,2026-09-16T13:30:00-05:00,30.261649,-97.730404,0.0
p_012,2,2026-09-16T13:40:00-05:00,30.26149,-97.730334,0.0
p_012,2,2026-09-16T13:50:00-05:00,30.261679,-97.730345,0.0
p_012,2,2026-09-16T14:00:00-05:00,30.26155,-97.730458,0.0
p_012,2,2026-09-16T14:10:00-05:00,30.261586,-97.730411,0.0
p_012,2,2026-09-16T14:20:00-05:00,30.26159,-97.730396,0.0
p_012,2,2026-09-16T14:30:00-05:00,30.261625,-97.730281,0.0
p_012,2,2026-09-16T14:40:00-05:00,30.261533,-97.730383,0.0
p_012,2,2026-09-16T14:50:00-05:00,30.261542,-97.730436,0.0
p_012,2,2026-09-16T15:00:00-05:00,30.261647,-97.730486,0.0
p_012,2,2026-09-16T15:10:00-05:00,30.261557,-97.730392,0.0
p_012,2,2026-09-16T15:20:00-05:00,30.2616,-97.730483,0.0
p_012,2,2026-09-16T15:30:00-05:00,30.261535,-97.730382,0.0
p_012,2,2026-09-16T15:40:00-05:00,30.261635,-97.73035,0.0
p_012,2,2026-09-16T15:50:00-05:00,30.261574,-97.730462,0.0
p_012,2,2026-09-16T16:00:00-05:00,30.261696,-97.730282,0.0
p_012,2,2026-09-16T16:10:00-05:00,30.261586,-97.730472,0.0
p_012,2,2026-09-16T16:20:00-05:00,30.261543,-97.730327,0.0
p_012,2,2026-09-16T16:30:00-05:00,30.261533,-97.730395,0.0
p_012,2,2026-09-16T16:40:00-05:00,30.261632,-97.730413,0.0
p_012,2,2026-09-16T16:50:00-05:00,30.261643,-97.730392,0.0
p_012,2,2026-09-16T17:00:00-05:00,30.261626,-97.730346,0.0
p_012,2,2026-09-16T17:10:00-05:00,30.261583,-97.730351,0.0
p_012,2,2026-09-16T17:20:00-05:00,30.261518,-97.730456,0.0
p_012,2,2026-09-16T17:30:00-05:00,30.261654,-97.730383,0.0
p_012,2,2026-09-16T17:40:00-05:00,30.26166,-97.730451,0.0
p_012,2,2026-09-16T17:50:00-05:00,30.261693,-97.730385,0.0
p_012,2,2026-09-16T18:00:00-05:00,30.261577,-97.73044,0.0
p_012,2,2026-09-16T18:10:00-05:00,30.264749,-97.731917,1.36
p_012,2,2026-09-16T18:20:00-05:00,30.266895,-97.733114,0.0
p_012,2,2026-09-16T18:30:00-05:00,30.266855,-97.733084,0.0
p_012,2,2026-09-16T18:40:00-05:00,30.266873,-97.733115,0.0
p_012,2,2026-09-16T18:50:00-05:00,30.266905,-97.733124,0.0
p_012,2,2026-09-16T19:00:00-05:00,30.266925,-97.733074,0.0
p_012,2,2026-09-16T19:10:00-05:00,30.266953,-97.733182,0.0
p_012,2,2026-09-16T19:20:00-05:00,30.26692,-97.733081,0.0
p_012,2,2026-09-16T19:30:00-05:00,30.26685,-97.733219,0.0
p_012,2,2026-09-16T19:40:00-05:00,30.26689,-97.733143,0.0
p_012,2,2026-09-16T19:50:00-05:00,30.266943,-97.733186,0.0
p_012,2,2026-09-16T20:00:00-05:00,30.266841,-97.73309,0.0
p_012,2,2026-09-16T20:10:00-05:00,30.266935,-97.733122,0.0
p_012,2,2026-09-16T20:20:00-05:00,30.266976,-97.733153,0.0
p_012,2,2026-09-16T20:30:00-05:00,30.266914,-97.733057,0.0
p_012,2,2026-09-16T20:40:00-05:00,30.26697,-97.73318,0.0
p_012,2,2026-09-16T20:50:00-05:00,30.266982,-97.733051,0.0
p_012,2,2026-09-16T21:00:00-05:00,30.266918,-97.73318,0.0
p_012,2,2026-09-16T21:10:00-05:00,30.262286,-97.733151,4.5
p_012,2,2026-09-16T21:20:00-05:00,30.255721,-97.732774,0.0
p_012,2,2026-09-16T21:30:00-05:00,30.255666,-97.732863,0.0
p_012,2,2026-09-16T21:40:00-05:00,30.255666,-97.732653,0.0
p_012,2,2026-09-16T21:50:00-05:00,30.255682,-97.732798,0.0
p_012,2,2026-09-16T22:00:00-05:00,30.255669,-97.732716,0.0
p_012,2,2026-09-16T22:10:00-05:00,30.255683,-97.732789,0.0
p_012,2,2026-09-16T22:20:00-05:00,30.2557,-97.732905,0.0
p_012,2,2026-09-16T22:30:00-05:00,30.255692,-97.732752,0.0
p_012,2,2026-09-16T22:40:00-05:00,30.255716,-97.732725,0.0
p_012,2,2026-09-16T22:50:00-05:00,30.255642,-97.732748,0.0
p_012,2,2026-09-16T23:00:00-05:00,30.255745,-97.732745,0.0
p_012,2,2026-09-16T23:10:00-05:00,30.255733,-97.73274,0.0
p_012,2,2026-09-16T23:20:00-05:00,30.255671,-97.732667,0.0
p_012,2,2026-09-16T23:30:00-05:00,30.2557,-97.732782,0.0
p_012,2,2026-09-16T23:40:00-05:00,30.255668,-97.732773,0.0
p_012,2,2026-09-16T23:50:00-05:00,30.255715,-97.732705,0.0
p_012,2,2026-09-17T00:00:00-05:00,30.255717,-97.732787,0.0
p_012,2,2026-09-17T00:10:00-05:00,30.255663,-97.732742,0.0
p_012,2,2026-09-17T00:20:00-05:00,30.255658,-97.732792,0.0
p_012,2,2026-09-17T00:30:00-05:00,30.255649,-97.732849,0.0
p_012,2,2026-09-17T00:40:00-05:00,30.255667,-97.732754,0.0
p_012,2,2026-09-17T00:50:00-05:00,30.255752,-97.732711,0.0
p_012,2,2026-09-17T01:00:00-05:00,30.25576,-97.732769,0.0
p_012,2,2026-09-17T01:10:00-05:00,30.255688,-97.732792,0.0
p_012,2,2026-09-17T01:20:00-05:00,30.255749,-97.732714,0.0
p_012,2,2026-09-17T01:30:00-05:00,30.255671,-97.732835,0.0
p_012,2,2026-09-17T01:40:00-05:00,30.255594,-97.732725,0.0
p_012,2,2026-09-17T01:50:00-05:00,30.255683,-97.732745,0.0
p_012,2,2026-09-17T02:00:00-05:00,30.255731,-97.732738,0.0
p_012,2,2026-09-17T02:10:00-05:00,30.255601,-97.732781,0.0
p_012,2,2026-09-17T02:20:00-05:00,30.255644,-97.732784,0.0
p_012,2,2026-09-17T02:30:00-05:00,30.255672,-97.73276,0.0
p_012,2,2026-09-17T02:40:00-05:00,30.255596,-97.732728,0.0
p_012,2,2026-09-17T02:50:00-05:00,30.255639,-97.732714,0.0
p_012,3,2026-09-17T00:00:00-05:00,30.255655,-97.732778,0.0
p_012,3,2026-09-17T00:10:00-05:00,30.255711,-97.732782,0.0
p_012,3,2026-09-17T00:20:00-05:00,30.255703,-97.732785,0.0
p_012,3,2026-09-17T00:30:00-05:00,30.255648,-97.732807,0.0
p_012,3,2026-09-17T00:40:00-05:00,30.25569,-97.732772,0.0
p_012,3,2026-09-17T00:50:00-05:00,30.255749,-97.732753,0.0
p_012,3,2026-09-17T01:00:00-05:00,30.255724,-97.732831,0.0
p_012,3,2026-09-17T01:10:00-05:00,30.255738,-97.732759,0.0
p_012,3,2026-09-17T01:20:00-05:00,30.25566,-97.732798,0.0
p_012,3,2026-09-17T01:30:00-05:00,30.255679,-97.73281,0.0
p_012,3,2026-09-17T01:40:00-05:00,30.255667,-97.732791,0.0
p_012,3,2026-09-17T01:50:00-05:00,30.255683,-97.732723,0.0
p_012,3,2026-09-17T02:00:00-05:00,30.255672,-97.732731,0.0
p_012,3,2026-09-17T02:10:00-05:00,30.255674,-97.732759,0.0
p_012,3,2026-09-17T02:20:00-05:00,30.255652,-97.732825,0.0
p_012,3,2026-09-17T02:30:00-05:00,30.255671,-97.732725,0.0
p_012,3,2026-09-17T02:40:00-05:00,30.25575,-97.732842,0.0
p_012,3,2026-09-17T02:50:00-05:00,30.25567,-97.732775,0.0
p_012,3,2026-09-17T03:00:00-05:00,30.255675,-97.732794,0.0
p_012,3,2026-09-17T03:10:00-05:00,30.255689,-97.732764,0.0
p_012,3,2026-09-17T03:20:00-05:00,30.255633,-97.732759,0.0
p_012,3,2026-09-17T03:30:00-05:00,30.255765,-97.732804,0.0
p_012,3,2026-09-17T03:40:00-05:00,30.255687,-97.732848,0.0
p_012,3,2026-09-17T03:50:00-05:00,30.255691,-97.73286,0.0
p_012,3,2026-09-17T04:00:00-05:00,30.255685,-97.732763,0.0
p_012,3,2026-09-17T04:10:00-05:00,30.255745,-97.732723,0.0
p_012,3,2026-09-17T04:20:00-05:00,30.255723,-97.732775,0.0
p_012,3,2026-09-17T04:30:00-05:00,30.255688,-97.732805,0.0
p_012,3,2026-09-17T04:40:00-05:00,30.255703,-97.732734,0.0
p_012,3,2026-09-17T04:50:00-05:00,30.25567,-97.732765,0.0
p_012,3,2026-09-17T05:00:00-05:00,30.255721,-97.732766,0.0
p_012,3,2026-09-17T05:10:00-05:00,30.255677,-97.732749,0.0
p_012,3,2026-09-17T05:20:00-05:00,30.255739,-97.732848,0.0
p_012,3,2026-09-17T05:30:00-05:00,30.255716,-97.73283,0.0
p_012,3,2026-09-17T05:40:00-05:00,30.255718,-97.732792,0.0
p_012,3,2026-09-17T05:50:00-05:00,30.255697,-97.732743,0.0
p_012,3,2026-09-17T06:00:00-05:00,30.255729,-97.73272,0.0
p_012,3,2026-09-17T06:10:00-05:00,30.255651,-97.732793,0.0
p_012,3,2026-09-17T06:20:00-05:00,30.255654,-97.732781,0.0
p_012,3,2026-09-17T06:30:00-05:00,30.255698,-97.732731,0.0
p_012,3,2026-09-17T06:40:00-05:00,30.255693,-97.732686,0.0
p_012,3,2026-09-17T06:50:00-05:00,30.255706,-97.732797,0.0
p_012,3,2026-09-17T07:00:00-05:00,30.255702,-97.732747,0.0
p_012,3,2026-09-17T07:10:00-05:00,30.255747,-97.732816,0.0
p_012,3,2026-09-17T07:20:00-05:00,30.255773,-97.732824,0.0
p_012,3,2026-09-17T07:30:00-05:00,30.255726,-97.732731,0.0
p_012,3,2026-09-17T07:40:00-05:00,30.255704,-97.7328,0.0
p_012,3,2026-09-17T07:50:00-05:00,30.255665,-97.732756,0.0
p_012,3,2026-09-17T08:00:00-05:00,30.255699,-97.732767,0.0
p_012,3,2026-09-17T08:10:00-05:00,30.255613,-97.732727,0.0
p_012,3,2026-09-17T08:20:00-05:00,30.25562,-97.732754,0.0
p_012,3,2026-09-17T08:30:00-05:00,30.255723,-97.732801,0.0
p_012,3,2026-09-17T08:40:00-05:00,30.265623,-97.73542,0.0
p_012,3,2026-09-17T08:50:00-05:00,30.265672,-97.735324,0.0
p_012,3,2026-09-17T09:00:00-05:00,30.265723,-97.735343,0.0
p_012,3,2026-09-17T09:10:00-05:00,30.265553,-97.735427,0.0
p_012,3,2026-09-17T09:20:00-05:00,30.265711,-97.735399,0.0
p_012,3,2026-09-17T09:30:00-05:00,30.265629,-97.735238,0.0
p_012,3,2026-09-17T09:40:00-05:00,30.26565,-97.735311,0.0
p_012,3,2026-09-17T09:50:00-05:00,30.26565,-97.735303,0.0
p_012,3,2026-09-17T10:00:00-05:00,30.265639,-97.735331,0.0
p_012,3,2026-09-17T10:10:00-05:00,30.265666,-97.735303,0.0
p_012,3,2026-09-17T10:20:00-05:00,30.265662,-97.735342,0.0
p_012,3,2026-09-17T10:30:00-05:00,30.265634,-97.735265,0.0
p_012,3,2026-09-17T10:40:00-05:00,30.265655,-97.735426,0.0
p_012,3,2026-09-17T10:50:00-05:00,30.265717,-97.735381,0.0
p_012,3,2026-09-17T11:00:00-05:00,30.265674,-97.735409,0.0
p_012,3,2026-09-17T11:10:00-05:00,30.265615,-97.735427,0.0
p_012,3,2026-09-17T11:20:00-05:00,30.26565,-97.73546,0.0
p_012,3,2026-09-17T11:30:00-05:00,30.265719,-97.73536,0.0
p_012,3,2026-09-17T11:40:00-05:00,30.265689,-97.735338,0.0
p_012,3,2026-09-17T11:50:00-05:00,30.265593,-97.73543,0.0
p_012,3,2026-09-17T12:00:00-05:00,30.2657,-97.735342,0.0
p_012,3,2026-09-17T12:10:00-05:00,30.265652,-97.735377,0.0
p_012,3,2026-09-17T12:20:00-05:00,30.266035,-97.72857,0.0
p_012,3,2026-09-17T12:30:00-05:00,30.266098,-97.728588,0.0
p_012,3,2026-09-17T12:40:00-05:00,30.266121,-97.728644,0.0
p_012,3,2026-09-17T12:50:00-05:00,30.266139,-97.728624,0.0
p_012,3,2026-09-17T13:00:00-05:00,30.266116,-97.72856,0.0
p_012,3,2026-09-17T13:10:00-05:00,30.266065,-97.728598,0.0
p_012,3,2026-09-17T13:20:00-05:00,30.266093,-97.72863,0.0
p_012,3,2026-09-17T13:30:00-05:00,30.265497,-97.728683,1.2
p_012,3,2026-09-17T13:40:00-05:00,30.261603,-97.730381,0.0
p_012,3,2026-09-17T13:50:00-05:00,30.2616,-97.730393,0.0
p_012,3,2026-09-17T14:00:00-05:00,30.261599,-97.73042,0.0
p_012,3,2026-09-17T14:10:00-05:00,30.261577,-97.73045,0.0
p_012,3,2026-09-17T14:20:00-05:00,30.261555,-97.730438,0.0
p_012,3,2026-09-17T14:30:00-05:00,30.261538,-97.730379,0.0
p_012,3,2026-09-17T14:40:00-05:00,30.261645,-97.730426,0.0
p_012,3,2026-09-17T14:50:00-05:00,30.261542,-97.730299,0.0
p_012,3,2026-09-17T15:00:00-05:00,30.261638,-97.730274,0.0
p_012,3,2026-09-17T15:10:00-05:00,30.261544,-97.730455,0.0
p_012,3,2026-09-17T15:20:00-05:00,30.261608,-97.730388,0.0
p_012,3,2026-09-17T15:30:00-05:00,30.26161,-97.730491,0.0
p_012,3,2026-09-17T15:40:00-05:00,30.261624,-97.730386,0.0
p_012,3,2026-09-17T15:50:00-05:00,30.261518,-97.730314,0.0
p_012,3,2026-09-17T16:00:00-05:00,30.261677,-97.730459,0.0
p_012,3,2026-09-17T16:10:00-05:00,30.261613,-97.730397,0.0
p_012,3,2026-09-17T16:20:00-05:00,30.261643,-97.730362,0.0
p_012,3,2026-09-17T16:30:00-05:00,30.261594,-97.730413,0.0
p_012,3,2026-09-17T16:40:00-05:00,30.261601,-97.730414,0.0
p_012,3,2026-09-17T16:50:00-05:00,30.261623,-97.730417,0.0
p_012,3,2026-09-17T17:00:00-05:00,30.261532,-97.73033,0.0
p_012,3,2026-09-17T17:10:00-05:00,30.261604,-97.730438,0.0
p_012,3,2026-09-17T17:20:00-05:00,30.261593,-97.730381,0.0
p_012,3,2026-09-17T17:30:00-05:00,30.261581,-97.730371,0.0
p_012,3,2026-09-17T17:40:00-05:00,30.261565,-97.730387,0.0
p_012,3,2026-09-17T17:50:00-05:00,30.261661,-97.730466,0.0
p_012,3,2026-09-17T18:00:00-05:00,30.261531,-97.730393,0.0
p_012,3,2026-09-17T18:10:00-05:00,30.261585,-97.730416,0.0
p_012,3,2026-09-17T18:20:00-05:00,30.261592,-97.730291,0.0
p_012,3,2026-09-17T18:30:00-05:00,30.261619,-97.730426,0.0
p_012,3,2026-09-17T18:40:00-05:00,30.261571,-97.730386,0.0
p_012,3,2026-09-17T18:50:00-05:00,30.261547,-97.730327,0.0
p_012,3,2026-09-17T19:00:00-05:00,30.258205,-97.73199,1.31
p_012,3,2026-09-17T19:10:00-05:00,30.255671,-97.732839,0.0
p_012,3,2026-09-17T19:20:00-05:00,30.255685,-97.732805,0.0
p_012,3,2026-09-17T19:30:00-05:00,30.255672,-97.732785,0.0
p_012,3,2026-09-17T19:40:00-05:00,30.25572,-97.732851,0.0
p_012,3,2026-09-17T19:50:00-05:00,30.255805,-97.732802,0.0
p_012,3,2026-09-17T20:00:00-05:00,30.255741,-97.732743,0.0
p_012,3,2026-09-17T20:10:00-05:00,30.255692,-97.732848,0.0
p_012,3,2026-09-17T20:20:00-05:00,30.255646,-97.732776,0.0
p_012,3,2026-09-17T20:30:00-05:00,30.255776,-97.732759,0.0
p_012,3,2026-09-17T20:40:00-05:00,30.255705,-97.732758,0.0
p_012,3,2026-09-17T20:50:00-05:00,30.255714,-97.732809,0.0
p_012,3,2026-09-17T21:00:00-05:00,30.255649,-97.732752,0.0
p_012,3,2026-09-17T21:10:00-05:00,30.25568,-97.732724,0.0
p_012,3,2026-09-17T21:20:00-05:00,30.255742,-97.732851,0.0
p_012,3,2026-09-17T21:30:00-05:00,30.255655,-97.732799,0.0
p_012,3,2026-09-17T21:40:00-05:00,30.255721,-97.732737,0.0
p_012,3,2026-09-17T21:50:00-05:00,30.25577,-97.7328,0.0
p_012,3,2026-09-17T22:00:00-05:00,30.255696,-97.732802,0.0
p_012,3,2026-09-17T22:10:00-05:00,30.255659,-97.732737,0.0
p_012,3,2026-09-17T22:20:00-05:00,30.255612,-97.732775,0.0
p_012,3,2026-09-17T22:30:00-05:00,30.255628,-97.7328,0.0
p_012,3,2026-09-17T22:40:00-05:00,30.2557,-97.732755,0.0
p_012,3,2026-09-17T22:50:00-05:00,30.255692,-97.732809,0.0
p_012,3,2026-09-17T23:00:00-05:00,30.255708,-97.732763,0.0
p_012,3,2026-09-17T23:10:00-05:00,30.255605,-97.732796,0.0
p_012,3,2026-09-17T23:20:00-05:00,30.255727,-97.732738,0.0
p_012,3,2026-09-17T23:30:00-05:00,30.255669,-97.732765,0.0
p_012,3,2026-09-17T23:40:00-05:00,30.255657,-97.73288,0.0
p_012,3,2026-09-17T23:50:00-05:00,30.255687,-97.7328,0.0
p_012,3,2026-09-18T00:00:00-05:00,30.255736,-97.732804,0.0
p_012,3,2026-09-18T00:10:00-05:00,30.255782,-97.732899,0.0
p_012,3,2026-09-18T00:20:00-05:00,30.255678,-97.732694,0.0
p_012,3,2026-09-18T00:30:00-05:00,30.255684,-97.732783,0.0
p_012,3,2026-09-18T00:40:00-05:00,30.255705,-97.732806,0.0
p_012,3,2026-09-18T00:50:00-05:00,30.255686,-97.732804,0.0
p_012,3,2026-09-18T01:00:00-05:00,30.255662,-97.732773,0.0
p_012,3,2026-09-18T01:10:00-05:00,30.255774,-97.732821,0.0
p_012,3,2026-09-18T01:20:00-05:00,30.255744,-97.732756,0.0
p_012,3,2026-09-18T01:30:00-05:00,30.255619,-97.732818,0.0
p_012,3,2026-09-18T01:40:00-05:00,30.255702,-97.732825,0.0
p_012,3,2026-09-18T01:50:00-05:00,30.255684,-97.732749,0.0
p_012,3,2026-09-18T02:00:00-05:00,30.25582,-97.73285,0.0
p_012,3,2026-09-18T02:10:00-05:00,30.255659,-97.732822,0.0
p_012,3,2026-09-18T02:20:00-05:00,30.255718,-97.732695,0.0
p_012,3,2026-09-18T02:30:00-05:00,30.255656,-97.732849,0.0
p_012,3,2026-09-18T02:40:00-05:00,30.255699,-97.732784,0.0
p_012,3,2026-09-18T02:50:00-05:00,30.255694,-97.732819,0.0
p_012,4,2026-09-18T00:00:00-05:00,30.255731,-97.732781,0.0
p_012,4,2026-09-18T00:10:00-05:00,30.255715,-97.732726,0.0
p_012,4,2026-09-18T00:20:00-05:00,30.255758,-97.732735,0.0
p_012,4,2026-09-18T00:30:00-05:00,30.255684,-97.732804,0.0
p_012,4,2026-09-18T00:40:00-05:00,30.255645,-97.732804,0.0
p_012,4,2026-09-18T00:50:00-05:00,30.25566,-97.732812,0.0
p_012,4,2026-09-18T01:00:00-05:00,30.255724,-97.732844,0.0
p_012,4,2026-09-18T01:10:00-05:00,30.25566,-97.732804,0.0
p_012,4,2026-09-18T01:20:00-05:00,30.255742,-97.732722,0.0
p_012,4,2026-09-18T01:30:00-05:00,30.255697,-97.732811,0.0
p_012,4,2026-09-18T01:40:00-05:00,30.255714,-97.7328,0.0
p_012,4,2026-09-18T01:50:00-05:00,30.255675,-97.732777,0.0
p_012,4,2026-09-18T02:00:00-05:00,30.255717,-97.732837,0.0
p_012,4,2026-09-18T02:10:00-05:00,30.255696,-97.732765,0.0
p_012,4,2026-09-18T02:20:00-05:00,30.255675,-97.732817,0.0
p_012,4,2026-09-18T02:30:00-05:00,30.255646,-97.732869,0.0
p_012,4,2026-09-18T02:40:00-05:00,30.25576,-97.732739,0.0
p_012,4,2026-09-18T02:50:00-05:00,30.25572,-97.732829,0.0
p_012,4,2026-09-18T03:00:00-05:00,30.25575,-97.732765,0.0
p_012,4,2026-09-18T03:10:00-05:00,30.255639,-97.732816,0.0
p_012,4,2026-09-18T03:20:00-05:00,30.255667,-97.732788,0.0
p_012,4,2026-09-18T03:30:00-05:00,30.255704,-97.732812,0.0
p_012,4,2026-09-18T03:40:00-05:00,30.255749,-97.73276,0.0
p_012,4,2026-09-18T03:50:00-05:00,30.255676,-97.73275,0.0
p_012,4,2026-09-18T04:00:00-05:00,30.255668,-97.732869,0.0
p_012,4,2026-09-18T04:10:00-05:00,30.255671,-97.732829,0.0
p_012,4,2026-09-18T04:20:00-05:00,30.255685,-97.732788,0.0
p_012,4,2026-09-18T04:30:00-05:00,30.255711,-97.732876,0.0
p_012,4,2026-09-18T04:40:00-05:00,30.25571,-97.732814,0.0
p_012,4,2026-09-18T04:50:00-05:00,30.255672,-97.732807,0.0
p_012,4,2026-09-18T05:00:00-05:00,30.255726,-97.732749,0.0
p_012,4,2026-09-18T05:10:00-05:00,30.255649,-97.732856,0.0
p_012,4,2026-09-18T05:20:00-05:00,30.255679,-97.732759,0.0
p_012,4,2026-09-18T05:30:00-05:00,30.255724,-97.732799,0.0
p_012,4,2026-09-18T05:40:00-05:00,30.2557,-97.732758,0.0
p_012,4,2026-09-18T05:50:00-05:00,30.255712,-97.732779,0.0
p_012,4,2026-09-18T06:00:00-05:00,30.255661,-97.732772,0.0
p_012,4,2026-09-18T06:10:00-05:00,30.25565,-97.732743,0.0
p_012,4,2026-09-18T06:20:00-05:00,30.255691,-97.732836,0.0
p_012,4,2026-09-18T06:30:00-05:00,30.255719,-97.732743,0.0
p_012,4,2026-09-18T06:40:00-05:00,30.255648,-97.732798,0.0
p_012,4,2026-09-18T06:50:00-05:00,30.255639,-97.732805,0.0
p_012,4,2026-09-18T07:00:00-05:00,30.255682,-97.732811,0.0
p_012,4,2026-09-18T07:10:00-05:00,30.255669,-97.732755,0.0
p_012,4,2026-09-18T07:20:00-05:00,30.255646,-97.732823,0.0
p_012,4,2026-09-18T07:30:00-05:00,30.255618,-97.732813,0.0
p_012,4,2026-09-18T07:40:00-05:00,30.255742,-97.732697,0.0
p_012,4,2026-09-18T07:50:00-05:00,30.25568,-97.732776,0.0
p_012,4,2026-09-18T08:00:00-05:00,30.256442,-97.725593,0.0
p_012,4,2026-09-18T08:10:00-05:00,30.256495,-97.725575,0.0
p_012,4,2026-09-18T08:20:00-05:00,30.260599,-97.729886,5.94
p_012,4,2026-09-18T08:30:00-05:00,30.26561,-97.735408,0.0
p_012,4,2026-09-18T08:40:00-05:00,30.265614,-97.735353,0.0
p_012,4,2026-09-18T08:50:00-05:00,30.265668,-97.735378,0.0
p_012,4,2026-09-18T09:00:00-05:00,30.265695,-97.735367,0.0
p_012,4,2026-09-18T09:10:00-05:00,30.265693,-97.735308,0.0
p_012,4,2026-09-18T09:20:00-05:00,30.265709,-97.735493,0.0
p_012,4,2026-09-18T09:30:00-05:00,30.26569,-97.735394,0.0
p_012,4,2026-09-18T09:40:00-05:00,30.265596,-97.735305,0.0
p_012,4,2026-09-18T09:50:00-05:00,30.265696,-97.735353,0.0
p_012,4,2026-09-18T10:00:00-05:00,30.265716,-97.735397,0.0
p_012,4,2026-09-18T10:10:00-05:00,30.265665,-97.735478,0.0
p_012,4,2026-09-18T10:20:00-05:00,30.265622,-97.735359,0.0
p_012,4,2026-09-18T10:30:00-05:00,30.265725,-97.73537,0.0
p_012,4,2026-09-18T10:40:00-05:00,30.265657,-97.735356,0.0
p_012,4,2026-09-18T10:50:00-05:00,30.265698,-97.73528,0.0
p_012,4,2026-09-18T11:00:00-05:00,30.265708,-97.735358,0.0
p_012,4,2026-09-18T11:10:00-05:00,30.265633,-97.735297,0.0
p_012,4,2026-09-18T11:20:00-05:00,30.265713,-97.73539,0.0
p_012,4,2026-09-18T11:30:00-05:00,30.265689,-97.735405,0.0
p_012,4,2026-09-18T11:40:00-05:00,30.265633,-97.73546,0.0
p_012,4,2026-09-18T11:50:00-05:00,30.265695,-97.735325,0.0
p_012,4,2026-09-18T12:00:00-05:00,30.265671,-97.735313,0.0
p_012,4,2026-09-18T12:10:00-05:00,30.265764,-97.73542,0.0
p_012,4,2026-09-18T12:20:00-05:00,30.265657,-97.735394,0.0
p_012,4,2026-09-18T12:30:00-05:00,30.265669,-97.735366,0.0
p_012,4,2026-09-18T12:40:00-05:00,30.265735,-97.735385,0.0
p_012,4,2026-09-18T12:50:00-05:00,30.265672,-97.735363,0.0
p_012,4,2026-09-18T13:00:00-05:00,30.265676,-97.735427,0.0
p_012,4,2026-09-18T13:10:00-05:00,30.263607,-97.732658,1.28
p_012,4,2026-09-18T13:20:00-05:00,30.261676,-97.73037,0.0
p_012,4,2026-09-18T13:30:00-05:00,30.261618,-97.730421,0.0
p_012,4,2026-09-18T13:40:00-05:00,30.261594,-97.730337,0.0
p_012,4,2026-09-18T13:50:00-05:00,30.261555,-97.730415,0.0
p_012,4,2026-09-18T14:00:00-05:00,30.261579,-97.730396,0.0
p_012,4,2026-09-18T14:10:00-05:00,30.26166,-97.730452,0.0
p_012,4,2026-09-18T14:20:00-05:00,30.261492,-97.730388,0.0
p_012,4,2026-09-18T14:30:00-05:00,30.261627,-97.730444,0.0
p_012,4,2026-09-18T14:40:00-05:00,30.261549,-97.730429,0.0
p_012,4,2026-09-18T14:50:00-05:00,30.261585,-97.730361,0.0
p_012,4,2026-09-18T15:00:00-05:00,30.261679,-97.730365,0.0
p_012,4,2026-09-18T15:10:00-05:00,30.26169,-97.730365,0.0
p_012,4,2026-09-18T15:20:00-05:00,30.261656,-97.730298,0.0
p_012,4,2026-09-18T15:30:00-05:00,30.261541,-97.730391,0.0
p_012,4,2026-09-18T15:40:00-05:00,30.261566,-97.730418,0.0
p_012,4,2026-09-18T15:50:00-05:00,30.261635,-97.730392,0.0
p_012,4,2026-09-18T16:00:00-05:00,30.261686,-97.730415,0.0
p_012,4,2026-09-18T16:10:00-05:00,30.261582,-97.730427,0.0
p_012,4,2026-09-18T16:20:00-05:00,30.261581,-97.73031,0.0
p_012,4,2026-09-18T16:30:00-05:00,30.261645,-97.730441,0.0
p_012,4,2026-09-18T16:40:00-05:00,30.261603,-97.730337,0.0
p_012,4,2026-09-18T16:50:00-05:00,30.261447,-97.730449,0.0
p_012,4,2026-09-18T17:00:00-05:00,30.261599,-97.730299,0.0
p_012,4,2026-09-18T17:10:00-05:00,30.261559,-97.730369,0.0
p_012,4,2026-09-18T17:20:00-05:00,30.261548,-97.730356,0.0
p_012,4,2026-09-18T17:30:00-05:00,30.261566,-97.730378,0.0
p_012,4,2026-09-18T17:40:00-05:00,30.26162,-97.730384,0.0
p_012,4,2026-09-18T17:50:00-05:00,30.261618,-97.730356,0.0
p_012,4,2026-09-18T18:00:00-05:00,30.266079,-97.732488,1.15
p_012,4,2026-09-18T18:10:00-05:00,30.266844,-97.733069,0.0
p_012,4,2026-09-18T18:20:00-05:00,30.266906,-97.7331,0.0
p_012,4,2026-09-18T18:30:00-05:00,30.26696,-97.733127,0.0
p_012,4,2026-09-18T18:40:00-05:00,30.266953,-97.733257,0.0
p_012,4,2026-09-18T18:50:00-05:00,30.266866,-97.733193,0.0
p_012,4,2026-09-18T19:00:00-05:00,30.266948,-97.733124,0.0
p_012,4,2026-09-18T19:10:00-05:00,30.266829,-97.733093,0.0
p_012,4,2026-09-18T19:20:00-05:00,30.266998,-97.733139,0.0
p_012,4,2026-09-18T19:30:00-05:00,30.266944,-97.733134,0.0
p_012,4,2026-09-18T19:40:00-05:00,30.266814,-97.733066,0.0
p_012,4,2026-09-18T19:50:00-05:00,30.266879,-97.733096,0.0
p_012,4,2026-09-18T20:00:00-05:00,30.266908,-97.733124,0.0
p_012,4,2026-09-18T20:10:00-05:00,30.255738,-97.732758,0.0
p_012,4,2026-09-18T20:20:00-05:00,30.255703,-97.732679,0.0
p_012,4,2026-09-18T20:30:00-05:00,30.255655,-97.732802,0.0
p_012,4,2026-09-18T20:40:00-05:00,30.255634,-97.732881,0.0
p_012,4,2026-09-18T20:50:00-05:00,30.2557,-97.732746,0.0
p_012,4,2026-09-18T21:00:00-05:00,30.255669,-97.732746,0.0
p_012,4,2026-09-18T21:10:00-05:00,30.255726,-97.732791,0.0
p_012,4,2026-09-18T21:20:00-05:00,30.255643,-97.732718,0.0
p_012,4,2026-09-18T21:30:00-05:00,30.255732,-97.732819,0.0
p_012,4,2026-09-18T21:40:00-05:00,30.255697,-97.732899,0.0
p_012,4,2026-09-18T21:50:00-05:00,30.255712,-97.73277,0.0
p_012,4,2026-09-18T22:00:00-05:00,30.255767,-97.732841,0.0
p_012,4,2026-09-18T22:10:00-05:00,30.255605,-97.732687,0.0
p_012,4,2026-09-18T22:20:00-05:00,30.255693,-97.732766,0.0
p_012,4,2026-09-18T22:30:00-05:00,30.255721,-97.732829,0.0
p_012,4,2026-09-18T22:40:00-05:00,30.255691,-97.732725,0.0
p_012,4,2026-09-18T22:50:00-05:00,30.255666,-97.7328,0.0
p_012,4,2026-09-18T23:00:00-05:00,30.255723,-97.73286,0.0
p_012,4,2026-09-18T23:10:00-05:00,30.255628,-97.732732,0.0
p_012,4,2026-09-18T23:20:00-05:00,30.255633,-97.732721,0.0
p_012,4,2026-09-18T23:30:00-05:00,30.2557,-97.732748,0.0
p_012,4,2026-09-18T23:40:00-05:00,30.255787,-97.732739,0.0
p_012,4,2026-09-18T23:50:00-05:00,30.255693,-97.73282,0.0
p_012,4,2026-09-19T00:00:00-05:00,30.255609,-97.732826,0.0
p_012,4,2026-09-19T00:10:00-05:00,30.255683,-97.732803,0.0
p_012,4,2026-09-19T00:20:00-05:00,30.255694,-97.73275,0.0
p_012,4,2026-09-19T00:30:00-05:00,30.255768,-97.732774,0.0
p_012,4,2026-09-19T00:40:00-05:00,30.255624,-97.732772,0.0
p_012,4,2026-09-19T00:50:00-05:00,30.255712,-97.732816,0.0
p_012,4,2026-09-19T01:00:00-05:00,30.255714,-97.732761,0.0
p_012,4,2026-09-19T01:10:00-05:00,30.255672,-97.732825,0.0
p_012,4,2026-09-19T01:20:00-05:00,30.255685,-97.732733,0.0
p_012,4,2026-09-19T01:30:00-05:00,30.255651,-97.732735,0.0
p_012,4,2026-09-19T01:40:00-05:00,30.255773,-97.732769,0.0
p_012,4,2026-09-19T01:50:00-05:00,30.255647,-97.732691,0.0
p_012,4,2026-09-19T02:00:00-05:00,30.25568,-97.732801,0.0
p_012,4,2026-09-19T02:10:00-05:00,30.255755,-97.73279,0.0
p_012,4,2026-09-19T02:20:00-05:00,30.255678,-97.732816,0.0
p_012,4,2026-09-19T02:30:00-05:00,30.255666,-97.732764,0.0
p_012,4,2026-09-19T02:40:00-05:00,30.25576,-97.732837,0.0
p_012,4,2026-09-19T02:50:00-05:00,30.255698,-97.732719,0.0
