ping_id,participant_id,session_id,ts,lat,lon,accuracy_m,battery_pct,connection
1,p_001,s_00001,2026-09-14T11:44:12.381915-05:00,30.269002,-97.753216,20.6,72,cellular
2,p_001,s_00001,2026-09-14T11:44:27.861185-05:00,30.269101,-97.753274,16.0,72,cellular
3,p_001,s_00001,2026-09-14T11:44:43.340455-05:00,30.269001,-97.753327,14.1,72,cellular
4,p_001,s_00001,2026-09-14T11:44:58.819725-05:00,30.268979,-97.753272,22.0,72,cellular
5,p_001,s_00001,2026-09-14T11:45:14.298995-05:00,30.26907,-97.753279,12.8,71,cellular
6,p_001,s_00001,2026-09-14T11:45:29.778265-05:00,30.26906,-97.753236,24.2,71,wifi
7,p_001,s_00001,2026-09-14T11:45:45.257535-05:00,30.269037,-97.753387,12.0,71,cellular
8,p_001,s_00001,2026-09-14T11:46:00.736805-05:00,30.268995,-97.753341,9.8,71,cellular
9,p_001,s_00001,2026-09-14T11:46:16.216075-05:00,30.268998,-97.753287,19.3,71,cellular
10,p_001,s_00001,2026-09-14T11:46:31.695345-05:00,30.26903,-97.753329,15.5,71,cellular
11,p_001,s_00001,2026-09-14T11:46:47.174615-05:00,30.269089,-97.753319,6.6,71,wifi
12,p_001,s_00002,2026-09-14T18:33:33.626671-05:00,30.258054,-97.729453,27.8,47,cellular
13,p_001,s_00002,2026-09-14T18:33:51.083520-05:00,30.25821,-97.729322,35.7,47,cellular
14,p_001,s_00002,2026-09-14T18:34:08.540369-05:00,30.258061,-97.729331,23.2,47,cellular
15,p_001,s_00002,2026-09-14T18:34:25.997218-05:00,30.258284,-97.729572,37.3,47,cellular
16,p_001,s_00002,2026-09-14T18:34:43.454067-05:00,30.258226,-97.729596,44.0,47,cellular
17,p_001,s_00002,2026-09-14T18:35:00.910916-05:00,30.258139,-97.729353,25.4,47,cellular
18,p_001,s_00002,2026-09-14T18:35:18.367765-05:00,30.258311,-97.729586,28.0,47,cellular
19,p_001,s_00002,2026-09-14T18:35:35.824614-05:00,30.258268,-97.729389,39.7,47,cellular
20,p_001,s_00002,2026-09-14T18:35:53.281463-05:00,30.258199,-97.729449,29.2,47,cellular
21,p_001,s_00002,2026-09-14T18:36:10.738312-05:00,30.258074,-97.729445,24.1,47,cellular
22,p_001,s_00002,2026-09-14T18:36:28.195161-05:00,30.258061,-97.729612,29.0,47,cellular
23,p_001,s_00002,2026-09-14T18:36:45.652010-05:00,30.258155,-97.729194,29.7,47,cellular
24,p_001,s_00002,2026-09-14T18:37:03.108859-05:00,30.257998,-97.729283,27.7,47,cellular
25,p_001,s_00002,2026-09-14T18:37:20.565708-05:00,30.257986,-97.729538,32.5,47,cellular
26,p_001,s_00002,2026-09-14T18:37:38.022557-05:00,30.258175,-97.729389,21.4,47,cellular
27,p_001,s_00002,2026-09-14T18:37:55.479406-05:00,30.258045,-97.729607,23.4,47,cellular
28,p_001,s_00002,2026-09-14T18:38:12.936255-05:00,30.25818,-97.729298,21.3,47,cellular
29,p_001,s_00002,2026-09-14T18:38:30.393104-05:00,30.258113,-97.729552,40.7,47,cellular
30,p_001,s_00002,2026-09-14T18:38:47.849953-05:00,30.25798,-97.729447,23.8,47,cellular
31,p_001,s_00002,2026-09-14T18:39:05.306802-05:00,30.258308,-97.729287,25.9,47,cellular
32,p_001,s_00002,2026-09-14T18:39:22.763651-05:00,30.258094,-97.728952,27.3,47,cellular
33,p_001,s_00002,2026-09-14T18:39:40.220500-05:00,30.258103,-97.729489,37.8,47,cellular
34,p_001,s_00003,2026-09-14T20:33:58.625444-05:00,30.258172,-97.729334,40.0,40,cellular
35,p_001,s_00003,2026-09-14T20:34:18.292812-05:00,30.257954,-97.729504,24.4,40,cellular
36,p_001,s_00003,2026-09-14T20:34:37.960180-05:00,30.258224,-97.729452,22.6,40,cellular
37,p_001,s_00003,2026-09-14T20:34:57.627548-05:00,30.258047,-97.729498,22.9,40,cellular
38,p_001,s_00003,2026-09-14T20:35:17.294916-05:00,30.258163,-97.729566,23.0,40,cellular
39,p_001,s_00003,2026-09-14T20:35:36.962284-05:00,30.258103,-97.729154,18.2,40,cellular
40,p_001,s_00003,2026-09-14T20:35:56.629652-05:00,30.25809,-97.729422,36.3,40,cellular
41,p_001,s_00003,2026-09-14T20:36:16.297020-05:00,30.258209,-97.729291,24.1,40,cellular
42,p_001,s_00003,2026-09-14T20:36:35.964388-05:00,30.258023,-97.729277,28.9,40,cellular
43,p_001,s_00004,2026-09-15T12:54:52.924235-05:00,30.265968,-97.737032,15.1,67,cellular
44,p_001,s_00004,2026-09-15T12:55:16.912012-05:00,30.265979,-97.737116,12.6,67,wifi
45,p_001,s_00004,2026-09-15T12:55:40.899789-05:00,30.265871,-97.73712,8.7,67,cellular
46,p_001,s_00004,2026-09-15T12:56:04.887566-05:00,30.265976,-97.737073,14.9,67,wifi
47,p_001,s_00004,2026-09-15T12:56:28.875343-05:00,30.265941,-97.737089,15.0,67,cellular
48,p_001,s_00004,2026-09-15T12:56:52.863120-05:00,30.265899,-97.737145,19.8,67,cellular
49,p_001,s_00004,2026-09-15T12:57:16.850897-05:00,30.265975,-97.737062,9.2,67,cellular
50,p_001,s_00004,2026-09-15T12:57:40.838674-05:00,30.265909,-97.73712,15.5,67,cellular
51,p_001,s_00004,2026-09-15T12:58:04.826451-05:00,30.26598,-97.737078,7.0,67,wifi
52,p_001,s_00004,2026-09-15T12:58:28.814228-05:00,30.265907,-97.737136,15.5,67,cellular
53,p_001,s_00004,2026-09-15T12:58:52.802005-05:00,30.265899,-97.737148,23.4,67,wifi
54,p_001,s_00004,2026-09-15T12:59:16.789782-05:00,30.265893,-97.737218,22.4,67,cellular
55,p_001,s_00004,2026-09-15T12:59:40.777559-05:00,30.265875,-97.737215,11.9,67,wifi
56,p_001,s_00004,2026-09-15T13:00:04.765336-05:00,30.265885,-97.737124,12.6,67,wifi
57,p_001,s_00005,2026-09-15T20:23:08.568295-05:00,30.255215,-97.754409,17.0,40,cellular
58,p_001,s_00005,2026-09-15T20:23:27.224388-05:00,30.255333,-97.75442,10.4,40,cellular
59,p_001,s_00005,2026-09-15T20:23:45.880481-05:00,30.255231,-97.75446,23.8,40,wifi
60,p_001,s_00005,2026-09-15T20:24:04.536574-05:00,30.255191,-97.75439,8.6,40,cellular
61,p_001,s_00005,2026-09-15T20:24:23.192667-05:00,30.255215,-97.754364,9.9,40,wifi
62,p_001,s_00005,2026-09-15T20:24:41.848760-05:00,30.255282,-97.754472,8.9,40,cellular
63,p_001,s_00005,2026-09-15T20:25:00.504853-05:00,30.255375,-97.754549,12.3,40,cellular
64,p_001,s_00005,2026-09-15T20:25:19.160946-05:00,30.255308,-97.754305,25.0,40,wifi
65,p_001,s_00005,2026-09-15T20:25:37.817039-05:00,30.255314,-97.754545,10.2,40,wifi
66,p_001,s_00006,2026-09-15T21:55:00.220132-05:00,30.273427,-97.751058,19.6,35,wifi
67,p_001,s_00006,2026-09-15T21:55:23.959582-05:00,30.273413,-97.75112,4.1,35,wifi
68,p_001,s_00006,2026-09-15T21:55:47.699032-05:00,30.273352,-97.751178,7.2,35,wifi
69,p_001,s_00006,2026-09-15T21:56:11.438482-05:00,30.273488,-97.751179,15.2,35,wifi
70,p_001,s_00006,2026-09-15T21:56:35.177932-05:00,30.273271,-97.75124,20.4,35,wifi
71,p_001,s_00006,2026-09-15T21:56:58.917382-05:00,30.273353,-97.751151,6.8,35,wifi
72,p_001,s_00006,2026-09-15T21:57:22.656832-05:00,30.273534,-97.751063,20.9,35,wifi
73,p_001,s_00006,2026-09-15T21:57:46.396282-05:00,30.273408,-97.751104,17.7,35,wifi
74,p_001,s_00007,2026-09-16T12:17:21.055797-05:00,30.255922,-97.743796,18.1,70,cellular
75,p_001,s_00007,2026-09-16T12:17:38.238429-05:00,30.255595,-97.743861,9.1,70,wifi
76,p_001,s_00007,2026-09-16T12:17:55.421061-05:00,30.255661,-97.743864,4.3,70,wifi
77,p_001,s_00007,2026-09-16T12:18:12.603693-05:00,30.255736,-97.743847,21.4,70,cellular
78,p_001,s_00007,2026-09-16T12:18:29.786325-05:00,30.255791,-97.743902,28.2,69,cellular
79,p_001,s_00007,2026-09-16T12:18:46.968957-05:00,30.255702,-97.743839,14.2,69,wifi
80,p_001,s_00007,2026-09-16T12:19:04.151589-05:00,30.255634,-97.743944,16.2,69,cellular
81,p_001,s_00007,2026-09-16T12:19:21.334221-05:00,30.255697,-97.743936,15.6,69,wifi
82,p_001,s_00007,2026-09-16T12:19:38.516853-05:00,30.255707,-97.743808,21.2,69,cellular
83,p_001,s_00007,2026-09-16T12:19:55.699485-05:00,30.255736,-97.743813,10.5,69,cellular
84,p_001,s_00007,2026-09-16T12:20:12.882117-05:00,30.255906,-97.743938,20.1,69,wifi
85,p_001,s_00007,2026-09-16T12:20:30.064749-05:00,30.255755,-97.74371,23.5,69,cellular
86,p_001,s_00007,2026-09-16T12:20:47.247381-05:00,30.255755,-97.743927,11.6,69,wifi
87,p_001,s_00007,2026-09-16T12:21:04.430013-05:00,30.255652,-97.743993,23.2,69,cellular
88,p_001,s_00008,2026-09-16T20:30:03.177765-05:00,30.267213,-97.732215,8.6,40,cellular
89,p_001,s_00008,2026-09-16T20:30:23.674062-05:00,30.267216,-97.732001,21.6,40,wifi
90,p_001,s_00008,2026-09-16T20:30:44.170359-05:00,30.267213,-97.732151,6.5,40,cellular
91,p_001,s_00008,2026-09-16T20:31:04.666656-05:00,30.26719,-97.732217,23.7,40,wifi
92,p_001,s_00008,2026-09-16T20:31:25.162953-05:00,30.267116,-97.732005,12.1,40,cellular
93,p_001,s_00008,2026-09-16T20:31:45.659250-05:00,30.267106,-97.73213,16.3,40,cellular
94,p_001,s_00008,2026-09-16T20:32:06.155547-05:00,30.267079,-97.732142,16.6,40,cellular
95,p_001,s_00008,2026-09-16T20:32:26.651844-05:00,30.267155,-97.732027,18.2,40,wifi
96,p_001,s_00008,2026-09-16T20:32:47.148141-05:00,30.267308,-97.732069,19.4,40,cellular
97,p_001,s_00008,2026-09-16T20:33:07.644438-05:00,30.267296,-97.732091,23.8,40,cellular
98,p_001,s_00008,2026-09-16T20:33:28.140735-05:00,30.267324,-97.732256,28.6,40,wifi
99,p_001,s_00008,2026-09-16T20:33:48.637032-05:00,30.267143,-97.732135,24.2,40,cellular
100,p_001,s_00008,2026-09-16T20:34:09.133329-05:00,30.267222,-97.732137,5.6,40,cellular
101,p_001,s_00008,2026-09-16T20:34:29.629626-05:00,30.267205,-97.732099,16.7,40,cellular
102,p_001,s_00008,2026-09-16T20:34:50.125923-05:00,30.267156,-97.732176,21.2,40,cellular
103,p_001,s_00008,2026-09-16T20:35:10.622220-05:00,30.267154,-97.732136,12.7,40,cellular
104,p_001,s_00008,2026-09-16T20:35:31.118517-05:00,30.267103,-97.732001,17.5,40,cellular
105,p_001,s_00008,2026-09-16T20:35:51.614814-05:00,30.267169,-97.732129,15.9,40,cellular
106,p_001,s_00008,2026-09-16T20:36:12.111111-05:00,30.267131,-97.732173,11.3,40,wifi
107,p_001,s_00008,2026-09-16T20:36:32.607408-05:00,30.26722,-97.732152,15.4,40,cellular
108,p_001,s_00008,2026-09-16T20:36:53.103705-05:00,30.267139,-97.732138,15.0,40,cellular
109,p_001,s_00009,2026-09-17T09:08:57.173637-05:00,30.269021,-97.753304,17.3,81,wifi
110,p_001,s_00009,2026-09-17T09:09:14.959100-05:00,30.268931,-97.753226,13.2,81,cellular
111,p_001,s_00009,2026-09-17T09:09:32.744563-05:00,30.269081,-97.75325,12.9,81,cellular
112,p_001,s_00009,2026-09-17T09:09:50.530026-05:00,30.269039,-97.753303,8.3,81,cellular
113,p_001,s_00009,2026-09-17T09:10:08.315489-05:00,30.269001,-97.753365,11.8,81,cellular
114,p_001,s_00009,2026-09-17T09:10:26.100952-05:00,30.269011,-97.753352,10.1,81,cellular
115,p_001,s_00009,2026-09-17T09:10:43.886415-05:00,30.269073,-97.753213,18.5,81,cellular
116,p_001,s_00009,2026-09-17T09:11:01.671878-05:00,30.269143,-97.753323,12.7,81,cellular
117,p_001,s_00009,2026-09-17T09:11:19.457341-05:00,30.269092,-97.753327,12.5,81,cellular
118,p_001,s_00009,2026-09-17T09:11:37.242804-05:00,30.268947,-97.753418,16.7,81,cellular
119,p_001,s_00009,2026-09-17T09:11:55.028267-05:00,30.268923,-97.753434,11.4,81,cellular
120,p_001,s_00009,2026-09-17T09:12:12.813730-05:00,30.269037,-97.753344,11.2,81,wifi
121,p_001,s_00009,2026-09-17T09:12:30.599193-05:00,30.268982,-97.753404,20.4,81,cellular
122,p_001,s_00009,2026-09-17T09:12:48.384656-05:00,30.269006,-97.753317,8.3,81,cellular
123,p_001,s_00009,2026-09-17T09:13:06.170119-05:00,30.269028,-97.753344,14.4,81,cellular
124,p_001,s_00009,2026-09-17T09:13:23.955582-05:00,30.269006,-97.753365,17.8,81,cellular
125,p_001,s_00009,2026-09-17T09:13:41.741045-05:00,30.269225,-97.753158,21.7,81,cellular
126,p_001,s_00009,2026-09-17T09:13:59.526508-05:00,30.26911,-97.753294,11.2,81,cellular
127,p_001,s_00010,2026-09-17T13:28:46.552736-05:00,30.26891,-97.753553,35.6,65,cellular
128,p_001,s_00010,2026-09-17T13:29:06.115331-05:00,30.269135,-97.753268,29.9,65,cellular
129,p_001,s_00010,2026-09-17T13:29:25.677926-05:00,30.268884,-97.753054,35.9,65,cellular
130,p_001,s_00010,2026-09-17T13:29:45.240521-05:00,30.269121,-97.753445,20.3,65,cellular
131,p_001,s_00010,2026-09-17T13:30:04.803116-05:00,30.269008,-97.753502,18.1,65,cellular
132,p_001,s_00010,2026-09-17T13:30:24.365711-05:00,30.268842,-97.753582,39.5,65,cellular
133,p_001,s_00010,2026-09-17T13:30:43.928306-05:00,30.268922,-97.753297,29.1,65,cellular
134,p_001,s_00010,2026-09-17T13:31:03.490901-05:00,30.268919,-97.753276,16.6,65,cellular
135,p_001,s_00010,2026-09-17T13:31:23.053496-05:00,30.2691,-97.753054,39.7,65,cellular
136,p_001,s_00010,2026-09-17T13:31:42.616091-05:00,30.269032,-97.753305,28.1,65,cellular
137,p_001,s_00010,2026-09-17T13:32:02.178686-05:00,30.269103,-97.753297,26.3,65,cellular
138,p_001,s_00010,2026-09-17T13:32:21.741281-05:00,30.269013,-97.753417,37.8,65,cellular
139,p_001,s_00010,2026-09-17T13:32:41.303876-05:00,30.269006,-97.753215,23.4,65,cellular
140,p_001,s_00010,2026-09-17T13:33:00.866471-05:00,30.268997,-97.753373,15.3,65,cellular
141,p_001,s_00010,2026-09-17T13:33:20.429066-05:00,30.268995,-97.753281,20.8,65,cellular
142,p_001,s_00011,2026-09-18T08:59:53.119579-05:00,30.261126,-97.741097,9.1,81,cellular
143,p_001,s_00011,2026-09-18T09:00:11.228099-05:00,30.261153,-97.741008,8.3,81,cellular
144,p_001,s_00011,2026-09-18T09:00:29.336619-05:00,30.261138,-97.740939,15.1,81,cellular
145,p_001,s_00011,2026-09-18T09:00:47.445139-05:00,30.261104,-97.741129,14.0,81,cellular
146,p_001,s_00011,2026-09-18T09:01:05.553659-05:00,30.261145,-97.7413,27.2,81,wifi
147,p_001,s_00011,2026-09-18T09:01:23.662179-05:00,30.261168,-97.741329,23.1,81,cellular
148,p_001,s_00011,2026-09-18T09:01:41.770699-05:00,30.261177,-97.741033,16.6,81,cellular
149,p_001,s_00011,2026-09-18T09:01:59.879219-05:00,30.261315,-97.740956,21.2,81,cellular
150,p_001,s_00011,2026-09-18T09:02:17.987739-05:00,30.261095,-97.741083,13.1,81,wifi
151,p_001,s_00011,2026-09-18T09:02:36.096259-05:00,30.261076,-97.741234,17.6,81,cellular
152,p_001,s_00011,2026-09-18T09:02:54.204779-05:00,30.261065,-97.74121,20.4,81,cellular
153,p_001,s_00011,2026-09-18T09:03:12.313299-05:00,30.261116,-97.741267,12.9,81,cellular
154,p_001,s_00012,2026-09-18T15:13:16.389100-05:00,30.26116,-97.741145,9.8,59,cellular
155,p_001,s_00012,2026-09-18T15:13:36.910788-05:00,30.261252,-97.741189,19.9,59,wifi
156,p_001,s_00012,2026-09-18T15:13:57.432476-05:00,30.261175,-97.741066,11.8,59,cellular
157,p_001,s_00012,2026-09-18T15:14:17.954164-05:00,30.26112,-97.741076,13.6,59,wifi
158,p_001,s_00012,2026-09-18T15:14:38.475852-05:00,30.261006,-97.741249,16.2,59,cellular
159,p_001,s_00012,2026-09-18T15:14:58.997540-05:00,30.261128,-97.741219,14.7,59,cellular
160,p_001,s_00013,2026-09-18T18:37:31.022172-05:00,30.261127,-97.741255,24.0,47,cellular
161,p_001,s_00013,2026-09-18T18:37:50.002815-05:00,30.261124,-97.741287,25.4,47,cellular
162,p_001,s_00013,2026-09-18T18:38:08.983458-05:00,30.261363,-97.741391,32.8,47,cellular
163,p_001,s_00013,2026-09-18T18:38:27.964101-05:00,30.261305,-97.741305,28.4,47,cellular
164,p_001,s_00013,2026-09-18T18:38:46.944744-05:00,30.261201,-97.741147,29.8,47,cellular
165,p_001,s_00013,2026-09-18T18:39:05.925387-05:00,30.261174,-97.741025,22.5,47,cellular
166,p_001,s_00013,2026-09-18T18:39:24.906030-05:00,30.260997,-97.741214,20.1,47,cellular
167,p_002,s_00014,2026-09-14T12:25:37.871436-05:00,30.265809,-97.735434,13.9,77,cellular
168,p_002,s_00014,2026-09-14T12:26:00.426700-05:00,30.265705,-97.735521,22.2,77,cellular
169,p_002,s_00014,2026-09-14T12:26:22.981964-05:00,30.265783,-97.735203,35.1,77,cellular
170,p_002,s_00014,2026-09-14T12:26:45.537228-05:00,30.265609,-97.735464,19.3,77,cellular
171,p_002,s_00014,2026-09-14T12:27:08.092492-05:00,30.265459,-97.73516,28.4,77,cellular
172,p_002,s_00014,2026-09-14T12:27:30.647756-05:00,30.265767,-97.735439,30.3,77,cellular
173,p_002,s_00014,2026-09-14T12:27:53.203020-05:00,30.265677,-97.735246,27.6,77,cellular
174,p_002,s_00014,2026-09-14T12:28:15.758284-05:00,30.265758,-97.735286,32.3,77,cellular
175,p_002,s_00014,2026-09-14T12:28:38.313548-05:00,30.265716,-97.73528,27.2,77,cellular
176,p_002,s_00014,2026-09-14T12:29:00.868812-05:00,30.265758,-97.73553,25.9,77,cellular
177,p_002,s_00014,2026-09-14T12:29:23.424076-05:00,30.265678,-97.735207,21.4,77,cellular
178,p_002,s_00014,2026-09-14T12:29:45.979340-05:00,30.265847,-97.735472,29.3,77,cellular
179,p_002,s_00014,2026-09-14T12:30:08.534604-05:00,30.265386,-97.735434,34.2,77,cellular
180,p_002,s_00014,2026-09-14T12:30:31.089868-05:00,30.265764,-97.735405,24.5,77,cellular
181,p_002,s_00014,2026-09-14T12:30:53.645132-05:00,30.265764,-97.735414,20.6,77,cellular
182,p_002,s_00014,2026-09-14T12:31:16.200396-05:00,30.265657,-97.735372,19.2,77,cellular
183,p_002,s_00014,2026-09-14T12:31:38.755660-05:00,30.265952,-97.735408,27.8,77,cellular
184,p_002,s_00014,2026-09-14T12:32:01.310924-05:00,30.265684,-97.735276,18.2,77,cellular
185,p_002,s_00014,2026-09-14T12:32:23.866188-05:00,30.265537,-97.735364,21.3,77,cellular
186,p_002,s_00015,2026-09-14T16:19:09.613165-05:00,30.26151,-97.730344,20.1,63,wifi
187,p_002,s_00015,2026-09-14T16:19:29.146934-05:00,30.261575,-97.730264,27.7,63,wifi
188,p_002,s_00015,2026-09-14T16:19:48.680703-05:00,30.261656,-97.730408,7.6,63,wifi
189,p_002,s_00015,2026-09-14T16:20:08.214472-05:00,30.261581,-97.730459,5.9,63,wifi
190,p_002,s_00016,2026-09-14T22:23:29.316876-05:00,30.278265,-97.717399,10.0,42,wifi
191,p_002,s_00016,2026-09-14T22:23:48.002926-05:00,30.278328,-97.717485,20.3,42,wifi
192,p_002,s_00016,2026-09-14T22:24:06.688976-05:00,30.278329,-97.71745,20.7,42,wifi
193,p_002,s_00016,2026-09-14T22:24:25.375026-05:00,30.278182,-97.717383,14.3,41,wifi
194,p_002,s_00016,2026-09-14T22:24:44.061076-05:00,30.278255,-97.71737,12.6,41,cellular
195,p_002,s_00016,2026-09-14T22:25:02.747126-05:00,30.278255,-97.717323,15.0,41,wifi
196,p_002,s_00016,2026-09-14T22:25:21.433176-05:00,30.278325,-97.717292,25.9,41,wifi
197,p_002,s_00016,2026-09-14T22:25:40.119226-05:00,30.278178,-97.717418,19.2,41,wifi
198,p_002,s_00016,2026-09-14T22:25:58.805276-05:00,30.278206,-97.717368,5.8,41,wifi
199,p_002,s_00017,2026-09-15T11:30:11.454665-05:00,30.265541,-97.735375,15.6,81,wifi
200,p_002,s_00017,2026-09-15T11:30:29.670940-05:00,30.265634,-97.735332,15.2,81,cellular
201,p_002,s_00017,2026-09-15T11:30:47.887215-05:00,30.265718,-97.735371,5.3,81,wifi
202,p_002,s_00017,2026-09-15T11:31:06.103490-05:00,30.265822,-97.73542,22.6,81,wifi
203,p_002,s_00017,2026-09-15T11:31:24.319765-05:00,30.265626,-97.735481,15.7,81,wifi
204,p_002,s_00017,2026-09-15T11:31:42.536040-05:00,30.265749,-97.735429,7.9,81,wifi
205,p_002,s_00017,2026-09-15T11:32:00.752315-05:00,30.265577,-97.735373,14.3,81,wifi
206,p_002,s_00017,2026-09-15T11:32:18.968590-05:00,30.265688,-97.735393,14.9,81,wifi
207,p_002,s_00017,2026-09-15T11:32:37.184865-05:00,30.26572,-97.735431,20.3,81,wifi
208,p_002,s_00017,2026-09-15T11:32:55.401140-05:00,30.265666,-97.73538,11.7,81,wifi
209,p_002,s_00017,2026-09-15T11:33:13.617415-05:00,30.265747,-97.735234,18.7,81,wifi
210,p_002,s_00017,2026-09-15T11:33:31.833690-05:00,30.265558,-97.735349,16.9,81,cellular
211,p_002,s_00017,2026-09-15T11:33:50.049965-05:00,30.265667,-97.735356,5.1,81,wifi
212,p_002,s_00017,2026-09-15T11:34:08.266240-05:00,30.265728,-97.735323,12.9,81,wifi
213,p_002,s_00017,2026-09-15T11:34:26.482515-05:00,30.265745,-97.735512,22.9,80,wifi
214,p_002,s_00017,2026-09-15T11:34:44.698790-05:00,30.265642,-97.735645,20.2,80,cellular
215,p_002,s_00017,2026-09-15T11:35:02.915065-05:00,30.265864,-97.73535,18.0,80,wifi
216,p_002,s_00017,2026-09-15T11:35:21.131340-05:00,30.265809,-97.735445,11.5,80,wifi
217,p_002,s_00018,2026-09-15T17:46:31.821678-05:00,30.260507,-97.74869,15.5,58,wifi
218,p_002,s_00018,2026-09-15T17:46:52.390612-05:00,30.260673,-97.748635,5.7,58,wifi
219,p_002,s_00018,2026-09-15T17:47:12.959546-05:00,30.260561,-97.748676,17.3,58,wifi
220,p_002,s_00018,2026-09-15T17:47:33.528480-05:00,30.260567,-97.748494,18.0,58,wifi
221,p_002,s_00018,2026-09-15T17:47:54.097414-05:00,30.260559,-97.748439,17.6,58,wifi
222,p_002,s_00018,2026-09-15T17:48:14.666348-05:00,30.260792,-97.748469,25.4,58,wifi
223,p_002,s_00018,2026-09-15T17:48:35.235282-05:00,30.260712,-97.748722,33.2,58,wifi
224,p_002,s_00019,2026-09-16T09:52:58.981138-05:00,30.261514,-97.73041,26.6,87,cellular
225,p_002,s_00019,2026-09-16T09:53:15.218893-05:00,30.261575,-97.730629,23.9,87,wifi
226,p_002,s_00019,2026-09-16T09:53:31.456648-05:00,30.261605,-97.730324,8.4,87,wifi
227,p_002,s_00019,2026-09-16T09:53:47.694403-05:00,30.261663,-97.730291,11.0,87,wifi
228,p_002,s_00019,2026-09-16T09:54:03.932158-05:00,30.261586,-97.730321,13.7,87,wifi
229,p_002,s_00019,2026-09-16T09:54:20.169913-05:00,30.261647,-97.730403,17.2,86,wifi
230,p_002,s_00019,2026-09-16T09:54:36.407668-05:00,30.261493,-97.730369,19.7,86,wifi
231,p_002,s_00019,2026-09-16T09:54:52.645423-05:00,30.261523,-97.73039,13.8,86,wifi
232,p_002,s_00019,2026-09-16T09:55:08.883178-05:00,30.261463,-97.730573,15.3,86,wifi
233,p_002,s_00019,2026-09-16T09:55:25.120933-05:00,30.26165,-97.730374,24.8,86,cellular
234,p_002,s_00019,2026-09-16T09:55:41.358688-05:00,30.261569,-97.730446,10.0,86,wifi
235,p_002,s_00019,2026-09-16T09:55:57.596443-05:00,30.261576,-97.730431,11.9,86,wifi
236,p_002,s_00019,2026-09-16T09:56:13.834198-05:00,30.261767,-97.730486,25.6,86,wifi
237,p_002,s_00019,2026-09-16T09:56:30.071953-05:00,30.261613,-97.73053,11.5,86,wifi
238,p_002,s_00019,2026-09-16T09:56:46.309708-05:00,30.261617,-97.730529,21.2,86,wifi
239,p_002,s_00020,2026-09-16T18:01:32.766761-05:00,30.260658,-97.748647,12.8,57,wifi
240,p_002,s_00020,2026-09-16T18:01:52.942181-05:00,30.260644,-97.748527,17.5,57,wifi
241,p_002,s_00020,2026-09-16T18:02:13.117601-05:00,30.260706,-97.748581,6.9,57,wifi
242,p_002,s_00020,2026-09-16T18:02:33.293021-05:00,30.260748,-97.748258,19.0,57,wifi
243,p_002,s_00020,2026-09-16T18:02:53.468441-05:00,30.260646,-97.748284,23.8,57,wifi
244,p_002,s_00020,2026-09-16T18:03:13.643861-05:00,30.260684,-97.748573,14.8,57,wifi
245,p_002,s_00020,2026-09-16T18:03:33.819281-05:00,30.260732,-97.748461,14.6,57,wifi
246,p_002,s_00020,2026-09-16T18:03:53.994701-05:00,30.260574,-97.748545,17.5,57,wifi
247,p_002,s_00020,2026-09-16T18:04:14.170121-05:00,30.2605,-97.748519,15.4,57,wifi
248,p_002,s_00020,2026-09-16T18:04:34.345541-05:00,30.260514,-97.748385,21.3,57,wifi
249,p_002,s_00021,2026-09-17T21:16:41.945438-05:00,30.278333,-97.717445,17.6,46,wifi
250,p_002,s_00021,2026-09-17T21:16:59.327485-05:00,30.278448,-97.717411,18.7,46,cellular
251,p_002,s_00021,2026-09-17T21:17:16.709532-05:00,30.278429,-97.717287,18.7,46,wifi
252,p_002,s_00021,2026-09-17T21:17:34.091579-05:00,30.278212,-97.717296,25.8,45,wifi
253,p_002,s_00021,2026-09-17T21:17:51.473626-05:00,30.278278,-97.717465,9.4,45,wifi
254,p_002,s_00021,2026-09-17T21:18:08.855673-05:00,30.278235,-97.71734,13.2,45,cellular
255,p_002,s_00021,2026-09-17T21:18:26.237720-05:00,30.27829,-97.717486,20.8,45,wifi
256,p_002,s_00021,2026-09-17T21:18:43.619767-05:00,30.278363,-97.717426,17.4,45,wifi
257,p_002,s_00021,2026-09-17T21:19:01.001814-05:00,30.278256,-97.71741,11.7,45,wifi
258,p_002,s_00021,2026-09-17T21:19:18.383861-05:00,30.278231,-97.717312,13.1,45,wifi
259,p_002,s_00021,2026-09-17T21:19:35.765908-05:00,30.278117,-97.717176,20.2,45,wifi
260,p_002,s_00021,2026-09-17T21:19:53.147955-05:00,30.278318,-97.717381,26.7,45,cellular
261,p_002,s_00021,2026-09-17T21:20:10.530002-05:00,30.278291,-97.717331,9.9,45,wifi
262,p_002,s_00021,2026-09-17T21:20:27.912049-05:00,30.278099,-97.717382,27.8,45,wifi
263,p_002,s_00021,2026-09-17T21:20:45.294096-05:00,30.278216,-97.717232,18.5,45,wifi
264,p_002,s_00021,2026-09-17T21:21:02.676143-05:00,30.278226,-97.717351,6.9,45,wifi
265,p_002,s_00021,2026-09-17T21:21:20.058190-05:00,30.278343,-97.717338,32.3,45,wifi
266,p_002,s_00021,2026-09-17T21:21:37.440237-05:00,30.278258,-97.717269,18.7,45,wifi
267,p_002,s_00021,2026-09-17T21:21:54.822284-05:00,30.278323,-97.717363,7.8,45,cellular
268,p_002,s_00021,2026-09-17T21:22:12.204331-05:00,30.278386,-97.717309,14.7,45,wifi
269,p_002,s_00021,2026-09-17T21:22:29.586378-05:00,30.278404,-97.717285,8.1,45,wifi
270,p_002,s_00022,2026-09-17T22:29:12.424402-05:00,30.278171,-97.717301,21.1,41,wifi
271,p_002,s_00022,2026-09-17T22:29:30.943106-05:00,30.278304,-97.717417,19.9,41,wifi
272,p_002,s_00022,2026-09-17T22:29:49.461810-05:00,30.278356,-97.717427,16.7,41,cellular
273,p_002,s_00022,2026-09-17T22:30:07.980514-05:00,30.278067,-97.717374,21.3,41,wifi
274,p_002,s_00022,2026-09-17T22:30:26.499218-05:00,30.278275,-97.717477,22.9,41,wifi
275,p_002,s_00022,2026-09-17T22:30:45.017922-05:00,30.278326,-97.717405,11.1,41,wifi
276,p_002,s_00022,2026-09-17T22:31:03.536626-05:00,30.278335,-97.71721,13.9,41,wifi
277,p_002,s_00022,2026-09-17T22:31:22.055330-05:00,30.278336,-97.717472,25.1,41,wifi
278,p_002,s_00022,2026-09-17T22:31:40.574034-05:00,30.278262,-97.717285,22.2,41,wifi
279,p_002,s_00023,2026-09-18T12:47:23.021412-05:00,30.266074,-97.728683,7.9,76,cellular
280,p_002,s_00023,2026-09-18T12:47:40.246711-05:00,30.26618,-97.728744,27.1,76,cellular
281,p_002,s_00023,2026-09-18T12:47:57.472010-05:00,30.266161,-97.728586,7.2,76,cellular
282,p_002,s_00023,2026-09-18T12:48:14.697309-05:00,30.26609,-97.728655,27.3,76,cellular
283,p_002,s_00023,2026-09-18T12:48:31.922608-05:00,30.265873,-97.728457,30.0,76,cellular
284,p_002,s_00023,2026-09-18T12:48:49.147907-05:00,30.265987,-97.728676,21.8,76,wifi
285,p_002,s_00023,2026-09-18T12:49:06.373206-05:00,30.266115,-97.728652,10.8,76,wifi
286,p_002,s_00023,2026-09-18T12:49:23.598505-05:00,30.26619,-97.728596,15.1,76,cellular
287,p_002,s_00023,2026-09-18T12:49:40.823804-05:00,30.266222,-97.728574,20.2,76,wifi
288,p_002,s_00023,2026-09-18T12:49:58.049103-05:00,30.266106,-97.728623,10.8,76,cellular
289,p_002,s_00023,2026-09-18T12:50:15.274402-05:00,30.266132,-97.728541,16.7,76,cellular
290,p_002,s_00023,2026-09-18T12:50:32.499701-05:00,30.266031,-97.728682,21.9,76,cellular
291,p_002,s_00023,2026-09-18T12:50:49.725000-05:00,30.266052,-97.728677,16.5,76,cellular
292,p_002,s_00023,2026-09-18T12:51:06.950299-05:00,30.266061,-97.728535,12.8,76,cellular
293,p_002,s_00023,2026-09-18T12:51:24.175598-05:00,30.266151,-97.728556,13.1,76,cellular
294,p_002,s_00023,2026-09-18T12:51:41.400897-05:00,30.266057,-97.728652,10.6,76,wifi
295,p_002,s_00023,2026-09-18T12:51:58.626196-05:00,30.266154,-97.728501,22.0,76,wifi
296,p_002,s_00023,2026-09-18T12:52:15.851495-05:00,30.26606,-97.728749,16.0,76,cellular
297,p_002,s_00023,2026-09-18T12:52:33.076794-05:00,30.266105,-97.728712,14.6,76,cellular
298,p_002,s_00023,2026-09-18T12:52:50.302093-05:00,30.266246,-97.728614,12.3,76,wifi
299,p_002,s_00023,2026-09-18T12:53:07.527392-05:00,30.26613,-97.728451,19.6,76,wifi
300,p_002,s_00024,2026-09-18T13:44:03.960003-05:00,30.279742,-97.739213,11.7,73,wifi
301,p_002,s_00024,2026-09-18T13:44:23.344817-05:00,30.279753,-97.739271,5.8,73,wifi
302,p_002,s_00024,2026-09-18T13:44:42.729631-05:00,30.279655,-97.739421,21.5,73,wifi
303,p_002,s_00024,2026-09-18T13:45:02.114445-05:00,30.279635,-97.739284,9.0,73,cellular
304,p_002,s_00024,2026-09-18T13:45:21.499259-05:00,30.279654,-97.739305,6.2,73,wifi
305,p_002,s_00024,2026-09-18T13:45:40.884073-05:00,30.279584,-97.739194,18.9,73,wifi
306,p_002,s_00024,2026-09-18T13:46:00.268887-05:00,30.279719,-97.739303,9.8,73,wifi
307,p_002,s_00024,2026-09-18T13:46:19.653701-05:00,30.279708,-97.739306,14.7,73,wifi
308,p_002,s_00024,2026-09-18T13:46:39.038515-05:00,30.280021,-97.73929,33.6,73,wifi
309,p_002,s_00024,2026-09-18T13:46:58.423329-05:00,30.279835,-97.739125,21.7,73,wifi
310,p_002,s_00024,2026-09-18T13:47:17.808143-05:00,30.279666,-97.739212,12.9,73,wifi
311,p_002,s_00024,2026-09-18T13:47:37.192957-05:00,30.279682,-97.739197,12.9,72,cellular
312,p_002,s_00024,2026-09-18T13:47:56.577771-05:00,30.279612,-97.739364,15.0,72,wifi
313,p_002,s_00024,2026-09-18T13:48:15.962585-05:00,30.279652,-97.739104,18.9,72,wifi
314,p_002,s_00024,2026-09-18T13:48:35.347399-05:00,30.279771,-97.739204,14.7,72,wifi
315,p_002,s_00024,2026-09-18T13:48:54.732213-05:00,30.279649,-97.739318,10.4,72,cellular
316,p_002,s_00024,2026-09-18T13:49:14.117027-05:00,30.2796,-97.739392,18.0,72,wifi
317,p_002,s_00024,2026-09-18T13:49:33.501841-05:00,30.279749,-97.739202,8.1,72,wifi
318,p_002,s_00024,2026-09-18T13:49:52.886655-05:00,30.279783,-97.73923,11.2,72,wifi
319,p_003,s_00025,2026-09-14T10:28:23.062444-05:00,30.283716,-97.749285,23.2,82,cellular
320,p_003,s_00025,2026-09-14T10:28:39.880319-05:00,30.283789,-97.748975,32.1,82,cellular
321,p_003,s_00025,2026-09-14T10:28:56.698194-05:00,30.283826,-97.749092,26.4,82,cellular
322,p_003,s_00025,2026-09-14T10:29:13.516069-05:00,30.283692,-97.749052,19.4,82,cellular
323,p_003,s_00025,2026-09-14T10:29:30.333944-05:00,30.283938,-97.749181,28.4,82,cellular
324,p_003,s_00025,2026-09-14T10:29:47.151819-05:00,30.283806,-97.7493,18.3,82,cellular
325,p_003,s_00025,2026-09-14T10:30:03.969694-05:00,30.283973,-97.749194,35.1,82,cellular
326,p_003,s_00025,2026-09-14T10:30:20.787569-05:00,30.283899,-97.749139,24.2,82,cellular
327,p_003,s_00025,2026-09-14T10:30:37.605444-05:00,30.283841,-97.749241,20.2,82,cellular
328,p_003,s_00025,2026-09-14T10:30:54.423319-05:00,30.283743,-97.749302,25.6,82,cellular
329,p_003,s_00025,2026-09-14T10:31:11.241194-05:00,30.283664,-97.74899,14.0,82,cellular
330,p_003,s_00025,2026-09-14T10:31:28.059069-05:00,30.28393,-97.74902,36.4,82,cellular
331,p_003,s_00025,2026-09-14T10:31:44.876944-05:00,30.283812,-97.748833,27.4,82,cellular
332,p_003,s_00025,2026-09-14T10:32:01.694819-05:00,30.283988,-97.749089,23.7,82,cellular
333,p_003,s_00025,2026-09-14T10:32:18.512694-05:00,30.283861,-97.749122,16.9,82,cellular
334,p_003,s_00025,2026-09-14T10:32:35.330569-05:00,30.283769,-97.749088,27.5,82,cellular
335,p_003,s_00025,2026-09-14T10:32:52.148444-05:00,30.283965,-97.749082,25.6,82,cellular
336,p_003,s_00025,2026-09-14T10:33:08.966319-05:00,30.28377,-97.749173,13.9,82,cellular
337,p_003,s_00025,2026-09-14T10:33:25.784194-05:00,30.283812,-97.749203,25.7,82,cellular
338,p_003,s_00026,2026-09-14T12:40:35.580837-05:00,30.280754,-97.738371,10.8,74,wifi
339,p_003,s_00026,2026-09-14T12:40:52.256683-05:00,30.280815,-97.738382,17.4,74,cellular
340,p_003,s_00026,2026-09-14T12:41:08.932529-05:00,30.280833,-97.738213,20.8,74,cellular
341,p_003,s_00026,2026-09-14T12:41:25.608375-05:00,30.280877,-97.738322,12.9,74,cellular
342,p_003,s_00026,2026-09-14T12:41:42.284221-05:00,30.280901,-97.738136,17.3,74,cellular
343,p_003,s_00026,2026-09-14T12:41:58.960067-05:00,30.28072,-97.738259,19.7,74,cellular
344,p_003,s_00026,2026-09-14T12:42:15.635913-05:00,30.280794,-97.738219,18.3,74,wifi
345,p_003,s_00026,2026-09-14T12:42:32.311759-05:00,30.28073,-97.738221,21.6,74,cellular
346,p_003,s_00026,2026-09-14T12:42:48.987605-05:00,30.280911,-97.738457,26.2,74,cellular
347,p_003,s_00026,2026-09-14T12:43:05.663451-05:00,30.280885,-97.738342,13.3,74,wifi
348,p_003,s_00026,2026-09-14T12:43:22.339297-05:00,30.280838,-97.738342,20.2,74,cellular
349,p_003,s_00026,2026-09-14T12:43:39.015143-05:00,30.280706,-97.738322,13.1,74,cellular
350,p_003,s_00026,2026-09-14T12:43:55.690989-05:00,30.280821,-97.738328,8.9,74,cellular
351,p_003,s_00026,2026-09-14T12:44:12.366835-05:00,30.280832,-97.738267,10.1,74,cellular
352,p_003,s_00026,2026-09-14T12:44:29.042681-05:00,30.280793,-97.738367,5.4,74,wifi
353,p_003,s_00026,2026-09-14T12:44:45.718527-05:00,30.280823,-97.738162,15.7,74,cellular
354,p_003,s_00026,2026-09-14T12:45:02.394373-05:00,30.280878,-97.738131,23.1,74,cellular
355,p_003,s_00026,2026-09-14T12:45:19.070219-05:00,30.28084,-97.738217,11.0,74,wifi
356,p_003,s_00026,2026-09-14T12:45:35.746065-05:00,30.280857,-97.738275,11.5,74,cellular
357,p_003,s_00027,2026-09-15T13:34:01.376838-05:00,30.280831,-97.738208,21.2,71,cellular
358,p_003,s_00027,2026-09-15T13:34:17.420205-05:00,30.280954,-97.738042,25.4,71,cellular
359,p_003,s_00027,2026-09-15T13:34:33.463572-05:00,30.280825,-97.738174,25.7,71,cellular
360,p_003,s_00027,2026-09-15T13:34:49.506939-05:00,30.280824,-97.738221,20.6,71,cellular
361,p_003,s_00027,2026-09-15T13:35:05.550306-05:00,30.280833,-97.738304,28.9,71,cellular
362,p_003,s_00027,2026-09-15T13:35:21.593673-05:00,30.28077,-97.738488,30.4,71,cellular
363,p_003,s_00027,2026-09-15T13:35:37.637040-05:00,30.280902,-97.738425,24.5,71,cellular
364,p_003,s_00027,2026-09-15T13:35:53.680407-05:00,30.280726,-97.738424,29.0,71,cellular
365,p_003,s_00028,2026-09-15T14:25:11.974806-05:00,30.280851,-97.738419,20.3,68,cellular
366,p_003,s_00028,2026-09-15T14:25:27.124564-05:00,30.280777,-97.738033,40.8,68,cellular
367,p_003,s_00028,2026-09-15T14:25:42.274322-05:00,30.281088,-97.738449,35.9,68,cellular
368,p_003,s_00028,2026-09-15T14:25:57.424080-05:00,30.280824,-97.738134,41.8,68,cellular
369,p_003,s_00028,2026-09-15T14:26:12.573838-05:00,30.280639,-97.738347,34.3,68,cellular
370,p_003,s_00028,2026-09-15T14:26:27.723596-05:00,30.280734,-97.738473,31.9,68,cellular
371,p_003,s_00028,2026-09-15T14:26:42.873354-05:00,30.280871,-97.738373,17.3,68,cellular
372,p_003,s_00028,2026-09-15T14:26:58.023112-05:00,30.280929,-97.738384,23.1,68,cellular
373,p_003,s_00028,2026-09-15T14:27:13.172870-05:00,30.28092,-97.738376,29.9,68,cellular
374,p_003,s_00028,2026-09-15T14:27:28.322628-05:00,30.280885,-97.738326,22.9,68,cellular
375,p_003,s_00028,2026-09-15T14:27:43.472386-05:00,30.280859,-97.738243,22.4,68,cellular
376,p_003,s_00028,2026-09-15T14:27:58.622144-05:00,30.281049,-97.738323,22.9,68,cellular
377,p_003,s_00028,2026-09-15T14:28:13.771902-05:00,30.280884,-97.738338,23.0,68,cellular
378,p_003,s_00028,2026-09-15T14:28:28.921660-05:00,30.280886,-97.738449,9.4,68,cellular
379,p_003,s_00028,2026-09-15T14:28:44.071418-05:00,30.280748,-97.738453,22.7,68,cellular
380,p_003,s_00029,2026-09-16T11:04:40.808748-05:00,30.27485,-97.736183,21.8,80,cellular
381,p_003,s_00029,2026-09-16T11:04:57.265964-05:00,30.27511,-97.736108,25.7,80,cellular
382,p_003,s_00029,2026-09-16T11:05:13.723180-05:00,30.275005,-97.73636,23.0,80,wifi
383,p_003,s_00029,2026-09-16T11:05:30.180396-05:00,30.274953,-97.736305,21.4,80,wifi
384,p_003,s_00029,2026-09-16T11:05:46.637612-05:00,30.275077,-97.736395,17.5,80,cellular
385,p_003,s_00029,2026-09-16T11:06:03.094828-05:00,30.27495,-97.73625,11.5,80,wifi
386,p_003,s_00029,2026-09-16T11:06:19.552044-05:00,30.275004,-97.736288,16.3,80,cellular
387,p_003,s_00029,2026-09-16T11:06:36.009260-05:00,30.274878,-97.736292,15.2,80,cellular
388,p_003,s_00029,2026-09-16T11:06:52.466476-05:00,30.275032,-97.736015,22.8,80,cellular
389,p_003,s_00029,2026-09-16T11:07:08.923692-05:00,30.274922,-97.736116,12.7,80,wifi
390,p_003,s_00029,2026-09-16T11:07:25.380908-05:00,30.274962,-97.736282,12.1,80,cellular
391,p_003,s_00029,2026-09-16T11:07:41.838124-05:00,30.274872,-97.736317,27.5,80,cellular
392,p_003,s_00029,2026-09-16T11:07:58.295340-05:00,30.275073,-97.736252,9.4,80,cellular
393,p_003,s_00029,2026-09-16T11:08:14.752556-05:00,30.275074,-97.736136,15.2,80,wifi
394,p_003,s_00029,2026-09-16T11:08:31.209772-05:00,30.274898,-97.736291,11.2,80,cellular
395,p_003,s_00029,2026-09-16T11:08:47.666988-05:00,30.274987,-97.73635,18.8,80,cellular
396,p_003,s_00029,2026-09-16T11:09:04.124204-05:00,30.274956,-97.736226,16.9,80,cellular
397,p_003,s_00030,2026-09-16T19:25:44.301382-05:00,30.25931,-97.73379,13.3,50,cellular
398,p_003,s_00030,2026-09-16T19:26:02.195541-05:00,30.259315,-97.73388,10.5,50,cellular
399,p_003,s_00030,2026-09-16T19:26:20.089700-05:00,30.259317,-97.733758,14.2,50,cellular
400,p_003,s_00030,2026-09-16T19:26:37.983859-05:00,30.259339,-97.734016,25.5,50,cellular
401,p_003,s_00030,2026-09-16T19:26:55.878018-05:00,30.259439,-97.73403,25.7,50,wifi
402,p_003,s_00030,2026-09-16T19:27:13.772177-05:00,30.259365,-97.733713,26.5,50,cellular
403,p_003,s_00030,2026-09-16T19:27:31.666336-05:00,30.259372,-97.733848,5.6,50,cellular
404,p_003,s_00030,2026-09-16T19:27:49.560495-05:00,30.259255,-97.733795,20.4,50,cellular
405,p_003,s_00030,2026-09-16T19:28:07.454654-05:00,30.259213,-97.733905,28.7,50,cellular
406,p_003,s_00030,2026-09-16T19:28:25.348813-05:00,30.259335,-97.733738,13.4,50,wifi
407,p_003,s_00030,2026-09-16T19:28:43.242972-05:00,30.25941,-97.733804,20.7,50,wifi
408,p_003,s_00031,2026-09-17T07:08:56.648680-05:00,30.273274,-97.750989,32.7,94,cellular
409,p_003,s_00031,2026-09-17T07:09:14.562793-05:00,30.273421,-97.751066,19.2,94,cellular
410,p_003,s_00031,2026-09-17T07:09:32.476906-05:00,30.273247,-97.751199,23.5,94,cellular
411,p_003,s_00031,2026-09-17T07:09:50.391019-05:00,30.273289,-97.751256,25.6,94,cellular
412,p_003,s_00031,2026-09-17T07:10:08.305132-05:00,30.273376,-97.751066,21.5,94,cellular
413,p_003,s_00031,2026-09-17T07:10:26.219245-05:00,30.273369,-97.751176,27.3,94,cellular
414,p_003,s_00031,2026-09-17T07:10:44.133358-05:00,30.273372,-97.751056,37.0,94,cellular
415,p_003,s_00031,2026-09-17T07:11:02.047471-05:00,30.27349,-97.750947,35.1,94,cellular
416,p_003,s_00031,2026-09-17T07:11:19.961584-05:00,30.273304,-97.751162,24.7,94,cellular
417,p_003,s_00031,2026-09-17T07:11:37.875697-05:00,30.273194,-97.75112,28.1,94,cellular
418,p_003,s_00031,2026-09-17T07:11:55.789810-05:00,30.273345,-97.751381,22.9,94,cellular
419,p_003,s_00031,2026-09-17T07:12:13.703923-05:00,30.273319,-97.75134,23.9,94,cellular
420,p_003,s_00031,2026-09-17T07:12:31.618036-05:00,30.273469,-97.751103,12.8,94,cellular
421,p_003,s_00031,2026-09-17T07:12:49.532149-05:00,30.273435,-97.751088,25.3,94,cellular
422,p_003,s_00031,2026-09-17T07:13:07.446262-05:00,30.273441,-97.751017,17.2,94,cellular
423,p_003,s_00031,2026-09-17T07:13:25.360375-05:00,30.273343,-97.751133,15.0,94,cellular
424,p_003,s_00032,2026-09-17T20:25:59.650995-05:00,30.261027,-97.755753,20.0,46,cellular
425,p_003,s_00032,2026-09-17T20:26:22.726512-05:00,30.26093,-97.755785,8.4,46,wifi
426,p_003,s_00032,2026-09-17T20:26:45.802029-05:00,30.260758,-97.755763,29.2,46,cellular
427,p_003,s_00032,2026-09-17T20:27:08.877546-05:00,30.261052,-97.755729,26.6,46,cellular
428,p_003,s_00032,2026-09-17T20:27:31.953063-05:00,30.260895,-97.755822,16.1,46,cellular
429,p_003,s_00032,2026-09-17T20:27:55.028580-05:00,30.260973,-97.755714,6.8,46,cellular
430,p_003,s_00032,2026-09-17T20:28:18.104097-05:00,30.260893,-97.75576,18.2,46,wifi
431,p_003,s_00032,2026-09-17T20:28:41.179614-05:00,30.260929,-97.7556,11.9,46,cellular
432,p_003,s_00032,2026-09-17T20:29:04.255131-05:00,30.260961,-97.755668,14.9,46,cellular
433,p_003,s_00032,2026-09-17T20:29:27.330648-05:00,30.260982,-97.755707,22.3,46,cellular
434,p_003,s_00032,2026-09-17T20:29:50.406165-05:00,30.260902,-97.755609,16.0,46,cellular
435,p_003,s_00033,2026-09-18T20:15:11.587148-05:00,30.27719,-97.735026,24.3,47,cellular
436,p_003,s_00033,2026-09-18T20:15:36.323543-05:00,30.277169,-97.734896,9.0,47,cellular
437,p_003,s_00033,2026-09-18T20:16:01.059938-05:00,30.277248,-97.734979,5.9,47,wifi
438,p_003,s_00033,2026-09-18T20:16:25.796333-05:00,30.277158,-97.73497,22.7,47,cellular
439,p_003,s_00034,2026-09-18T21:18:46.748718-05:00,30.277211,-97.735017,16.1,43,cellular
440,p_003,s_00034,2026-09-18T21:19:11.591080-05:00,30.277189,-97.734936,19.7,43,cellular
441,p_003,s_00034,2026-09-18T21:19:36.433442-05:00,30.277161,-97.734882,19.3,43,cellular
442,p_003,s_00034,2026-09-18T21:20:01.275804-05:00,30.277182,-97.734848,24.9,43,cellular
443,p_003,s_00034,2026-09-18T21:20:26.118166-05:00,30.277065,-97.734867,33.8,43,cellular
444,p_003,s_00034,2026-09-18T21:20:50.960528-05:00,30.277179,-97.734955,30.0,43,cellular
445,p_003,s_00034,2026-09-18T21:21:15.802890-05:00,30.277194,-97.734952,23.1,43,cellular
446,p_003,s_00034,2026-09-18T21:21:40.645252-05:00,30.277212,-97.734983,35.2,43,cellular
447,p_003,s_00034,2026-09-18T21:22:05.487614-05:00,30.277246,-97.734922,25.7,43,cellular
448,p_003,s_00034,2026-09-18T21:22:30.329976-05:00,30.277084,-97.735033,26.3,43,cellular
449,p_003,s_00034,2026-09-18T21:22:55.172338-05:00,30.276967,-97.735035,22.3,43,cellular
450,p_003,s_00034,2026-09-18T21:23:20.014700-05:00,30.277193,-97.734825,25.9,43,cellular
451,p_003,s_00034,2026-09-18T21:23:44.857062-05:00,30.276558,-97.737472,30.4,43,cellular
452,p_003,s_00034,2026-09-18T21:24:09.699424-05:00,30.276236,-97.739828,17.8,43,cellular
453,p_003,s_00034,2026-09-18T21:24:34.541786-05:00,30.275827,-97.742309,33.0,43,cellular
454,p_003,s_00034,2026-09-18T21:24:59.384148-05:00,30.275706,-97.742244,24.6,43,cellular
455,p_003,s_00034,2026-09-18T21:25:24.226510-05:00,30.27503,-97.744253,35.3,43,cellular
456,p_004,s_00035,2026-09-14T10:19:03.925580-05:00,30.250684,-97.761309,15.5,83,cellular
457,p_004,s_00035,2026-09-14T10:19:23.680005-05:00,30.250826,-97.76131,42.7,83,cellular
458,p_004,s_00035,2026-09-14T10:19:43.434430-05:00,30.250629,-97.761554,33.8,83,cellular
459,p_004,s_00035,2026-09-14T10:20:03.188855-05:00,30.250581,-97.761666,32.4,83,cellular
460,p_004,s_00035,2026-09-14T10:20:22.943280-05:00,30.250638,-97.761457,27.3,83,cellular
461,p_004,s_00035,2026-09-14T10:20:42.697705-05:00,30.250624,-97.761652,21.3,83,cellular
462,p_004,s_00035,2026-09-14T10:21:02.452130-05:00,30.250821,-97.761311,22.6,83,cellular
463,p_004,s_00035,2026-09-14T10:21:22.206555-05:00,30.250753,-97.761483,16.1,83,cellular
464,p_004,s_00035,2026-09-14T10:21:41.960980-05:00,30.250321,-97.761551,31.9,83,cellular
465,p_004,s_00035,2026-09-14T10:22:01.715405-05:00,30.250792,-97.761311,42.6,83,cellular
466,p_004,s_00035,2026-09-14T10:22:21.469830-05:00,30.250486,-97.761479,36.2,83,cellular
467,p_004,s_00035,2026-09-14T10:22:41.224255-05:00,30.250659,-97.761418,22.3,83,cellular
468,p_004,s_00035,2026-09-14T10:23:00.978680-05:00,30.250695,-97.76155,23.0,83,cellular
469,p_004,s_00035,2026-09-14T10:23:20.733105-05:00,30.25064,-97.761423,17.9,83,cellular
470,p_004,s_00035,2026-09-14T10:23:40.487530-05:00,30.250556,-97.761388,23.3,83,cellular
471,p_004,s_00035,2026-09-14T10:24:00.241955-05:00,30.250589,-97.761366,29.9,83,cellular
472,p_004,s_00035,2026-09-14T10:24:19.996380-05:00,30.250623,-97.761222,34.2,83,cellular
473,p_004,s_00036,2026-09-14T12:48:45.134469-05:00,30.251209,-97.746822,24.6,74,cellular
474,p_004,s_00036,2026-09-14T12:49:09.558626-05:00,30.251294,-97.746772,10.7,74,wifi
475,p_004,s_00036,2026-09-14T12:49:33.982783-05:00,30.251223,-97.746675,14.3,74,cellular
476,p_004,s_00036,2026-09-14T12:49:58.406940-05:00,30.251294,-97.746641,19.7,74,cellular
477,p_004,s_00036,2026-09-14T12:50:22.831097-05:00,30.25138,-97.746785,22.5,74,cellular
478,p_004,s_00036,2026-09-14T12:50:47.255254-05:00,30.251247,-97.746623,14.7,74,cellular
479,p_004,s_00036,2026-09-14T12:51:11.679411-05:00,30.251104,-97.746722,15.2,74,cellular
480,p_004,s_00036,2026-09-14T12:51:36.103568-05:00,30.251212,-97.746613,19.1,74,cellular
481,p_004,s_00036,2026-09-14T12:52:00.527725-05:00,30.251282,-97.746705,16.4,74,cellular
482,p_004,s_00036,2026-09-14T12:52:24.951882-05:00,30.251335,-97.746706,13.2,74,cellular
483,p_004,s_00036,2026-09-14T12:52:49.376039-05:00,30.251107,-97.746669,19.0,74,cellular
484,p_004,s_00037,2026-09-14T16:48:05.751061-05:00,30.272926,-97.734277,16.3,60,cellular
485,p_004,s_00037,2026-09-14T16:48:24.108551-05:00,30.272935,-97.734403,25.2,60,cellular
486,p_004,s_00037,2026-09-14T16:48:42.466041-05:00,30.273178,-97.73435,24.3,60,cellular
487,p_004,s_00037,2026-09-14T16:49:00.823531-05:00,30.273028,-97.734364,30.4,60,cellular
488,p_004,s_00037,2026-09-14T16:49:19.181021-05:00,30.272846,-97.734259,34.8,60,cellular
489,p_004,s_00037,2026-09-14T16:49:37.538511-05:00,30.273005,-97.734097,32.1,60,cellular
490,p_004,s_00037,2026-09-14T16:49:55.896001-05:00,30.273084,-97.734237,30.0,60,cellular
491,p_004,s_00037,2026-09-14T16:50:14.253491-05:00,30.272936,-97.73421,19.4,60,cellular
492,p_004,s_00037,2026-09-14T16:50:32.610981-05:00,30.273019,-97.73428,27.9,60,cellular
493,p_004,s_00038,2026-09-15T08:56:53.005351-05:00,30.262014,-97.755311,15.6,88,cellular
494,p_004,s_00038,2026-09-15T08:57:10.575167-05:00,30.262255,-97.755262,12.9,88,wifi
495,p_004,s_00038,2026-09-15T08:57:28.144983-05:00,30.262102,-97.755247,13.5,88,cellular
496,p_004,s_00038,2026-09-15T08:57:45.714799-05:00,30.262192,-97.755287,21.1,88,wifi
497,p_004,s_00038,2026-09-15T08:58:03.284615-05:00,30.262076,-97.755317,7.6,88,wifi
498,p_004,s_00039,2026-09-15T09:45:10.364973-05:00,30.26203,-97.755329,13.9,85,wifi
499,p_004,s_00039,2026-09-15T09:45:26.679584-05:00,30.262083,-97.755288,23.7,85,wifi
500,p_004,s_00039,2026-09-15T09:45:42.994195-05:00,30.262286,-97.755131,17.9,85,wifi
501,p_004,s_00039,2026-09-15T09:45:59.308806-05:00,30.262067,-97.755245,10.3,85,cellular
502,p_004,s_00039,2026-09-15T09:46:15.623417-05:00,30.262085,-97.755369,17.9,85,wifi
503,p_004,s_00039,2026-09-15T09:46:31.938028-05:00,30.262083,-97.755382,12.9,85,wifi
504,p_004,s_00039,2026-09-15T09:46:48.252639-05:00,30.262028,-97.755268,16.4,85,wifi
505,p_004,s_00039,2026-09-15T09:47:04.567250-05:00,30.262268,-97.755305,15.1,85,wifi
506,p_004,s_00039,2026-09-15T09:47:20.881861-05:00,30.262205,-97.755296,15.0,85,wifi
507,p_004,s_00039,2026-09-15T09:47:37.196472-05:00,30.26216,-97.755163,19.6,85,wifi
508,p_004,s_00039,2026-09-15T09:47:53.511083-05:00,30.262107,-97.75525,20.5,85,wifi
509,p_004,s_00039,2026-09-15T09:48:09.825694-05:00,30.262126,-97.755261,14.9,85,wifi
510,p_004,s_00039,2026-09-15T09:48:26.140305-05:00,30.262054,-97.755171,15.5,85,wifi
511,p_004,s_00040,2026-09-15T15:40:30.332502-05:00,30.278011,-97.753719,25.2,64,wifi
512,p_004,s_00040,2026-09-15T15:40:47.446560-05:00,30.277868,-97.753689,20.3,64,wifi
513,p_004,s_00040,2026-09-15T15:41:04.560618-05:00,30.277905,-97.753732,5.7,64,wifi
514,p_004,s_00040,2026-09-15T15:41:21.674676-05:00,30.277923,-97.753844,10.7,64,cellular
515,p_004,s_00040,2026-09-15T15:41:38.788734-05:00,30.277946,-97.753798,15.4,64,cellular
516,p_004,s_00040,2026-09-15T15:41:55.902792-05:00,30.277881,-97.753868,20.7,64,wifi
517,p_004,s_00040,2026-09-15T15:42:13.016850-05:00,30.27795,-97.753748,11.5,64,wifi
518,p_004,s_00040,2026-09-15T15:42:30.130908-05:00,30.278102,-97.753849,22.1,64,cellular
519,p_004,s_00040,2026-09-15T15:42:47.244966-05:00,30.277927,-97.753907,22.8,64,wifi
520,p_004,s_00040,2026-09-15T15:43:04.359024-05:00,30.278004,-97.753617,18.1,64,wifi
521,p_004,s_00040,2026-09-15T15:43:21.473082-05:00,30.27808,-97.753677,20.5,64,wifi
522,p_004,s_00040,2026-09-15T15:43:38.587140-05:00,30.277966,-97.753765,21.6,64,cellular
523,p_004,s_00040,2026-09-15T15:43:55.701198-05:00,30.277955,-97.753632,17.7,64,wifi
524,p_004,s_00040,2026-09-15T15:44:12.815256-05:00,30.278031,-97.753701,9.0,64,wifi
525,p_004,s_00040,2026-09-15T15:44:29.929314-05:00,30.278002,-97.753737,18.4,64,wifi
526,p_004,s_00040,2026-09-15T15:44:47.043372-05:00,30.277982,-97.753712,17.0,64,wifi
527,p_004,s_00040,2026-09-15T15:45:04.157430-05:00,30.277993,-97.753776,10.3,63,wifi
528,p_004,s_00041,2026-09-16T07:03:47.340574-05:00,30.250682,-97.761501,14.5,95,cellular
529,p_004,s_00041,2026-09-16T07:04:03.448949-05:00,30.250578,-97.761001,40.6,95,cellular
530,p_004,s_00041,2026-09-16T07:04:19.557324-05:00,30.250535,-97.761524,29.0,95,cellular
531,p_004,s_00041,2026-09-16T07:04:35.665699-05:00,30.250712,-97.761367,38.6,95,cellular
532,p_004,s_00041,2026-09-16T07:04:51.774074-05:00,30.250619,-97.761348,18.6,95,cellular
533,p_004,s_00041,2026-09-16T07:05:07.882449-05:00,30.250595,-97.761277,28.7,95,cellular
534,p_004,s_00041,2026-09-16T07:05:23.990824-05:00,30.250704,-97.761413,12.6,95,cellular
535,p_004,s_00041,2026-09-16T07:05:40.099199-05:00,30.250774,-97.761277,30.9,95,cellular
536,p_004,s_00041,2026-09-16T07:05:56.207574-05:00,30.250762,-97.761212,24.7,95,cellular
537,p_004,s_00041,2026-09-16T07:06:12.315949-05:00,30.250516,-97.761458,23.1,95,cellular
538,p_004,s_00041,2026-09-16T07:06:28.424324-05:00,30.250651,-97.761443,24.4,95,cellular
539,p_004,s_00041,2026-09-16T07:06:44.532699-05:00,30.250649,-97.761106,31.0,95,cellular
540,p_004,s_00041,2026-09-16T07:07:00.641074-05:00,30.250637,-97.761269,33.2,95,cellular
541,p_004,s_00041,2026-09-16T07:07:16.749449-05:00,30.250694,-97.761409,14.9,95,cellular
542,p_004,s_00041,2026-09-16T07:07:32.857824-05:00,30.250748,-97.761394,23.8,95,cellular
543,p_004,s_00041,2026-09-16T07:07:48.966199-05:00,30.250754,-97.761453,43.4,95,cellular
544,p_004,s_00041,2026-09-16T07:08:05.074574-05:00,30.250709,-97.761304,21.6,95,cellular
545,p_004,s_00041,2026-09-16T07:08:21.182949-05:00,30.250633,-97.761142,31.9,94,cellular
546,p_004,s_00041,2026-09-16T07:08:37.291324-05:00,30.250704,-97.761445,16.2,94,cellular
547,p_004,s_00041,2026-09-16T07:08:53.399699-05:00,30.250808,-97.761317,26.9,94,cellular
548,p_004,s_00041,2026-09-16T07:09:09.508074-05:00,30.250553,-97.761181,36.0,94,cellular
549,p_004,s_00041,2026-09-16T07:09:25.616449-05:00,30.250727,-97.7613,24.4,94,cellular
550,p_004,s_00041,2026-09-16T07:09:41.724824-05:00,30.25075,-97.761351,25.9,94,cellular
551,p_004,s_00041,2026-09-16T07:09:57.833199-05:00,30.250617,-97.761468,21.2,94,cellular
552,p_004,s_00042,2026-09-16T09:32:46.604425-05:00,30.26206,-97.755212,23.6,86,wifi
553,p_004,s_00042,2026-09-16T09:33:08.465056-05:00,30.262195,-97.755177,7.6,86,wifi
554,p_004,s_00042,2026-09-16T09:33:30.325687-05:00,30.262009,-97.755463,13.4,86,cellular
555,p_004,s_00042,2026-09-16T09:33:52.186318-05:00,30.262122,-97.755483,16.0,86,wifi
556,p_004,s_00042,2026-09-16T09:34:14.046949-05:00,30.26224,-97.755358,18.8,86,wifi
557,p_004,s_00042,2026-09-16T09:34:35.907580-05:00,30.262132,-97.755326,5.2,86,wifi
558,p_004,s_00042,2026-09-16T09:34:57.768211-05:00,30.262149,-97.755355,24.6,86,cellular
559,p_004,s_00042,2026-09-16T09:35:19.628842-05:00,30.262176,-97.755332,4.6,86,wifi
560,p_004,s_00042,2026-09-16T09:35:41.489473-05:00,30.262006,-97.755144,16.6,86,wifi
561,p_004,s_00042,2026-09-16T09:36:03.350104-05:00,30.261999,-97.755438,18.5,86,wifi
562,p_004,s_00042,2026-09-16T09:36:25.210735-05:00,30.262085,-97.755432,21.5,86,wifi
563,p_004,s_00042,2026-09-16T09:36:47.071366-05:00,30.262042,-97.75535,17.2,86,wifi
564,p_004,s_00042,2026-09-16T09:37:08.931997-05:00,30.262143,-97.755255,12.7,86,cellular
565,p_004,s_00042,2026-09-16T09:37:30.792628-05:00,30.262118,-97.755296,20.0,86,wifi
566,p_004,s_00042,2026-09-16T09:37:52.653259-05:00,30.262127,-97.755384,13.3,86,wifi
567,p_004,s_00042,2026-09-16T09:38:14.513890-05:00,30.262161,-97.75546,26.2,85,wifi
568,p_004,s_00042,2026-09-16T09:38:36.374521-05:00,30.262206,-97.755241,7.6,85,wifi
569,p_004,s_00042,2026-09-16T09:38:58.235152-05:00,30.262175,-97.755319,17.8,85,wifi
570,p_004,s_00042,2026-09-16T09:39:20.095783-05:00,30.262105,-97.755506,24.6,85,wifi
571,p_004,s_00042,2026-09-16T09:39:41.956414-05:00,30.262121,-97.755212,21.1,85,wifi
572,p_004,s_00043,2026-09-16T12:13:51.041943-05:00,30.260967,-97.75572,13.6,76,cellular
573,p_004,s_00043,2026-09-16T12:14:14.256430-05:00,30.260968,-97.755709,12.2,76,cellular
574,p_004,s_00043,2026-09-16T12:14:37.470917-05:00,30.26088,-97.755629,6.9,76,cellular
575,p_004,s_00043,2026-09-16T12:15:00.685404-05:00,30.260953,-97.755728,10.4,76,cellular
576,p_004,s_00043,2026-09-16T12:15:23.899891-05:00,30.260953,-97.755726,13.6,76,cellular
577,p_004,s_00043,2026-09-16T12:15:47.114378-05:00,30.260861,-97.755699,18.6,76,cellular
578,p_004,s_00043,2026-09-16T12:16:10.328865-05:00,30.260849,-97.755883,9.8,76,cellular
579,p_004,s_00043,2026-09-16T12:16:33.543352-05:00,30.261011,-97.755624,25.0,76,wifi
580,p_004,s_00043,2026-09-16T12:16:56.757839-05:00,30.260901,-97.755748,13.0,76,cellular
581,p_004,s_00043,2026-09-16T12:17:19.972326-05:00,30.26074,-97.75564,22.7,76,cellular
582,p_004,s_00043,2026-09-16T12:17:43.186813-05:00,30.261059,-97.755788,19.2,76,wifi
583,p_004,s_00043,2026-09-16T12:18:06.401300-05:00,30.260902,-97.755807,28.2,76,cellular
584,p_004,s_00043,2026-09-16T12:18:29.615787-05:00,30.260963,-97.75567,9.9,76,cellular
585,p_004,s_00043,2026-09-16T12:18:52.830274-05:00,30.260778,-97.755944,21.0,76,cellular
586,p_004,s_00043,2026-09-16T12:19:16.044761-05:00,30.260895,-97.755563,13.3,76,cellular
587,p_004,s_00043,2026-09-16T12:19:39.259248-05:00,30.260807,-97.755682,20.6,76,cellular
588,p_004,s_00043,2026-09-16T12:20:02.473735-05:00,30.26092,-97.755763,7.2,76,wifi
589,p_004,s_00043,2026-09-16T12:20:25.688222-05:00,30.260854,-97.75577,12.3,76,cellular
590,p_004,s_00043,2026-09-16T12:20:48.902709-05:00,30.260852,-97.755682,19.0,76,wifi
591,p_004,s_00044,2026-09-16T13:09:51.056794-05:00,30.260844,-97.755734,38.9,73,cellular
592,p_004,s_00044,2026-09-16T13:10:07.857818-05:00,30.260958,-97.755734,36.6,73,cellular
593,p_004,s_00044,2026-09-16T13:10:24.658842-05:00,30.261039,-97.755729,26.7,73,cellular
594,p_004,s_00044,2026-09-16T13:10:41.459866-05:00,30.260974,-97.755795,29.0,73,cellular
595,p_004,s_00044,2026-09-16T13:10:58.260890-05:00,30.260844,-97.755763,23.8,73,cellular
596,p_004,s_00044,2026-09-16T13:11:15.061914-05:00,30.261089,-97.755864,17.6,73,cellular
597,p_004,s_00044,2026-09-16T13:11:31.862938-05:00,30.260856,-97.755613,31.1,73,cellular
598,p_004,s_00044,2026-09-16T13:11:48.663962-05:00,30.26105,-97.755777,21.1,73,cellular
599,p_004,s_00044,2026-09-16T13:12:05.464986-05:00,30.260932,-97.755796,35.1,73,cellular
600,p_004,s_00044,2026-09-16T13:12:22.266010-05:00,30.260976,-97.756025,26.6,73,cellular
601,p_004,s_00044,2026-09-16T13:12:39.067034-05:00,30.260859,-97.755705,27.8,73,cellular
602,p_004,s_00044,2026-09-16T13:12:55.868058-05:00,30.261041,-97.755686,30.8,73,cellular
603,p_004,s_00044,2026-09-16T13:13:12.669082-05:00,30.261066,-97.755692,37.7,73,cellular
604,p_004,s_00044,2026-09-16T13:13:29.470106-05:00,30.260832,-97.755707,27.9,73,cellular
605,p_004,s_00044,2026-09-16T13:13:46.271130-05:00,30.260921,-97.755623,27.4,73,cellular
606,p_004,s_00044,2026-09-16T13:14:03.072154-05:00,30.260793,-97.755546,34.4,73,cellular
607,p_004,s_00044,2026-09-16T13:14:19.873178-05:00,30.261113,-97.755892,29.7,73,cellular
608,p_004,s_00045,2026-09-16T14:11:48.175620-05:00,30.260916,-97.755807,32.9,69,cellular
609,p_004,s_00045,2026-09-16T14:12:12.765258-05:00,30.260909,-97.75579,25.5,69,cellular
610,p_004,s_00045,2026-09-16T14:12:37.354896-05:00,30.261113,-97.755515,26.4,69,cellular
611,p_004,s_00045,2026-09-16T14:13:01.944534-05:00,30.260947,-97.75567,22.3,69,cellular
612,p_004,s_00045,2026-09-16T14:13:26.534172-05:00,30.260932,-97.755921,27.2,69,cellular
613,p_004,s_00045,2026-09-16T14:13:51.123810-05:00,30.260978,-97.755657,15.2,69,cellular
614,p_004,s_00045,2026-09-16T14:14:15.713448-05:00,30.26116,-97.755591,27.5,69,cellular
615,p_004,s_00045,2026-09-16T14:14:40.303086-05:00,30.260897,-97.755669,27.9,69,cellular
616,p_004,s_00045,2026-09-16T14:15:04.892724-05:00,30.260946,-97.755507,28.4,69,cellular
617,p_004,s_00045,2026-09-16T14:15:29.482362-05:00,30.260987,-97.755398,26.3,69,cellular
618,p_004,s_00045,2026-09-16T14:15:54.072000-05:00,30.260951,-97.755728,21.5,69,cellular
619,p_004,s_00046,2026-09-17T09:13:59.225333-05:00,30.250684,-97.761109,29.9,87,cellular
620,p_004,s_00046,2026-09-17T09:14:16.658555-05:00,30.250726,-97.761548,21.5,87,cellular
621,p_004,s_00046,2026-09-17T09:14:34.091777-05:00,30.250716,-97.761514,31.4,87,cellular
622,p_004,s_00046,2026-09-17T09:14:51.524999-05:00,30.250612,-97.761588,18.5,87,cellular
623,p_004,s_00046,2026-09-17T09:15:08.958221-05:00,30.250727,-97.761406,26.8,87,cellular
624,p_004,s_00046,2026-09-17T09:15:26.391443-05:00,30.25069,-97.761494,29.1,87,cellular
625,p_004,s_00046,2026-09-17T09:15:43.824665-05:00,30.250734,-97.761438,33.0,87,cellular
626,p_004,s_00046,2026-09-17T09:16:01.257887-05:00,30.250693,-97.761252,19.2,87,cellular
627,p_004,s_00046,2026-09-17T09:16:18.691109-05:00,30.250574,-97.761446,34.6,87,cellular
628,p_004,s_00046,2026-09-17T09:16:36.124331-05:00,30.250798,-97.76136,27.6,87,cellular
629,p_004,s_00046,2026-09-17T09:16:53.557553-05:00,30.25092,-97.761479,25.0,87,cellular
630,p_004,s_00046,2026-09-17T09:17:10.990775-05:00,30.25061,-97.761536,36.3,87,cellular
631,p_004,s_00046,2026-09-17T09:17:28.423997-05:00,30.25052,-97.761568,34.3,87,cellular
632,p_004,s_00046,2026-09-17T09:17:45.857219-05:00,30.25066,-97.761381,20.0,87,cellular
633,p_004,s_00046,2026-09-17T09:18:03.290441-05:00,30.250566,-97.761028,30.3,87,cellular
634,p_004,s_00046,2026-09-17T09:18:20.723663-05:00,30.250774,-97.761344,23.2,87,cellular
635,p_004,s_00047,2026-09-17T12:12:15.674224-05:00,30.25395,-97.747255,40.3,76,cellular
636,p_004,s_00047,2026-09-17T12:12:33.397405-05:00,30.253927,-97.747113,34.4,76,cellular
637,p_004,s_00047,2026-09-17T12:12:51.120586-05:00,30.253948,-97.747026,31.9,76,cellular
638,p_004,s_00047,2026-09-17T12:13:08.843767-05:00,30.253871,-97.747097,24.1,76,cellular
639,p_004,s_00047,2026-09-17T12:13:26.566948-05:00,30.253776,-97.747354,27.7,76,cellular
640,p_004,s_00047,2026-09-17T12:13:44.290129-05:00,30.254088,-97.747125,31.9,76,cellular
641,p_004,s_00047,2026-09-17T12:14:02.013310-05:00,30.254042,-97.747391,32.3,76,cellular
642,p_004,s_00047,2026-09-17T12:14:19.736491-05:00,30.253923,-97.74713,32.7,76,cellular
643,p_004,s_00047,2026-09-17T12:14:37.459672-05:00,30.253887,-97.746927,29.2,76,cellular
644,p_004,s_00047,2026-09-17T12:14:55.182853-05:00,30.253756,-97.747142,28.7,76,cellular
645,p_004,s_00047,2026-09-17T12:15:12.906034-05:00,30.253769,-97.747164,10.9,76,cellular
646,p_004,s_00047,2026-09-17T12:15:30.629215-05:00,30.253879,-97.747029,35.0,76,cellular
647,p_004,s_00047,2026-09-17T12:15:48.352396-05:00,30.253905,-97.747141,18.0,76,cellular
648,p_004,s_00047,2026-09-17T12:16:06.075577-05:00,30.253831,-97.747125,11.2,76,cellular
649,p_004,s_00048,2026-09-17T13:06:57.214724-05:00,30.253694,-97.747272,29.2,73,cellular
650,p_004,s_00048,2026-09-17T13:07:16.478411-05:00,30.253682,-97.747144,24.6,73,cellular
651,p_004,s_00048,2026-09-17T13:07:35.742098-05:00,30.253965,-97.747299,21.2,73,cellular
652,p_004,s_00048,2026-09-17T13:07:55.005785-05:00,30.253841,-97.747258,27.5,73,cellular
653,p_004,s_00048,2026-09-17T13:08:14.269472-05:00,30.253801,-97.74718,17.3,73,cellular
654,p_004,s_00048,2026-09-17T13:08:33.533159-05:00,30.254156,-97.747019,26.7,73,cellular
655,p_004,s_00048,2026-09-17T13:08:52.796846-05:00,30.253877,-97.74731,41.2,73,cellular
656,p_004,s_00048,2026-09-17T13:09:12.060533-05:00,30.253866,-97.74703,21.7,73,cellular
657,p_004,s_00048,2026-09-17T13:09:31.324220-05:00,30.253881,-97.747097,30.1,73,cellular
658,p_004,s_00048,2026-09-17T13:09:50.587907-05:00,30.253904,-97.747013,15.6,73,cellular
659,p_004,s_00048,2026-09-17T13:10:09.851594-05:00,30.253886,-97.747144,27.2,73,cellular
660,p_004,s_00049,2026-09-17T16:27:26.554776-05:00,30.269233,-97.75644,37.0,61,cellular
661,p_004,s_00049,2026-09-17T16:27:44.590519-05:00,30.269133,-97.756534,25.9,61,cellular
662,p_004,s_00049,2026-09-17T16:28:02.626262-05:00,30.269382,-97.756459,33.8,61,cellular
663,p_004,s_00049,2026-09-17T16:28:20.662005-05:00,30.26942,-97.756338,33.4,61,cellular
664,p_004,s_00049,2026-09-17T16:28:38.697748-05:00,30.269412,-97.756365,35.8,61,cellular
665,p_004,s_00049,2026-09-17T16:28:56.733491-05:00,30.269054,-97.756501,23.3,61,cellular
666,p_004,s_00049,2026-09-17T16:29:14.769234-05:00,30.269206,-97.756401,21.6,61,cellular
667,p_004,s_00050,2026-09-17T17:04:47.405103-05:00,30.26909,-97.756516,41.5,59,cellular
668,p_004,s_00050,2026-09-17T17:05:03.954787-05:00,30.269333,-97.756593,22.8,59,cellular
669,p_004,s_00050,2026-09-17T17:05:20.504471-05:00,30.269344,-97.756507,39.8,59,cellular
670,p_004,s_00050,2026-09-17T17:05:37.054155-05:00,30.26947,-97.756433,26.3,59,cellular
671,p_004,s_00050,2026-09-17T17:05:53.603839-05:00,30.269189,-97.756464,21.8,59,cellular
672,p_004,s_00050,2026-09-17T17:06:10.153523-05:00,30.269199,-97.756485,21.7,59,cellular
673,p_004,s_00050,2026-09-17T17:06:26.703207-05:00,30.269218,-97.756601,23.7,59,cellular
674,p_004,s_00050,2026-09-17T17:06:43.252891-05:00,30.269419,-97.756457,27.0,59,cellular
675,p_004,s_00050,2026-09-17T17:06:59.802575-05:00,30.269272,-97.756544,14.1,59,cellular
676,p_004,s_00050,2026-09-17T17:07:16.352259-05:00,30.269217,-97.756315,18.6,59,cellular
677,p_004,s_00050,2026-09-17T17:07:32.901943-05:00,30.269243,-97.756535,22.7,59,cellular
678,p_004,s_00050,2026-09-17T17:07:49.451627-05:00,30.269303,-97.756455,15.7,59,cellular
679,p_004,s_00050,2026-09-17T17:08:06.001311-05:00,30.269253,-97.756322,35.3,59,cellular
680,p_004,s_00050,2026-09-17T17:08:22.550995-05:00,30.269329,-97.756427,19.2,58,cellular
681,p_004,s_00050,2026-09-17T17:08:39.100679-05:00,30.269221,-97.756397,23.4,58,cellular
682,p_004,s_00050,2026-09-17T17:08:55.650363-05:00,30.269114,-97.756348,23.8,58,cellular
683,p_004,s_00050,2026-09-17T17:09:12.200047-05:00,30.269138,-97.75633,37.7,58,cellular
684,p_004,s_00050,2026-09-17T17:09:28.749731-05:00,30.269285,-97.756643,25.3,58,cellular
685,p_004,s_00050,2026-09-17T17:09:45.299415-05:00,30.269121,-97.756402,24.8,58,cellular
686,p_004,s_00050,2026-09-17T17:10:01.849099-05:00,30.269289,-97.75667,28.7,58,cellular
687,p_004,s_00051,2026-09-18T08:17:18.531072-05:00,30.250757,-97.761449,21.3,90,cellular
688,p_004,s_00051,2026-09-18T08:17:40.355159-05:00,30.25067,-97.761649,37.4,90,cellular
689,p_004,s_00051,2026-09-18T08:18:02.179246-05:00,30.250528,-97.761302,29.3,90,cellular
690,p_004,s_00051,2026-09-18T08:18:24.003333-05:00,30.250538,-97.761447,27.9,90,cellular
691,p_004,s_00051,2026-09-18T08:18:45.827420-05:00,30.250684,-97.761541,18.6,90,cellular
692,p_004,s_00051,2026-09-18T08:19:07.651507-05:00,30.2508,-97.761436,30.0,90,cellular
693,p_004,s_00051,2026-09-18T08:19:29.475594-05:00,30.250715,-97.761438,4.3,90,cellular
694,p_004,s_00051,2026-09-18T08:19:51.299681-05:00,30.250822,-97.761422,27.8,90,cellular
695,p_004,s_00051,2026-09-18T08:20:13.123768-05:00,30.250554,-97.761304,38.6,90,cellular
696,p_004,s_00051,2026-09-18T08:20:34.947855-05:00,30.250624,-97.761329,34.3,90,cellular
697,p_004,s_00051,2026-09-18T08:20:56.771942-05:00,30.250662,-97.761338,26.5,90,cellular
698,p_004,s_00051,2026-09-18T08:21:18.596029-05:00,30.250705,-97.761386,25.7,90,cellular
699,p_004,s_00051,2026-09-18T08:21:40.420116-05:00,30.250812,-97.761477,24.2,90,cellular
700,p_004,s_00051,2026-09-18T08:22:02.244203-05:00,30.250877,-97.761343,27.7,90,cellular
701,p_004,s_00051,2026-09-18T08:22:24.068290-05:00,30.250689,-97.761503,28.8,90,cellular
702,p_004,s_00051,2026-09-18T08:22:45.892377-05:00,30.250667,-97.761499,25.5,90,cellular
703,p_004,s_00052,2026-09-18T12:11:34.972829-05:00,30.253903,-97.747092,22.4,76,cellular
704,p_004,s_00052,2026-09-18T12:11:53.211465-05:00,30.253886,-97.747128,26.8,76,cellular
705,p_004,s_00052,2026-09-18T12:12:11.450101-05:00,30.253729,-97.747166,41.7,76,cellular
706,p_004,s_00052,2026-09-18T12:12:29.688737-05:00,30.25392,-97.747146,23.2,76,cellular
707,p_004,s_00052,2026-09-18T12:12:47.927373-05:00,30.253854,-97.747049,23.6,76,cellular
708,p_004,s_00053,2026-09-18T20:39:08.133348-05:00,30.250626,-97.761486,7.3,46,wifi
709,p_004,s_00053,2026-09-18T20:39:30.890462-05:00,30.250663,-97.761279,21.0,46,wifi
710,p_004,s_00053,2026-09-18T20:39:53.647576-05:00,30.250681,-97.761422,6.8,46,wifi
711,p_004,s_00053,2026-09-18T20:40:16.404690-05:00,30.25063,-97.761368,8.5,46,cellular
712,p_004,s_00053,2026-09-18T20:40:39.161804-05:00,30.250658,-97.761413,14.1,46,wifi
713,p_004,s_00053,2026-09-18T20:41:01.918918-05:00,30.250686,-97.761284,9.8,46,wifi
714,p_004,s_00053,2026-09-18T20:41:24.676032-05:00,30.250748,-97.761262,13.0,46,wifi
715,p_004,s_00053,2026-09-18T20:41:47.433146-05:00,30.250674,-97.761359,5.0,46,wifi
716,p_004,s_00053,2026-09-18T20:42:10.190260-05:00,30.250596,-97.761454,4.2,46,wifi
717,p_004,s_00053,2026-09-18T20:42:32.947374-05:00,30.250686,-97.76148,5.5,46,wifi
718,p_004,s_00053,2026-09-18T20:42:55.704488-05:00,30.250708,-97.76152,9.6,46,wifi
719,p_004,s_00053,2026-09-18T20:43:18.461602-05:00,30.25087,-97.761562,24.3,46,wifi
720,p_004,s_00053,2026-09-18T20:43:41.218716-05:00,30.250599,-97.761417,11.3,46,wifi
721,p_004,s_00053,2026-09-18T20:44:03.975830-05:00,30.250692,-97.761471,14.7,46,wifi
722,p_004,s_00053,2026-09-18T20:44:26.732944-05:00,30.250726,-97.761394,6.0,46,wifi
723,p_004,s_00053,2026-09-18T20:44:49.490058-05:00,30.25067,-97.761448,13.9,46,wifi
724,p_004,s_00053,2026-09-18T20:45:12.247172-05:00,30.250801,-97.761485,17.0,45,wifi
725,p_004,s_00053,2026-09-18T20:45:35.004286-05:00,30.250696,-97.761491,8.7,45,cellular
726,p_005,s_00054,2026-09-14T09:34:18.180994-05:00,30.252288,-97.723609,17.5,85,wifi
727,p_005,s_00054,2026-09-14T09:34:41.481373-05:00,30.25228,-97.723642,14.5,85,wifi
728,p_005,s_00054,2026-09-14T09:35:04.781752-05:00,30.252179,-97.723621,27.5,85,wifi
729,p_005,s_00054,2026-09-14T09:35:28.082131-05:00,30.252246,-97.723684,26.6,85,wifi
730,p_005,s_00055,2026-09-14T12:30:50.654924-05:00,30.26568,-97.728292,31.3,74,cellular
731,p_005,s_00055,2026-09-14T12:31:12.856145-05:00,30.265597,-97.728373,11.8,74,cellular
732,p_005,s_00055,2026-09-14T12:31:35.057366-05:00,30.265732,-97.728266,25.0,74,wifi
733,p_005,s_00055,2026-09-14T12:31:57.258587-05:00,30.265585,-97.728342,4.0,74,cellular
734,p_005,s_00055,2026-09-14T12:32:19.459808-05:00,30.265694,-97.72826,14.8,74,wifi
735,p_005,s_00055,2026-09-14T12:32:41.661029-05:00,30.26573,-97.728367,26.8,74,wifi
736,p_005,s_00055,2026-09-14T12:33:03.862250-05:00,30.265515,-97.728446,29.9,74,wifi
737,p_005,s_00055,2026-09-14T12:33:26.063471-05:00,30.265523,-97.728264,12.4,74,cellular
738,p_005,s_00055,2026-09-14T12:33:48.264692-05:00,30.265694,-97.728365,10.3,74,wifi
739,p_005,s_00055,2026-09-14T12:34:10.465913-05:00,30.265635,-97.728201,21.1,74,cellular
740,p_005,s_00055,2026-09-14T12:34:32.667134-05:00,30.265669,-97.728303,15.1,74,cellular
741,p_005,s_00055,2026-09-14T12:34:54.868355-05:00,30.26567,-97.728349,19.6,74,cellular
742,p_005,s_00055,2026-09-14T12:35:17.069576-05:00,30.26571,-97.728291,17.0,74,wifi
743,p_005,s_00055,2026-09-14T12:35:39.270797-05:00,30.265606,-97.728483,25.4,74,cellular
744,p_005,s_00055,2026-09-14T12:36:01.472018-05:00,30.265715,-97.728124,10.0,74,wifi
745,p_005,s_00056,2026-09-14T13:10:38.290289-05:00,30.265667,-97.728252,32.6,72,cellular
746,p_005,s_00056,2026-09-14T13:11:01.391342-05:00,30.265512,-97.728153,22.2,72,cellular
747,p_005,s_00056,2026-09-14T13:11:24.492395-05:00,30.26531,-97.728367,31.6,72,cellular
748,p_005,s_00056,2026-09-14T13:11:47.593448-05:00,30.265633,-97.728329,24.8,72,cellular
749,p_005,s_00056,2026-09-14T13:12:10.694501-05:00,30.265635,-97.72845,27.4,72,cellular
750,p_005,s_00056,2026-09-14T13:12:33.795554-05:00,30.26566,-97.728276,31.1,72,cellular
751,p_005,s_00056,2026-09-14T13:12:56.896607-05:00,30.265552,-97.728329,23.0,72,cellular
752,p_005,s_00056,2026-09-14T13:13:19.997660-05:00,30.265426,-97.728266,18.7,72,cellular
753,p_005,s_00056,2026-09-14T13:13:43.098713-05:00,30.265463,-97.727954,31.9,72,cellular
754,p_005,s_00056,2026-09-14T13:14:06.199766-05:00,30.265819,-97.728275,27.1,72,cellular
755,p_005,s_00057,2026-09-14T19:44:43.519900-05:00,30.274865,-97.742352,28.1,48,cellular
756,p_005,s_00057,2026-09-14T19:45:05.828496-05:00,30.274946,-97.742178,26.9,48,cellular
757,p_005,s_00057,2026-09-14T19:45:28.137092-05:00,30.275158,-97.742267,31.6,48,cellular
758,p_005,s_00057,2026-09-14T19:45:50.445688-05:00,30.274852,-97.742292,25.3,48,cellular
759,p_005,s_00057,2026-09-14T19:46:12.754284-05:00,30.275202,-97.742461,33.0,48,cellular
760,p_005,s_00057,2026-09-14T19:46:35.062880-05:00,30.274901,-97.74217,13.2,48,cellular
761,p_005,s_00058,2026-09-14T21:46:42.459011-05:00,30.274959,-97.7422,19.7,41,cellular
762,p_005,s_00058,2026-09-14T21:47:00.898190-05:00,30.274901,-97.74218,29.5,41,cellular
763,p_005,s_00058,2026-09-14T21:47:19.337369-05:00,30.274971,-97.742189,23.5,41,cellular
764,p_005,s_00058,2026-09-14T21:47:37.776548-05:00,30.274986,-97.742345,13.5,41,cellular
765,p_005,s_00058,2026-09-14T21:47:56.215727-05:00,30.274882,-97.742067,20.6,41,cellular
766,p_005,s_00058,2026-09-14T21:48:14.654906-05:00,30.274876,-97.742369,23.2,41,cellular
767,p_005,s_00058,2026-09-14T21:48:33.094085-05:00,30.274944,-97.742158,30.8,41,cellular
768,p_005,s_00058,2026-09-14T21:48:51.533264-05:00,30.274973,-97.742081,28.7,41,cellular
769,p_005,s_00058,2026-09-14T21:49:09.972443-05:00,30.274995,-97.742207,24.4,41,cellular
770,p_005,s_00058,2026-09-14T21:49:28.411622-05:00,30.274974,-97.742317,20.6,41,cellular
771,p_005,s_00058,2026-09-14T21:49:46.850801-05:00,30.27493,-97.742175,4.7,41,cellular
772,p_005,s_00058,2026-09-14T21:50:05.289980-05:00,30.275113,-97.742286,36.8,41,cellular
773,p_005,s_00058,2026-09-14T21:50:23.729159-05:00,30.274869,-97.74208,35.7,41,cellular
774,p_005,s_00058,2026-09-14T21:50:42.168338-05:00,30.274947,-97.742328,24.4,41,cellular
775,p_005,s_00058,2026-09-14T21:51:00.607517-05:00,30.274926,-97.742186,45.5,41,cellular
776,p_005,s_00058,2026-09-14T21:51:19.046696-05:00,30.274983,-97.742289,26.5,41,cellular
777,p_005,s_00059,2026-09-15T12:25:47.341676-05:00,30.259397,-97.733982,9.8,75,cellular
778,p_005,s_00059,2026-09-15T12:26:06.727267-05:00,30.259402,-97.733868,18.3,75,cellular
779,p_005,s_00059,2026-09-15T12:26:26.112858-05:00,30.259395,-97.733792,17.2,75,cellular
780,p_005,s_00059,2026-09-15T12:26:45.498449-05:00,30.259314,-97.733732,10.7,75,cellular
781,p_005,s_00059,2026-09-15T12:27:04.884040-05:00,30.259257,-97.733837,22.5,75,wifi
782,p_005,s_00059,2026-09-15T12:27:24.269631-05:00,30.259279,-97.733802,8.8,75,cellular
783,p_005,s_00059,2026-09-15T12:27:43.655222-05:00,30.25934,-97.733856,5.6,75,cellular
784,p_005,s_00059,2026-09-15T12:28:03.040813-05:00,30.259358,-97.733839,21.7,75,cellular
785,p_005,s_00059,2026-09-15T12:28:22.426404-05:00,30.259486,-97.733958,18.9,75,wifi
786,p_005,s_00059,2026-09-15T12:28:41.811995-05:00,30.259288,-97.733854,5.5,75,cellular
787,p_005,s_00059,2026-09-15T12:29:01.197586-05:00,30.259294,-97.733949,11.3,75,cellular
788,p_005,s_00059,2026-09-15T12:29:20.583177-05:00,30.259253,-97.7339,29.9,75,wifi
789,p_005,s_00059,2026-09-15T12:29:39.968768-05:00,30.259295,-97.733843,10.1,74,cellular
790,p_005,s_00059,2026-09-15T12:29:59.354359-05:00,30.259316,-97.733795,10.9,74,wifi
791,p_005,s_00059,2026-09-15T12:30:18.739950-05:00,30.259393,-97.733783,16.0,74,cellular
792,p_005,s_00059,2026-09-15T12:30:38.125541-05:00,30.259475,-97.73384,24.4,74,wifi
793,p_005,s_00059,2026-09-15T12:30:57.511132-05:00,30.259541,-97.733847,13.7,74,wifi
794,p_005,s_00059,2026-09-15T12:31:16.896723-05:00,30.259265,-97.733809,22.7,74,wifi
795,p_005,s_00059,2026-09-15T12:31:36.282314-05:00,30.259321,-97.733811,10.0,74,cellular
796,p_005,s_00060,2026-09-15T16:07:07.745450-05:00,30.275986,-97.731381,25.0,61,wifi
797,p_005,s_00060,2026-09-15T16:07:31.926880-05:00,30.275901,-97.73167,8.3,61,wifi
798,p_005,s_00060,2026-09-15T16:07:56.108310-05:00,30.275922,-97.731678,15.1,61,cellular
799,p_005,s_00060,2026-09-15T16:08:20.289740-05:00,30.275956,-97.731731,18.3,61,wifi
800,p_005,s_00060,2026-09-15T16:08:44.471170-05:00,30.276048,-97.731637,16.9,61,wifi
801,p_005,s_00061,2026-09-15T18:47:34.362418-05:00,30.275107,-97.730937,16.3,52,cellular
802,p_005,s_00061,2026-09-15T18:47:51.472525-05:00,30.27506,-97.73096,21.6,52,cellular
803,p_005,s_00061,2026-09-15T18:48:08.582632-05:00,30.275059,-97.730926,22.0,52,cellular
804,p_005,s_00061,2026-09-15T18:48:25.692739-05:00,30.275113,-97.731036,29.4,52,cellular
805,p_005,s_00061,2026-09-15T18:48:42.802846-05:00,30.275193,-97.731151,15.6,52,cellular
806,p_005,s_00061,2026-09-15T18:48:59.912953-05:00,30.275155,-97.731061,37.3,52,cellular
807,p_005,s_00061,2026-09-15T18:49:17.023060-05:00,30.275226,-97.731111,28.7,52,cellular
808,p_005,s_00061,2026-09-15T18:49:34.133167-05:00,30.275263,-97.730549,42.4,52,cellular
809,p_005,s_00061,2026-09-15T18:49:51.243274-05:00,30.275102,-97.731093,27.6,52,cellular
810,p_005,s_00061,2026-09-15T18:50:08.353381-05:00,30.275099,-97.730917,18.0,52,cellular
811,p_005,s_00061,2026-09-15T18:50:25.463488-05:00,30.275149,-97.730904,29.1,52,cellular
812,p_005,s_00061,2026-09-15T18:50:42.573595-05:00,30.27523,-97.731017,28.7,52,cellular
813,p_005,s_00061,2026-09-15T18:50:59.683702-05:00,30.275285,-97.731035,21.6,52,cellular
814,p_005,s_00061,2026-09-15T18:51:16.793809-05:00,30.275089,-97.73106,17.4,52,cellular
815,p_005,s_00061,2026-09-15T18:51:33.903916-05:00,30.275339,-97.731107,26.3,52,cellular
816,p_005,s_00061,2026-09-15T18:51:51.014023-05:00,30.275464,-97.730989,34.3,52,cellular
817,p_005,s_00062,2026-09-16T08:09:19.913117-05:00,30.264061,-97.743565,28.9,90,cellular
818,p_005,s_00062,2026-09-16T08:09:41.556142-05:00,30.264041,-97.74357,28.7,90,cellular
819,p_005,s_00062,2026-09-16T08:10:03.199167-05:00,30.264101,-97.743545,31.5,90,cellular
820,p_005,s_00062,2026-09-16T08:10:24.842192-05:00,30.264282,-97.743929,31.4,90,cellular
821,p_005,s_00062,2026-09-16T08:10:46.485217-05:00,30.264313,-97.743715,31.8,90,cellular
822,p_005,s_00062,2026-09-16T08:11:08.128242-05:00,30.264211,-97.743387,21.8,90,cellular
823,p_005,s_00062,2026-09-16T08:11:29.771267-05:00,30.264061,-97.743804,28.8,90,cellular
824,p_005,s_00062,2026-09-16T08:11:51.414292-05:00,30.264158,-97.743335,30.7,90,cellular
825,p_005,s_00062,2026-09-16T08:12:13.057317-05:00,30.264067,-97.743678,29.9,90,cellular
826,p_005,s_00062,2026-09-16T08:12:34.700342-05:00,30.263578,-97.743506,42.7,90,cellular
827,p_005,s_00062,2026-09-16T08:12:56.343367-05:00,30.264135,-97.743463,28.3,90,cellular
828,p_005,s_00063,2026-09-16T09:04:39.170843-05:00,30.263916,-97.743382,22.6,87,cellular
829,p_005,s_00063,2026-09-16T09:04:55.673064-05:00,30.264168,-97.743542,20.6,87,cellular
830,p_005,s_00063,2026-09-16T09:05:12.175285-05:00,30.264172,-97.74347,23.5,87,cellular
831,p_005,s_00063,2026-09-16T09:05:28.677506-05:00,30.264204,-97.743532,32.8,87,cellular
832,p_005,s_00063,2026-09-16T09:05:45.179727-05:00,30.264192,-97.743677,32.9,87,cellular
833,p_005,s_00063,2026-09-16T09:06:01.681948-05:00,30.264065,-97.743642,31.3,87,cellular
834,p_005,s_00063,2026-09-16T09:06:18.184169-05:00,30.264119,-97.743543,11.5,87,cellular
835,p_005,s_00063,2026-09-16T09:06:34.686390-05:00,30.264042,-97.743492,26.0,87,cellular
836,p_005,s_00064,2026-09-16T10:49:51.531509-05:00,30.261748,-97.722942,14.8,80,wifi
837,p_005,s_00064,2026-09-16T10:50:09.857597-05:00,30.261733,-97.722655,27.9,80,cellular
838,p_005,s_00064,2026-09-16T10:50:28.183685-05:00,30.261725,-97.722803,4.4,80,cellular
839,p_005,s_00064,2026-09-16T10:50:46.509773-05:00,30.261821,-97.723027,19.3,80,wifi
840,p_005,s_00064,2026-09-16T10:51:04.835861-05:00,30.261563,-97.722775,26.0,80,wifi
841,p_005,s_00064,2026-09-16T10:51:23.161949-05:00,30.261634,-97.722889,13.3,80,wifi
842,p_005,s_00064,2026-09-16T10:51:41.488037-05:00,30.261769,-97.722905,7.6,80,wifi
843,p_005,s_00064,2026-09-16T10:51:59.814125-05:00,30.261782,-97.722896,16.2,80,wifi
844,p_005,s_00064,2026-09-16T10:52:18.140213-05:00,30.261884,-97.722756,14.5,80,wifi
845,p_005,s_00064,2026-09-16T10:52:36.466301-05:00,30.26177,-97.722828,19.2,80,wifi
846,p_005,s_00064,2026-09-16T10:52:54.792389-05:00,30.26176,-97.722927,8.1,80,wifi
847,p_005,s_00064,2026-09-16T10:53:13.118477-05:00,30.261808,-97.722782,20.9,80,wifi
848,p_005,s_00064,2026-09-16T10:53:31.444565-05:00,30.26173,-97.722793,18.4,80,wifi
849,p_005,s_00064,2026-09-16T10:53:49.770653-05:00,30.261747,-97.722736,18.3,80,wifi
850,p_005,s_00064,2026-09-16T10:54:08.096741-05:00,30.261799,-97.722866,6.4,80,cellular
851,p_005,s_00064,2026-09-16T10:54:26.422829-05:00,30.261706,-97.722691,14.5,80,cellular
852,p_005,s_00064,2026-09-16T10:54:44.748917-05:00,30.261753,-97.722935,12.4,80,wifi
853,p_005,s_00064,2026-09-16T10:55:03.075005-05:00,30.261852,-97.722789,11.4,80,wifi
854,p_005,s_00065,2026-09-16T22:52:24.421889-05:00,30.264057,-97.743583,20.4,37,wifi
855,p_005,s_00065,2026-09-16T22:52:40.816512-05:00,30.264008,-97.743467,16.1,37,wifi
856,p_005,s_00065,2026-09-16T22:52:57.211135-05:00,30.264012,-97.74352,9.8,37,wifi
857,p_005,s_00065,2026-09-16T22:53:13.605758-05:00,30.264037,-97.743479,19.2,37,cellular
858,p_005,s_00065,2026-09-16T22:53:30.000381-05:00,30.264065,-97.743566,6.4,37,wifi
859,p_005,s_00065,2026-09-16T22:53:46.395004-05:00,30.26402,-97.743617,7.3,37,wifi
860,p_005,s_00065,2026-09-16T22:54:02.789627-05:00,30.264159,-97.743612,22.6,37,wifi
861,p_005,s_00065,2026-09-16T22:54:19.184250-05:00,30.264153,-97.743531,13.1,37,wifi
862,p_005,s_00065,2026-09-16T22:54:35.578873-05:00,30.263992,-97.743678,30.9,37,wifi
863,p_005,s_00066,2026-09-17T12:57:19.127954-05:00,30.259393,-97.733713,11.9,73,cellular
864,p_005,s_00066,2026-09-17T12:57:37.278078-05:00,30.259551,-97.733759,28.0,73,wifi
865,p_005,s_00066,2026-09-17T12:57:55.428202-05:00,30.259474,-97.734006,14.9,73,cellular
866,p_005,s_00066,2026-09-17T12:58:13.578326-05:00,30.259336,-97.73371,11.3,73,cellular
867,p_005,s_00066,2026-09-17T12:58:31.728450-05:00,30.259433,-97.733852,13.0,73,cellular
868,p_005,s_00066,2026-09-17T12:58:49.878574-05:00,30.259335,-97.733855,5.4,73,wifi
869,p_005,s_00066,2026-09-17T12:59:08.028698-05:00,30.259274,-97.733879,6.4,73,cellular
870,p_005,s_00066,2026-09-17T12:59:26.178822-05:00,30.259245,-97.733858,14.5,73,cellular
871,p_005,s_00066,2026-09-17T12:59:44.328946-05:00,30.259351,-97.733794,12.0,73,cellular
872,p_005,s_00066,2026-09-17T13:00:02.479070-05:00,30.259155,-97.733867,25.9,73,cellular
873,p_005,s_00066,2026-09-17T13:00:20.629194-05:00,30.259369,-97.73393,8.8,73,cellular
874,p_005,s_00066,2026-09-17T13:00:38.779318-05:00,30.259168,-97.733857,13.3,73,cellular
875,p_005,s_00066,2026-09-17T13:00:56.929442-05:00,30.259515,-97.734017,24.6,73,wifi
876,p_005,s_00066,2026-09-17T13:01:15.079566-05:00,30.259462,-97.733843,12.3,73,cellular
877,p_005,s_00066,2026-09-17T13:01:33.229690-05:00,30.259281,-97.733827,12.6,73,wifi
878,p_005,s_00066,2026-09-17T13:01:51.379814-05:00,30.259295,-97.733968,7.2,73,cellular
879,p_005,s_00067,2026-09-17T16:09:15.291232-05:00,30.276804,-97.74203,13.3,61,wifi
880,p_005,s_00067,2026-09-17T16:09:32.864032-05:00,30.276739,-97.742153,5.6,61,wifi
881,p_005,s_00067,2026-09-17T16:09:50.436832-05:00,30.276772,-97.742122,5.7,61,wifi
882,p_005,s_00067,2026-09-17T16:10:08.009632-05:00,30.276653,-97.742113,11.0,61,wifi
883,p_005,s_00067,2026-09-17T16:10:25.582432-05:00,30.276859,-97.742028,22.5,61,cellular
884,p_005,s_00067,2026-09-17T16:10:43.155232-05:00,30.276761,-97.741923,16.5,61,wifi
885,p_005,s_00067,2026-09-17T16:11:00.728032-05:00,30.276819,-97.742037,18.7,61,cellular
886,p_005,s_00067,2026-09-17T16:11:18.300832-05:00,30.276838,-97.742068,7.3,61,wifi
887,p_005,s_00067,2026-09-17T16:11:35.873632-05:00,30.276925,-97.742173,17.1,61,wifi
888,p_005,s_00067,2026-09-17T16:11:53.446432-05:00,30.276828,-97.742138,12.7,61,wifi
889,p_005,s_00067,2026-09-17T16:12:11.019232-05:00,30.276725,-97.742071,15.3,61,wifi
890,p_005,s_00068,2026-09-17T17:26:13.471077-05:00,30.283756,-97.749179,17.1,57,wifi
891,p_005,s_00068,2026-09-17T17:26:33.163805-05:00,30.283841,-97.749103,6.6,57,cellular
892,p_005,s_00068,2026-09-17T17:26:52.856533-05:00,30.283911,-97.748999,21.6,57,wifi
893,p_005,s_00068,2026-09-17T17:27:12.549261-05:00,30.283935,-97.749038,21.4,57,wifi
894,p_005,s_00068,2026-09-17T17:27:32.241989-05:00,30.283818,-97.749069,21.9,57,wifi
895,p_005,s_00068,2026-09-17T17:27:51.934717-05:00,30.283698,-97.749111,25.8,57,wifi
896,p_005,s_00068,2026-09-17T17:28:11.627445-05:00,30.283765,-97.749096,4.6,57,wifi
897,p_005,s_00068,2026-09-17T17:28:31.320173-05:00,30.283762,-97.749159,29.8,57,wifi
898,p_005,s_00068,2026-09-17T17:28:51.012901-05:00,30.283807,-97.749127,17.5,57,wifi
899,p_005,s_00068,2026-09-17T17:29:10.705629-05:00,30.28383,-97.74916,10.9,57,wifi
900,p_005,s_00068,2026-09-17T17:29:30.398357-05:00,30.28372,-97.749121,25.4,56,wifi
901,p_005,s_00068,2026-09-17T17:29:50.091085-05:00,30.283921,-97.749248,12.6,56,wifi
902,p_005,s_00068,2026-09-17T17:30:09.783813-05:00,30.283906,-97.749157,11.3,56,wifi
903,p_005,s_00068,2026-09-17T17:30:29.476541-05:00,30.28381,-97.749186,11.0,56,cellular
904,p_005,s_00068,2026-09-17T17:30:49.169269-05:00,30.283805,-97.749117,11.1,56,wifi
905,p_005,s_00068,2026-09-17T17:31:08.861997-05:00,30.283651,-97.749266,21.5,56,wifi
906,p_005,s_00068,2026-09-17T17:31:28.554725-05:00,30.283667,-97.749258,19.4,56,wifi
907,p_005,s_00069,2026-09-17T21:48:16.305015-05:00,30.277264,-97.738288,32.5,41,cellular
908,p_005,s_00069,2026-09-17T21:48:40.139313-05:00,30.276309,-97.739026,26.3,41,cellular
909,p_005,s_00069,2026-09-17T21:49:03.973611-05:00,30.274828,-97.739552,18.3,41,cellular
910,p_005,s_00069,2026-09-17T21:49:27.807909-05:00,30.275144,-97.739693,27.7,41,cellular
911,p_005,s_00069,2026-09-17T21:49:51.642207-05:00,30.273581,-97.740163,26.2,41,cellular
912,p_005,s_00069,2026-09-17T21:50:15.476505-05:00,30.272518,-97.741004,20.4,41,cellular
913,p_005,s_00069,2026-09-17T21:50:39.310803-05:00,30.271491,-97.741351,27.5,41,cellular
914,p_005,s_00069,2026-09-17T21:51:03.145101-05:00,30.270125,-97.74167,30.8,41,cellular
915,p_005,s_00069,2026-09-17T21:51:26.979399-05:00,30.270081,-97.741589,29.8,41,cellular
916,p_005,s_00070,2026-09-18T07:59:48.287357-05:00,30.264247,-97.743645,18.7,91,cellular
917,p_005,s_00070,2026-09-18T08:00:10.041480-05:00,30.264027,-97.743594,25.2,91,cellular
918,p_005,s_00070,2026-09-18T08:00:31.795603-05:00,30.264382,-97.743469,29.6,91,cellular
919,p_005,s_00070,2026-09-18T08:00:53.549726-05:00,30.264012,-97.743578,23.6,91,cellular
920,p_005,s_00070,2026-09-18T08:01:15.303849-05:00,30.264258,-97.743695,29.6,91,cellular
921,p_005,s_00070,2026-09-18T08:01:37.057972-05:00,30.263952,-97.743461,25.9,91,cellular
922,p_005,s_00070,2026-09-18T08:01:58.812095-05:00,30.263994,-97.743637,23.0,91,cellular
923,p_005,s_00070,2026-09-18T08:02:20.566218-05:00,30.263948,-97.743625,25.6,91,cellular
924,p_005,s_00070,2026-09-18T08:02:42.320341-05:00,30.264083,-97.743414,30.7,91,cellular
925,p_005,s_00070,2026-09-18T08:03:04.074464-05:00,30.26419,-97.743693,36.1,90,cellular
926,p_005,s_00070,2026-09-18T08:03:25.828587-05:00,30.264214,-97.743567,17.3,90,cellular
927,p_005,s_00070,2026-09-18T08:03:47.582710-05:00,30.26415,-97.743675,27.4,90,cellular
928,p_005,s_00070,2026-09-18T08:04:09.336833-05:00,30.264093,-97.743525,26.6,90,cellular
929,p_005,s_00070,2026-09-18T08:04:31.090956-05:00,30.264021,-97.743357,30.2,90,cellular
930,p_005,s_00070,2026-09-18T08:04:52.845079-05:00,30.264058,-97.74358,28.6,90,cellular
931,p_005,s_00071,2026-09-18T12:11:17.222019-05:00,30.252265,-97.723636,21.1,76,cellular
932,p_005,s_00071,2026-09-18T12:11:34.966231-05:00,30.252486,-97.723443,40.6,76,cellular
933,p_005,s_00071,2026-09-18T12:11:52.710443-05:00,30.252272,-97.723595,28.6,76,cellular
934,p_005,s_00071,2026-09-18T12:12:10.454655-05:00,30.252197,-97.723742,27.7,76,cellular
935,p_005,s_00071,2026-09-18T12:12:28.198867-05:00,30.252368,-97.723681,32.9,76,cellular
936,p_005,s_00071,2026-09-18T12:12:45.943079-05:00,30.25223,-97.723611,36.1,76,cellular
937,p_005,s_00071,2026-09-18T12:13:03.687291-05:00,30.252087,-97.723861,27.2,75,cellular
938,p_005,s_00071,2026-09-18T12:13:21.431503-05:00,30.252402,-97.723715,31.5,75,cellular
939,p_005,s_00071,2026-09-18T12:13:39.175715-05:00,30.252164,-97.723795,40.2,75,cellular
940,p_005,s_00071,2026-09-18T12:13:56.919927-05:00,30.252398,-97.723752,34.4,75,cellular
941,p_005,s_00071,2026-09-18T12:14:14.664139-05:00,30.252419,-97.723359,37.3,75,cellular
942,p_005,s_00071,2026-09-18T12:14:32.408351-05:00,30.252321,-97.723671,31.1,75,cellular
943,p_005,s_00071,2026-09-18T12:14:50.152563-05:00,30.252224,-97.723592,29.0,75,cellular
944,p_005,s_00071,2026-09-18T12:15:07.896775-05:00,30.252153,-97.723705,30.8,75,cellular
945,p_005,s_00071,2026-09-18T12:15:25.640987-05:00,30.252341,-97.723775,18.5,75,cellular
946,p_005,s_00072,2026-09-18T16:10:45.750320-05:00,30.275876,-97.731607,14.4,61,wifi
947,p_005,s_00072,2026-09-18T16:11:02.721959-05:00,30.275825,-97.731883,25.8,61,wifi
948,p_005,s_00072,2026-09-18T16:11:19.693598-05:00,30.276038,-97.731666,10.5,61,wifi
949,p_005,s_00072,2026-09-18T16:11:36.665237-05:00,30.27593,-97.731602,15.0,61,cellular
950,p_005,s_00072,2026-09-18T16:11:53.636876-05:00,30.275909,-97.731678,4.8,61,wifi
951,p_005,s_00072,2026-09-18T16:12:10.608515-05:00,30.275703,-97.731727,21.1,61,wifi
952,p_005,s_00072,2026-09-18T16:12:27.580154-05:00,30.275882,-97.731671,10.7,61,cellular
953,p_005,s_00073,2026-09-18T20:16:26.367451-05:00,30.273156,-97.729334,5.3,46,wifi
954,p_005,s_00073,2026-09-18T20:16:51.289884-05:00,30.27312,-97.729205,9.9,46,cellular
955,p_005,s_00073,2026-09-18T20:17:16.212317-05:00,30.273127,-97.729209,5.1,46,cellular
956,p_005,s_00073,2026-09-18T20:17:41.134750-05:00,30.272909,-97.729223,18.8,46,cellular
957,p_005,s_00073,2026-09-18T20:18:06.057183-05:00,30.273135,-97.729161,23.8,46,wifi
958,p_005,s_00073,2026-09-18T20:18:30.979616-05:00,30.273144,-97.729162,11.5,46,wifi
959,p_005,s_00073,2026-09-18T20:18:55.902049-05:00,30.27312,-97.729139,5.4,46,cellular
960,p_005,s_00073,2026-09-18T20:19:20.824482-05:00,30.273112,-97.72923,18.7,46,cellular
961,p_005,s_00073,2026-09-18T20:19:45.746915-05:00,30.273025,-97.729358,17.2,46,cellular
962,p_005,s_00073,2026-09-18T20:20:10.669348-05:00,30.273233,-97.729224,9.9,46,cellular
963,p_005,s_00073,2026-09-18T20:20:35.591781-05:00,30.273108,-97.729228,18.2,46,wifi
964,p_005,s_00073,2026-09-18T20:21:00.514214-05:00,30.272964,-97.72936,22.2,46,cellular
965,p_005,s_00073,2026-09-18T20:21:25.436647-05:00,30.273033,-97.729266,17.5,46,cellular
966,p_006,s_00074,2026-09-14T08:50:10.645113-05:00,30.270696,-97.740384,14.0,86,cellular
967,p_006,s_00074,2026-09-14T08:50:30.743061-05:00,30.27064,-97.740275,12.2,86,cellular
968,p_006,s_00074,2026-09-14T08:50:50.841009-05:00,30.270599,-97.740267,13.1,86,wifi
969,p_006,s_00074,2026-09-14T08:51:10.938957-05:00,30.270697,-97.740348,17.3,86,wifi
970,p_006,s_00074,2026-09-14T08:51:31.036905-05:00,30.270784,-97.740202,14.7,86,cellular
971,p_006,s_00074,2026-09-14T08:51:51.134853-05:00,30.270788,-97.740112,25.6,86,cellular
972,p_006,s_00074,2026-09-14T08:52:11.232801-05:00,30.270727,-97.740253,28.2,86,wifi
973,p_006,s_00074,2026-09-14T08:52:31.330749-05:00,30.270761,-97.740365,9.2,86,cellular
974,p_006,s_00074,2026-09-14T08:52:51.428697-05:00,30.270735,-97.740317,7.5,86,cellular
975,p_006,s_00074,2026-09-14T08:53:11.526645-05:00,30.27075,-97.740295,10.9,86,wifi
976,p_006,s_00074,2026-09-14T08:53:31.624593-05:00,30.270643,-97.740337,22.5,86,cellular
977,p_006,s_00074,2026-09-14T08:53:51.722541-05:00,30.27061,-97.740276,12.0,86,cellular
978,p_006,s_00074,2026-09-14T08:54:11.820489-05:00,30.270609,-97.740141,21.1,86,cellular
979,p_006,s_00075,2026-09-14T11:35:18.908097-05:00,30.27054,-97.740257,24.5,76,wifi
980,p_006,s_00075,2026-09-14T11:35:43.344239-05:00,30.270651,-97.740254,13.1,76,cellular
981,p_006,s_00075,2026-09-14T11:36:07.780381-05:00,30.270697,-97.740361,14.2,76,cellular
982,p_006,s_00075,2026-09-14T11:36:32.216523-05:00,30.27065,-97.740221,6.6,76,cellular
983,p_006,s_00075,2026-09-14T11:36:56.652665-05:00,30.27058,-97.74031,19.4,76,wifi
984,p_006,s_00075,2026-09-14T11:37:21.088807-05:00,30.270656,-97.740245,8.8,76,cellular
985,p_006,s_00075,2026-09-14T11:37:45.524949-05:00,30.27074,-97.740293,14.4,76,cellular
986,p_006,s_00075,2026-09-14T11:38:09.961091-05:00,30.27068,-97.740284,12.2,76,cellular
987,p_006,s_00075,2026-09-14T11:38:34.397233-05:00,30.270618,-97.740293,12.4,76,cellular
988,p_006,s_00076,2026-09-14T17:37:22.643366-05:00,30.261257,-97.741154,23.4,55,cellular
989,p_006,s_00076,2026-09-14T17:37:41.120353-05:00,30.261242,-97.741199,19.8,55,cellular
990,p_006,s_00076,2026-09-14T17:37:59.597340-05:00,30.260998,-97.741323,19.8,55,cellular
991,p_006,s_00076,2026-09-14T17:38:18.074327-05:00,30.261139,-97.740883,34.7,55,cellular
992,p_006,s_00076,2026-09-14T17:38:36.551314-05:00,30.261106,-97.741169,24.5,55,cellular
993,p_006,s_00076,2026-09-14T17:38:55.028301-05:00,30.261262,-97.741109,31.1,54,cellular
994,p_006,s_00076,2026-09-14T17:39:13.505288-05:00,30.260993,-97.741143,26.8,54,cellular
995,p_006,s_00076,2026-09-14T17:39:31.982275-05:00,30.261,-97.741023,19.4,54,cellular
996,p_006,s_00077,2026-09-15T12:22:40.873594-05:00,30.255743,-97.743878,17.5,73,cellular
997,p_006,s_00077,2026-09-15T12:22:56.721910-05:00,30.255679,-97.743924,25.6,73,wifi
998,p_006,s_00077,2026-09-15T12:23:12.570226-05:00,30.255858,-97.744153,35.0,73,cellular
999,p_006,s_00077,2026-09-15T12:23:28.418542-05:00,30.255727,-97.743891,13.4,73,cellular
1000,p_006,s_00077,2026-09-15T12:23:44.266858-05:00,30.255842,-97.743922,18.9,73,cellular
1001,p_006,s_00077,2026-09-15T12:24:00.115174-05:00,30.255739,-97.743662,22.0,73,cellular
1002,p_006,s_00077,2026-09-15T12:24:15.963490-05:00,30.255799,-97.743804,12.5,73,cellular
1003,p_006,s_00077,2026-09-15T12:24:31.811806-05:00,30.255782,-97.743704,19.3,73,wifi
1004,p_006,s_00077,2026-09-15T12:24:47.660122-05:00,30.255843,-97.743887,22.8,73,cellular
1005,p_006,s_00077,2026-09-15T12:25:03.508438-05:00,30.255695,-97.743883,12.7,73,cellular
1006,p_006,s_00077,2026-09-15T12:25:19.356754-05:00,30.255719,-97.74383,13.5,73,wifi
1007,p_006,s_00077,2026-09-15T12:25:35.205070-05:00,30.255747,-97.743913,18.8,73,cellular
1008,p_006,s_00077,2026-09-15T12:25:51.053386-05:00,30.255738,-97.743929,5.5,73,cellular
1009,p_006,s_00077,2026-09-15T12:26:06.901702-05:00,30.255779,-97.743801,14.2,73,cellular
1010,p_006,s_00077,2026-09-15T12:26:22.750018-05:00,30.255713,-97.743828,13.6,73,wifi
1011,p_006,s_00077,2026-09-15T12:26:38.598334-05:00,30.255793,-97.743801,16.7,73,cellular
1012,p_006,s_00077,2026-09-15T12:26:54.446650-05:00,30.255685,-97.743803,12.9,73,cellular
1013,p_006,s_00078,2026-09-15T16:00:48.359551-05:00,30.261129,-97.741086,4.5,60,wifi
1014,p_006,s_00078,2026-09-15T16:01:08.979693-05:00,30.261039,-97.741198,23.5,60,cellular
1015,p_006,s_00078,2026-09-15T16:01:29.599835-05:00,30.261018,-97.741155,28.5,60,wifi
1016,p_006,s_00078,2026-09-15T16:01:50.219977-05:00,30.260984,-97.741195,19.6,60,wifi
1017,p_006,s_00079,2026-09-15T16:54:37.611911-05:00,30.261175,-97.741157,12.1,57,wifi
1018,p_006,s_00079,2026-09-15T16:54:59.662214-05:00,30.261173,-97.741173,17.5,57,cellular
1019,p_006,s_00079,2026-09-15T16:55:21.712517-05:00,30.261177,-97.741033,5.8,57,cellular
1020,p_006,s_00079,2026-09-15T16:55:43.762820-05:00,30.261097,-97.741084,5.0,57,cellular
1021,p_006,s_00079,2026-09-15T16:56:05.813123-05:00,30.261056,-97.741094,6.1,57,cellular
1022,p_006,s_00079,2026-09-15T16:56:27.863426-05:00,30.261039,-97.741036,19.9,57,wifi
1023,p_006,s_00079,2026-09-15T16:56:49.913729-05:00,30.26121,-97.741043,14.7,57,cellular
1024,p_006,s_00079,2026-09-15T16:57:11.964032-05:00,30.261175,-97.741165,14.6,57,wifi
1025,p_006,s_00079,2026-09-15T16:57:34.014335-05:00,30.261313,-97.74111,21.1,57,cellular
1026,p_006,s_00080,2026-09-15T19:39:11.044084-05:00,30.263569,-97.74626,17.9,47,wifi
1027,p_006,s_00080,2026-09-15T19:39:33.451421-05:00,30.263471,-97.746174,14.4,47,cellular
1028,p_006,s_00080,2026-09-15T19:39:55.858758-05:00,30.26348,-97.746456,15.4,47,cellular
1029,p_006,s_00080,2026-09-15T19:40:18.266095-05:00,30.263398,-97.746439,7.7,47,cellular
1030,p_006,s_00080,2026-09-15T19:40:40.673432-05:00,30.263507,-97.746437,18.0,47,wifi
1031,p_006,s_00080,2026-09-15T19:41:03.080769-05:00,30.263528,-97.746606,35.3,47,cellular
1032,p_006,s_00080,2026-09-15T19:41:25.488106-05:00,30.263509,-97.746368,9.5,47,cellular
1033,p_006,s_00080,2026-09-15T19:41:47.895443-05:00,30.263596,-97.746444,17.4,47,wifi
1034,p_006,s_00080,2026-09-15T19:42:10.302780-05:00,30.2636,-97.746382,29.4,47,cellular
1035,p_006,s_00080,2026-09-15T19:42:32.710117-05:00,30.263673,-97.746486,17.1,47,cellular
1036,p_006,s_00080,2026-09-15T19:42:55.117454-05:00,30.263594,-97.746498,18.3,47,cellular
1037,p_006,s_00080,2026-09-15T19:43:17.524791-05:00,30.263443,-97.746461,25.1,47,cellular
1038,p_006,s_00080,2026-09-15T19:43:39.932128-05:00,30.263587,-97.746229,19.3,47,cellular
1039,p_006,s_00080,2026-09-15T19:44:02.339465-05:00,30.263504,-97.746296,13.9,47,wifi
1040,p_006,s_00080,2026-09-15T19:44:24.746802-05:00,30.263454,-97.746304,7.6,47,cellular
1041,p_006,s_00080,2026-09-15T19:44:47.154139-05:00,30.263385,-97.746453,20.4,47,cellular
1042,p_006,s_00081,2026-09-16T10:31:59.013853-05:00,30.268991,-97.753416,11.8,80,cellular
1043,p_006,s_00081,2026-09-16T10:32:23.350711-05:00,30.268954,-97.753355,23.3,80,cellular
1044,p_006,s_00081,2026-09-16T10:32:47.687569-05:00,30.268923,-97.753377,12.5,80,wifi
1045,p_006,s_00081,2026-09-16T10:33:12.024427-05:00,30.269027,-97.753357,10.0,80,cellular
1046,p_006,s_00081,2026-09-16T10:33:36.361285-05:00,30.269022,-97.753158,22.8,80,cellular
1047,p_006,s_00081,2026-09-16T10:34:00.698143-05:00,30.269068,-97.753293,10.7,80,wifi
1048,p_006,s_00081,2026-09-16T10:34:25.035001-05:00,30.269153,-97.753529,26.7,80,cellular
1049,p_006,s_00081,2026-09-16T10:34:49.371859-05:00,30.269128,-97.753372,13.0,80,wifi
1050,p_006,s_00081,2026-09-16T10:35:13.708717-05:00,30.26905,-97.753351,14.1,80,cellular
1051,p_006,s_00081,2026-09-16T10:35:38.045575-05:00,30.269042,-97.753247,15.9,80,wifi
1052,p_006,s_00081,2026-09-16T10:36:02.382433-05:00,30.269025,-97.753383,15.7,80,cellular
1053,p_006,s_00081,2026-09-16T10:36:26.719291-05:00,30.268991,-97.753329,11.9,80,cellular
1054,p_006,s_00081,2026-09-16T10:36:51.056149-05:00,30.269073,-97.753334,24.0,80,cellular
1055,p_006,s_00081,2026-09-16T10:37:15.393007-05:00,30.268937,-97.753275,15.2,80,wifi
1056,p_006,s_00081,2026-09-16T10:37:39.729865-05:00,30.268867,-97.753381,34.5,80,wifi
1057,p_006,s_00081,2026-09-16T10:38:04.066723-05:00,30.268945,-97.753412,16.9,80,cellular
1058,p_006,s_00081,2026-09-16T10:38:28.403581-05:00,30.26893,-97.75335,17.7,80,wifi
1059,p_006,s_00082,2026-09-16T12:23:35.700303-05:00,30.271626,-97.761775,16.0,73,cellular
1060,p_006,s_00082,2026-09-16T12:23:57.774256-05:00,30.271575,-97.761901,11.0,73,cellular
1061,p_006,s_00082,2026-09-16T12:24:19.848209-05:00,30.271584,-97.761963,9.6,73,cellular
1062,p_006,s_00082,2026-09-16T12:24:41.922162-05:00,30.271433,-97.761828,10.4,73,cellular
1063,p_006,s_00082,2026-09-16T12:25:03.996115-05:00,30.27156,-97.761705,26.7,73,cellular
1064,p_006,s_00082,2026-09-16T12:25:26.070068-05:00,30.271456,-97.761853,13.2,73,cellular
1065,p_006,s_00082,2026-09-16T12:25:48.144021-05:00,30.271497,-97.761919,15.9,73,cellular
1066,p_006,s_00082,2026-09-16T12:26:10.217974-05:00,30.271607,-97.761878,18.7,73,cellular
1067,p_006,s_00082,2026-09-16T12:26:32.291927-05:00,30.271565,-97.761629,22.6,73,cellular
1068,p_006,s_00082,2026-09-16T12:26:54.365880-05:00,30.271523,-97.761794,5.9,73,cellular
1069,p_006,s_00082,2026-09-16T12:27:16.439833-05:00,30.271378,-97.761779,23.5,73,cellular
1070,p_006,s_00082,2026-09-16T12:27:38.513786-05:00,30.271417,-97.761908,14.7,73,cellular
1071,p_006,s_00082,2026-09-16T12:28:00.587739-05:00,30.27144,-97.761876,8.0,73,cellular
1072,p_006,s_00082,2026-09-16T12:28:22.661692-05:00,30.271429,-97.761869,26.8,73,cellular
1073,p_006,s_00082,2026-09-16T12:28:44.735645-05:00,30.271524,-97.761883,19.4,73,cellular
1074,p_006,s_00082,2026-09-16T12:29:06.809598-05:00,30.271552,-97.761944,25.3,73,wifi
1075,p_006,s_00082,2026-09-16T12:29:28.883551-05:00,30.271619,-97.761791,24.5,73,cellular
1076,p_006,s_00082,2026-09-16T12:29:50.957504-05:00,30.27147,-97.761965,25.7,73,cellular
1077,p_006,s_00083,2026-09-16T16:41:11.625920-05:00,30.261186,-97.741256,18.8,58,wifi
1078,p_006,s_00083,2026-09-16T16:41:34.581197-05:00,30.261293,-97.741258,25.0,58,wifi
1079,p_006,s_00083,2026-09-16T16:41:57.536474-05:00,30.261126,-97.741075,5.2,58,cellular
1080,p_006,s_00083,2026-09-16T16:42:20.491751-05:00,30.26123,-97.741155,15.1,58,cellular
1081,p_006,s_00083,2026-09-16T16:42:43.447028-05:00,30.261255,-97.741048,12.6,58,cellular
1082,p_006,s_00083,2026-09-16T16:43:06.402305-05:00,30.261265,-97.741236,22.4,58,cellular
1083,p_006,s_00083,2026-09-16T16:43:29.357582-05:00,30.261266,-97.741195,18.4,58,cellular
1084,p_006,s_00083,2026-09-16T16:43:52.312859-05:00,30.261081,-97.741219,14.2,58,wifi
1085,p_006,s_00083,2026-09-16T16:44:15.268136-05:00,30.261215,-97.741109,8.3,58,cellular
1086,p_006,s_00083,2026-09-16T16:44:38.223413-05:00,30.26111,-97.741215,17.1,58,cellular
1087,p_006,s_00083,2026-09-16T16:45:01.178690-05:00,30.261128,-97.741028,7.8,58,cellular
1088,p_006,s_00083,2026-09-16T16:45:24.133967-05:00,30.261061,-97.741102,12.2,58,wifi
1089,p_006,s_00083,2026-09-16T16:45:47.089244-05:00,30.261124,-97.74122,20.6,58,cellular
1090,p_006,s_00083,2026-09-16T16:46:10.044521-05:00,30.261236,-97.741137,24.8,58,cellular
1091,p_006,s_00083,2026-09-16T16:46:32.999798-05:00,30.261151,-97.741119,15.5,58,cellular
1092,p_006,s_00083,2026-09-16T16:46:55.955075-05:00,30.26115,-97.741111,8.2,58,wifi
1093,p_006,s_00083,2026-09-16T16:47:18.910352-05:00,30.261108,-97.74114,17.3,58,wifi
1094,p_006,s_00084,2026-09-16T17:31:19.035469-05:00,30.261148,-97.741126,30.8,55,cellular
1095,p_006,s_00084,2026-09-16T17:31:36.105240-05:00,30.261024,-97.741201,24.8,55,cellular
1096,p_006,s_00084,2026-09-16T17:31:53.175011-05:00,30.261183,-97.741322,41.0,55,cellular
1097,p_006,s_00084,2026-09-16T17:32:10.244782-05:00,30.261098,-97.741184,30.6,55,cellular
1098,p_006,s_00084,2026-09-16T17:32:27.314553-05:00,30.261123,-97.741165,10.1,55,cellular
1099,p_006,s_00084,2026-09-16T17:32:44.384324-05:00,30.261208,-97.741125,27.5,55,cellular
1100,p_006,s_00084,2026-09-16T17:33:01.454095-05:00,30.261094,-97.741302,38.4,55,cellular
1101,p_006,s_00084,2026-09-16T17:33:18.523866-05:00,30.261122,-97.741084,12.9,55,cellular
1102,p_006,s_00084,2026-09-16T17:33:35.593637-05:00,30.261174,-97.741197,17.3,55,cellular
1103,p_006,s_00084,2026-09-16T17:33:52.663408-05:00,30.260861,-97.741164,31.6,55,cellular
1104,p_006,s_00084,2026-09-16T17:34:09.733179-05:00,30.261165,-97.741102,18.3,55,cellular
1105,p_006,s_00084,2026-09-16T17:34:26.802950-05:00,30.26118,-97.741125,9.1,55,cellular
1106,p_006,s_00085,2026-09-16T20:28:07.327125-05:00,30.263498,-97.746371,28.1,44,cellular
1107,p_006,s_00085,2026-09-16T20:28:24.352423-05:00,30.263472,-97.746544,29.5,44,cellular
1108,p_006,s_00085,2026-09-16T20:28:41.377721-05:00,30.26349,-97.74662,27.5,44,cellular
1109,p_006,s_00085,2026-09-16T20:28:58.403019-05:00,30.263562,-97.746416,31.4,44,cellular
1110,p_006,s_00085,2026-09-16T20:29:15.428317-05:00,30.263569,-97.74643,36.6,44,cellular
1111,p_006,s_00085,2026-09-16T20:29:32.453615-05:00,30.263445,-97.746292,27.6,44,cellular
1112,p_006,s_00085,2026-09-16T20:29:49.478913-05:00,30.263521,-97.746491,22.3,44,cellular
1113,p_006,s_00085,2026-09-16T20:30:06.504211-05:00,30.263468,-97.746413,9.6,44,cellular
1114,p_006,s_00085,2026-09-16T20:30:23.529509-05:00,30.263707,-97.746121,38.8,44,cellular
1115,p_006,s_00085,2026-09-16T20:30:40.554807-05:00,30.263723,-97.746349,23.8,44,cellular
1116,p_006,s_00085,2026-09-16T20:30:57.580105-05:00,30.263773,-97.746612,31.2,44,cellular
1117,p_006,s_00085,2026-09-16T20:31:14.605403-05:00,30.263393,-97.746543,38.6,44,cellular
1118,p_006,s_00086,2026-09-17T12:33:09.697322-05:00,30.261378,-97.741289,26.5,73,cellular
1119,p_006,s_00086,2026-09-17T12:33:30.542544-05:00,30.261044,-97.741184,18.3,73,cellular
1120,p_006,s_00086,2026-09-17T12:33:51.387766-05:00,30.261166,-97.740922,22.8,73,cellular
1121,p_006,s_00086,2026-09-17T12:34:12.232988-05:00,30.261218,-97.741017,33.1,73,cellular
1122,p_006,s_00086,2026-09-17T12:34:33.078210-05:00,30.261041,-97.741231,30.6,73,cellular
1123,p_006,s_00086,2026-09-17T12:34:53.923432-05:00,30.261094,-97.741052,24.4,73,cellular
1124,p_006,s_00086,2026-09-17T12:35:14.768654-05:00,30.261073,-97.741197,27.1,73,cellular
1125,p_006,s_00086,2026-09-17T12:35:35.613876-05:00,30.2611,-97.741158,26.3,73,cellular
1126,p_006,s_00086,2026-09-17T12:35:56.459098-05:00,30.261234,-97.741247,20.8,73,cellular
1127,p_006,s_00086,2026-09-17T12:36:17.304320-05:00,30.260988,-97.741304,37.1,73,cellular
1128,p_006,s_00086,2026-09-17T12:36:38.149542-05:00,30.26119,-97.741016,16.9,73,cellular
1129,p_006,s_00086,2026-09-17T12:36:58.994764-05:00,30.26125,-97.741126,28.7,73,cellular
1130,p_006,s_00086,2026-09-17T12:37:19.839986-05:00,30.26122,-97.741224,27.3,73,cellular
1131,p_006,s_00086,2026-09-17T12:37:40.685208-05:00,30.261099,-97.741251,29.9,73,cellular
1132,p_006,s_00086,2026-09-17T12:38:01.530430-05:00,30.261194,-97.741017,29.4,73,cellular
1133,p_006,s_00086,2026-09-17T12:38:22.375652-05:00,30.261257,-97.741276,26.0,73,cellular
1134,p_006,s_00086,2026-09-17T12:38:43.220874-05:00,30.261034,-97.740981,27.0,72,cellular
1135,p_006,s_00086,2026-09-17T12:39:04.066096-05:00,30.261228,-97.740997,10.6,72,cellular
1136,p_006,s_00086,2026-09-17T12:39:24.911318-05:00,30.261253,-97.741052,25.1,72,cellular
1137,p_006,s_00086,2026-09-17T12:39:45.756540-05:00,30.261099,-97.741215,25.2,72,cellular
1138,p_006,s_00087,2026-09-17T14:24:46.193619-05:00,30.270691,-97.740162,13.7,66,wifi
1139,p_006,s_00087,2026-09-17T14:25:10.270568-05:00,30.270644,-97.740237,13.1,66,cellular
1140,p_006,s_00087,2026-09-17T14:25:34.347517-05:00,30.270695,-97.740192,12.5,66,wifi
1141,p_006,s_00088,2026-09-17T18:56:38.574748-05:00,30.270472,-97.740283,38.7,50,cellular
1142,p_006,s_00088,2026-09-17T18:57:02.204277-05:00,30.270577,-97.740422,32.1,50,cellular
1143,p_006,s_00088,2026-09-17T18:57:25.833806-05:00,30.270776,-97.740377,27.2,50,cellular
1144,p_006,s_00088,2026-09-17T18:57:49.463335-05:00,30.270495,-97.740306,24.3,50,cellular
1145,p_006,s_00088,2026-09-17T18:58:13.092864-05:00,30.270504,-97.740299,33.6,50,cellular
1146,p_006,s_00089,2026-09-17T21:11:58.870990-05:00,30.265336,-97.746324,6.6,42,wifi
1147,p_006,s_00089,2026-09-17T21:12:18.862904-05:00,30.265474,-97.746446,15.8,42,wifi
1148,p_006,s_00089,2026-09-17T21:12:38.854818-05:00,30.265335,-97.74638,10.8,42,wifi
1149,p_006,s_00089,2026-09-17T21:12:58.846732-05:00,30.265295,-97.746328,9.2,42,wifi
1150,p_006,s_00089,2026-09-17T21:13:18.838646-05:00,30.265309,-97.746249,24.7,42,wifi
1151,p_006,s_00089,2026-09-17T21:13:38.830560-05:00,30.265232,-97.746253,24.3,42,cellular
1152,p_006,s_00089,2026-09-17T21:13:58.822474-05:00,30.265316,-97.746246,23.0,42,wifi
1153,p_006,s_00089,2026-09-17T21:14:18.814388-05:00,30.265453,-97.746413,11.4,42,wifi
1154,p_006,s_00089,2026-09-17T21:14:38.806302-05:00,30.265373,-97.746319,9.8,42,wifi
1155,p_006,s_00089,2026-09-17T21:14:58.798216-05:00,30.265391,-97.746321,15.7,42,cellular
1156,p_006,s_00089,2026-09-17T21:15:18.790130-05:00,30.265247,-97.746196,8.7,42,wifi
1157,p_006,s_00089,2026-09-17T21:15:38.782044-05:00,30.265246,-97.746307,16.8,41,wifi
1158,p_006,s_00090,2026-09-18T12:45:56.341658-05:00,30.261801,-97.737503,18.0,72,cellular
1159,p_006,s_00090,2026-09-18T12:46:19.724547-05:00,30.261865,-97.737453,18.7,72,cellular
1160,p_006,s_00090,2026-09-18T12:46:43.107436-05:00,30.261676,-97.737473,19.3,72,cellular
1161,p_006,s_00090,2026-09-18T12:47:06.490325-05:00,30.261907,-97.737496,18.2,72,wifi
1162,p_006,s_00090,2026-09-18T12:47:29.873214-05:00,30.261933,-97.73768,22.0,72,wifi
1163,p_006,s_00090,2026-09-18T12:47:53.256103-05:00,30.26177,-97.737488,13.6,72,cellular
1164,p_006,s_00090,2026-09-18T12:48:16.638992-05:00,30.261677,-97.737494,7.3,72,cellular
1165,p_006,s_00090,2026-09-18T12:48:40.021881-05:00,30.261801,-97.737428,16.4,72,cellular
1166,p_006,s_00090,2026-09-18T12:49:03.404770-05:00,30.261766,-97.737519,14.9,72,cellular
1167,p_006,s_00091,2026-09-18T18:27:29.034142-05:00,30.261139,-97.741132,13.3,52,cellular
1168,p_006,s_00091,2026-09-18T18:27:53.505506-05:00,30.261055,-97.741218,34.1,52,cellular
1169,p_006,s_00091,2026-09-18T18:28:17.976870-05:00,30.26115,-97.741316,28.5,52,cellular
1170,p_006,s_00091,2026-09-18T18:28:42.448234-05:00,30.261247,-97.741213,27.9,51,cellular
1171,p_006,s_00091,2026-09-18T18:29:06.919598-05:00,30.261125,-97.741115,18.1,51,cellular
1172,p_006,s_00091,2026-09-18T18:29:31.390962-05:00,30.261043,-97.741103,25.5,51,cellular
1173,p_006,s_00091,2026-09-18T18:29:55.862326-05:00,30.26117,-97.741089,23.4,51,cellular
1174,p_006,s_00091,2026-09-18T18:30:20.333690-05:00,30.261362,-97.741123,21.5,51,cellular
1175,p_006,s_00091,2026-09-18T18:30:44.805054-05:00,30.261279,-97.741085,24.0,51,cellular
1176,p_006,s_00091,2026-09-18T18:31:09.276418-05:00,30.261325,-97.741061,32.1,51,cellular
1177,p_006,s_00091,2026-09-18T18:31:33.747782-05:00,30.261251,-97.741277,23.9,51,cellular
1178,p_006,s_00091,2026-09-18T18:31:58.219146-05:00,30.261349,-97.741287,37.6,51,cellular
1179,p_006,s_00092,2026-09-18T19:55:05.295949-05:00,30.26127,-97.741351,33.4,46,cellular
1180,p_006,s_00092,2026-09-18T19:55:27.344289-05:00,30.261177,-97.74105,24.0,46,cellular
1181,p_006,s_00092,2026-09-18T19:55:49.392629-05:00,30.261268,-97.741206,26.7,46,cellular
1182,p_006,s_00092,2026-09-18T19:56:11.440969-05:00,30.261038,-97.741169,28.4,46,cellular
1183,p_006,s_00092,2026-09-18T19:56:33.489309-05:00,30.261059,-97.74093,28.2,46,cellular
1184,p_006,s_00092,2026-09-18T19:56:55.537649-05:00,30.261063,-97.740934,21.3,46,cellular
1185,p_006,s_00092,2026-09-18T19:57:17.585989-05:00,30.261116,-97.741158,25.1,46,cellular
1186,p_006,s_00092,2026-09-18T19:57:39.634329-05:00,30.261059,-97.741127,27.7,46,cellular
1187,p_006,s_00092,2026-09-18T19:58:01.682669-05:00,30.261311,-97.741,28.8,46,cellular
1188,p_006,s_00092,2026-09-18T19:58:23.731009-05:00,30.261135,-97.741057,23.8,46,cellular
1189,p_006,s_00092,2026-09-18T19:58:45.779349-05:00,30.261164,-97.741174,28.3,46,cellular
1190,p_006,s_00092,2026-09-18T19:59:07.827689-05:00,30.261158,-97.741359,26.0,46,cellular
1191,p_006,s_00092,2026-09-18T19:59:29.876029-05:00,30.261167,-97.741172,19.6,46,cellular
1192,p_006,s_00092,2026-09-18T19:59:51.924369-05:00,30.261154,-97.741137,26.6,46,cellular
1193,p_006,s_00092,2026-09-18T20:00:13.972709-05:00,30.261139,-97.741227,27.9,46,cellular
1194,p_006,s_00092,2026-09-18T20:00:36.021049-05:00,30.261167,-97.741289,30.6,46,cellular
1195,p_006,s_00092,2026-09-18T20:00:58.069389-05:00,30.261259,-97.74118,38.6,46,cellular
1196,p_006,s_00092,2026-09-18T20:01:20.117729-05:00,30.261121,-97.741065,30.7,46,cellular
1197,p_006,s_00092,2026-09-18T20:01:42.166069-05:00,30.261064,-97.740941,27.4,46,cellular
1198,p_007,s_00093,2026-09-14T11:54:51.294917-05:00,30.271047,-97.748706,9.9,70,wifi
1199,p_007,s_00093,2026-09-14T11:55:08.689341-05:00,30.270838,-97.748779,15.4,70,cellular
1200,p_007,s_00093,2026-09-14T11:55:26.083765-05:00,30.270978,-97.748764,9.0,70,wifi
1201,p_007,s_00093,2026-09-14T11:55:43.478189-05:00,30.270953,-97.748665,12.0,70,wifi
1202,p_007,s_00093,2026-09-14T11:56:00.872613-05:00,30.270923,-97.748773,21.8,70,wifi
1203,p_007,s_00093,2026-09-14T11:56:18.267037-05:00,30.270904,-97.748656,19.7,70,wifi
1204,p_007,s_00093,2026-09-14T11:56:35.661461-05:00,30.271024,-97.748686,12.4,70,cellular
1205,p_007,s_00093,2026-09-14T11:56:53.055885-05:00,30.271012,-97.748646,11.0,70,wifi
1206,p_007,s_00093,2026-09-14T11:57:10.450309-05:00,30.270964,-97.748767,20.2,70,wifi
1207,p_007,s_00094,2026-09-14T13:49:10.326241-05:00,30.270947,-97.748795,13.8,63,wifi
1208,p_007,s_00094,2026-09-14T13:49:29.571398-05:00,30.27095,-97.74877,10.2,63,wifi
1209,p_007,s_00094,2026-09-14T13:49:48.816555-05:00,30.27091,-97.748676,19.2,63,wifi
1210,p_007,s_00094,2026-09-14T13:50:08.061712-05:00,30.270948,-97.748715,12.8,63,wifi
1211,p_007,s_00094,2026-09-14T13:50:27.306869-05:00,30.271005,-97.748787,17.6,63,wifi
1212,p_007,s_00094,2026-09-14T13:50:46.552026-05:00,30.271008,-97.748749,12.1,63,wifi
1213,p_007,s_00094,2026-09-14T13:51:05.797183-05:00,30.271007,-97.748695,21.3,63,wifi
1214,p_007,s_00094,2026-09-14T13:51:25.042340-05:00,30.271034,-97.748835,37.5,63,wifi
1215,p_007,s_00094,2026-09-14T13:51:44.287497-05:00,30.270874,-97.748811,11.9,63,wifi
1216,p_007,s_00094,2026-09-14T13:52:03.532654-05:00,30.270872,-97.748614,30.6,63,wifi
1217,p_007,s_00094,2026-09-14T13:52:22.777811-05:00,30.271072,-97.748528,41.2,63,wifi
1218,p_007,s_00094,2026-09-14T13:52:42.022968-05:00,30.270995,-97.748791,16.7,63,wifi
1219,p_007,s_00094,2026-09-14T13:53:01.268125-05:00,30.270935,-97.748648,14.5,63,wifi
1220,p_007,s_00094,2026-09-14T13:53:20.513282-05:00,30.271013,-97.748627,9.1,63,wifi
1221,p_007,s_00094,2026-09-14T13:53:39.758439-05:00,30.270977,-97.748823,12.4,63,cellular
1222,p_007,s_00094,2026-09-14T13:53:59.003596-05:00,30.271108,-97.748756,26.4,63,wifi
1223,p_007,s_00094,2026-09-14T13:54:18.248753-05:00,30.270933,-97.748645,13.1,63,wifi
1224,p_007,s_00094,2026-09-14T13:54:37.493910-05:00,30.271098,-97.749035,18.5,63,wifi
1225,p_007,s_00094,2026-09-14T13:54:56.739067-05:00,30.270826,-97.748692,19.2,63,wifi
1226,p_007,s_00094,2026-09-14T13:55:15.984224-05:00,30.270897,-97.748816,8.2,63,wifi
1227,p_007,s_00095,2026-09-14T22:38:06.393851-05:00,30.253632,-97.760311,8.7,32,wifi
1228,p_007,s_00095,2026-09-14T22:38:21.670272-05:00,30.253688,-97.760383,27.1,32,wifi
1229,p_007,s_00095,2026-09-14T22:38:36.946693-05:00,30.25388,-97.760327,22.7,32,wifi
1230,p_007,s_00095,2026-09-14T22:38:52.223114-05:00,30.253721,-97.760192,16.2,32,cellular
1231,p_007,s_00095,2026-09-14T22:39:07.499535-05:00,30.253733,-97.760468,19.4,32,wifi
1232,p_007,s_00095,2026-09-14T22:39:22.775956-05:00,30.2537,-97.760315,15.9,32,wifi
1233,p_007,s_00095,2026-09-14T22:39:38.052377-05:00,30.253781,-97.760196,18.7,32,wifi
1234,p_007,s_00096,2026-09-15T18:30:41.662380-05:00,30.266057,-97.755512,11.7,46,wifi
1235,p_007,s_00096,2026-09-15T18:31:02.799280-05:00,30.26612,-97.755558,18.9,46,wifi
1236,p_007,s_00096,2026-09-15T18:31:23.936180-05:00,30.266065,-97.755502,11.0,46,wifi
1237,p_007,s_00096,2026-09-15T18:31:45.073080-05:00,30.265969,-97.755512,22.7,46,cellular
1238,p_007,s_00096,2026-09-15T18:32:06.209980-05:00,30.265974,-97.755475,12.6,46,wifi
1239,p_007,s_00096,2026-09-15T18:32:27.346880-05:00,30.266083,-97.755494,26.5,46,cellular
1240,p_007,s_00096,2026-09-15T18:32:48.483780-05:00,30.266101,-97.755376,24.9,46,wifi
1241,p_007,s_00096,2026-09-15T18:33:09.620680-05:00,30.266151,-97.755296,29.2,46,wifi
1242,p_007,s_00096,2026-09-15T18:33:30.757580-05:00,30.266219,-97.755715,26.9,46,wifi
1243,p_007,s_00096,2026-09-15T18:33:51.894480-05:00,30.265969,-97.75543,22.4,46,wifi
1244,p_007,s_00096,2026-09-15T18:34:13.031380-05:00,30.265985,-97.755527,4.4,46,wifi
1245,p_007,s_00096,2026-09-15T18:34:34.168280-05:00,30.266134,-97.755415,14.8,46,wifi
1246,p_007,s_00096,2026-09-15T18:34:55.305180-05:00,30.266112,-97.755641,10.8,46,wifi
1247,p_007,s_00096,2026-09-15T18:35:16.442080-05:00,30.266093,-97.755477,24.2,46,cellular
1248,p_007,s_00096,2026-09-15T18:35:37.578980-05:00,30.266037,-97.755508,13.3,46,wifi
1249,p_007,s_00097,2026-09-15T19:47:24.557674-05:00,30.265821,-97.755371,31.6,42,cellular
1250,p_007,s_00097,2026-09-15T19:47:43.833833-05:00,30.26611,-97.755446,26.7,42,cellular
1251,p_007,s_00097,2026-09-15T19:48:03.109992-05:00,30.265933,-97.755544,18.0,42,cellular
1252,p_007,s_00097,2026-09-15T19:48:22.386151-05:00,30.265978,-97.755597,17.5,42,cellular
1253,p_007,s_00097,2026-09-15T19:48:41.662310-05:00,30.266018,-97.755366,21.9,42,cellular
1254,p_007,s_00097,2026-09-15T19:49:00.938469-05:00,30.266041,-97.755375,28.2,42,cellular
1255,p_007,s_00097,2026-09-15T19:49:20.214628-05:00,30.266002,-97.75549,34.9,42,cellular
1256,p_007,s_00097,2026-09-15T19:49:39.490787-05:00,30.266045,-97.755604,22.4,42,cellular
1257,p_007,s_00097,2026-09-15T19:49:58.766946-05:00,30.265932,-97.755508,27.7,42,cellular
1258,p_007,s_00098,2026-09-16T11:25:13.161466-05:00,30.265521,-97.735642,28.5,72,wifi
1259,p_007,s_00098,2026-09-16T11:25:35.822177-05:00,30.265652,-97.735367,17.3,72,wifi
1260,p_007,s_00098,2026-09-16T11:25:58.482888-05:00,30.265699,-97.735394,12.7,72,wifi
1261,p_007,s_00098,2026-09-16T11:26:21.143599-05:00,30.265708,-97.735359,5.0,72,wifi
1262,p_007,s_00098,2026-09-16T11:26:43.804310-05:00,30.265692,-97.735388,4.2,72,wifi
1263,p_007,s_00098,2026-09-16T11:27:06.465021-05:00,30.26544,-97.735273,35.5,72,wifi
1264,p_007,s_00098,2026-09-16T11:27:29.125732-05:00,30.265666,-97.735495,14.8,72,wifi
1265,p_007,s_00098,2026-09-16T11:27:51.786443-05:00,30.265617,-97.735295,15.7,72,wifi
1266,p_007,s_00098,2026-09-16T11:28:14.447154-05:00,30.265716,-97.73531,5.4,72,wifi
1267,p_007,s_00098,2026-09-16T11:28:37.107865-05:00,30.265716,-97.735286,10.2,72,cellular
1268,p_007,s_00098,2026-09-16T11:28:59.768576-05:00,30.265733,-97.735471,15.5,72,wifi
1269,p_007,s_00098,2026-09-16T11:29:22.429287-05:00,30.265655,-97.735321,6.8,72,wifi
1270,p_007,s_00098,2026-09-16T11:29:45.089998-05:00,30.265768,-97.735388,13.7,72,wifi
1271,p_007,s_00098,2026-09-16T11:30:07.750709-05:00,30.26565,-97.735367,9.8,72,wifi
1272,p_007,s_00098,2026-09-16T11:30:30.411420-05:00,30.265801,-97.735488,25.5,72,cellular
1273,p_007,s_00098,2026-09-16T11:30:53.072131-05:00,30.265892,-97.735379,30.6,72,wifi
1274,p_007,s_00098,2026-09-16T11:31:15.732842-05:00,30.26565,-97.735345,15.8,72,wifi
1275,p_007,s_00098,2026-09-16T11:31:38.393553-05:00,30.265679,-97.73538,4.8,72,wifi
1276,p_007,s_00099,2026-09-16T21:13:42.690100-05:00,30.253753,-97.76044,17.8,37,wifi
1277,p_007,s_00099,2026-09-16T21:14:07.102725-05:00,30.253674,-97.76033,12.3,37,wifi
1278,p_007,s_00099,2026-09-16T21:14:31.515350-05:00,30.253794,-97.760305,17.3,37,wifi
1279,p_007,s_00099,2026-09-16T21:14:55.927975-05:00,30.253524,-97.760361,26.2,37,wifi
1280,p_007,s_00099,2026-09-16T21:15:20.340600-05:00,30.253735,-97.760322,8.5,37,wifi
1281,p_007,s_00099,2026-09-16T21:15:44.753225-05:00,30.253788,-97.760376,25.0,37,wifi
1282,p_007,s_00099,2026-09-16T21:16:09.165850-05:00,30.253755,-97.760186,17.1,37,wifi
1283,p_007,s_00099,2026-09-16T21:16:33.578475-05:00,30.253797,-97.760183,16.3,36,wifi
1284,p_007,s_00099,2026-09-16T21:16:57.991100-05:00,30.253849,-97.76016,22.8,36,wifi
1285,p_007,s_00099,2026-09-16T21:17:22.403725-05:00,30.253792,-97.760252,18.8,36,wifi
1286,p_007,s_00099,2026-09-16T21:17:46.816350-05:00,30.253828,-97.760509,18.8,36,cellular
1287,p_007,s_00099,2026-09-16T21:18:11.228975-05:00,30.253743,-97.76045,18.3,36,wifi
1288,p_007,s_00099,2026-09-16T21:18:35.641600-05:00,30.253856,-97.760272,21.7,36,wifi
1289,p_007,s_00099,2026-09-16T21:19:00.054225-05:00,30.253777,-97.760255,12.2,36,wifi
1290,p_007,s_00099,2026-09-16T21:19:24.466850-05:00,30.253538,-97.760226,14.9,36,cellular
1291,p_007,s_00100,2026-09-17T14:01:27.344810-05:00,30.270598,-97.749771,16.3,63,wifi
1292,p_007,s_00100,2026-09-17T14:01:42.622275-05:00,30.270537,-97.749496,7.4,63,wifi
1293,p_007,s_00100,2026-09-17T14:01:57.899740-05:00,30.270513,-97.749551,20.3,63,wifi
1294,p_007,s_00100,2026-09-17T14:02:13.177205-05:00,30.270749,-97.749096,20.9,63,cellular
1295,p_007,s_00100,2026-09-17T14:02:28.454670-05:00,30.270877,-97.749006,18.0,63,wifi
1296,p_007,s_00100,2026-09-17T14:02:43.732135-05:00,30.270934,-97.748909,13.5,63,cellular
1297,p_007,s_00100,2026-09-17T14:02:59.009600-05:00,30.270895,-97.74877,13.5,63,cellular
1298,p_007,s_00100,2026-09-17T14:03:14.287065-05:00,30.27099,-97.748573,12.5,62,wifi
1299,p_007,s_00100,2026-09-17T14:03:29.564530-05:00,30.270943,-97.748604,4.1,62,wifi
1300,p_007,s_00100,2026-09-17T14:03:44.841995-05:00,30.270957,-97.748812,7.9,62,wifi
1301,p_007,s_00100,2026-09-17T14:04:00.119460-05:00,30.270944,-97.749101,32.7,62,wifi
1302,p_007,s_00100,2026-09-17T14:04:15.396925-05:00,30.270914,-97.748769,22.8,62,wifi
1303,p_007,s_00100,2026-09-17T14:04:30.674390-05:00,30.270955,-97.748592,9.5,62,wifi
1304,p_007,s_00100,2026-09-17T14:04:45.951855-05:00,30.27094,-97.748608,5.6,62,wifi
1305,p_007,s_00100,2026-09-17T14:05:01.229320-05:00,30.271013,-97.748687,14.2,62,wifi
1306,p_007,s_00100,2026-09-17T14:05:16.506785-05:00,30.271052,-97.748711,17.7,62,wifi
1307,p_007,s_00100,2026-09-17T14:05:31.784250-05:00,30.270906,-97.748823,14.7,62,cellular
1308,p_007,s_00100,2026-09-17T14:05:47.061715-05:00,30.270939,-97.7489,15.1,62,wifi
1309,p_007,s_00100,2026-09-17T14:06:02.339180-05:00,30.271062,-97.74886,19.1,62,wifi
1310,p_007,s_00100,2026-09-17T14:06:17.616645-05:00,30.271025,-97.748896,15.3,62,wifi
1311,p_007,s_00100,2026-09-17T14:06:32.894110-05:00,30.270954,-97.748738,21.3,62,wifi
1312,p_007,s_00100,2026-09-17T14:06:48.171575-05:00,30.270943,-97.748693,20.4,62,cellular
1313,p_007,s_00100,2026-09-17T14:07:03.449040-05:00,30.270893,-97.748593,16.8,62,cellular
1314,p_007,s_00100,2026-09-17T14:07:18.726505-05:00,30.270868,-97.748536,13.3,62,wifi
1315,p_007,s_00100,2026-09-17T14:07:34.003970-05:00,30.270943,-97.748676,13.7,62,cellular
1316,p_007,s_00100,2026-09-17T14:07:49.281435-05:00,30.27092,-97.748725,11.6,62,wifi
1317,p_007,s_00101,2026-09-17T21:02:03.863493-05:00,30.253929,-97.760272,14.8,37,wifi
1318,p_007,s_00101,2026-09-17T21:02:19.425530-05:00,30.253798,-97.760449,20.2,37,wifi
1319,p_007,s_00101,2026-09-17T21:02:34.987567-05:00,30.253586,-97.760456,23.1,37,wifi
1320,p_007,s_00101,2026-09-17T21:02:50.549604-05:00,30.25369,-97.760333,19.2,37,wifi
1321,p_007,s_00101,2026-09-17T21:03:06.111641-05:00,30.253739,-97.760258,14.1,37,wifi
1322,p_007,s_00101,2026-09-17T21:03:21.673678-05:00,30.25376,-97.760188,8.2,37,wifi
1323,p_007,s_00101,2026-09-17T21:03:37.235715-05:00,30.253861,-97.759939,29.7,37,cellular
1324,p_007,s_00101,2026-09-17T21:03:52.797752-05:00,30.253802,-97.760152,7.3,37,wifi
1325,p_007,s_00101,2026-09-17T21:04:08.359789-05:00,30.253755,-97.760168,17.5,37,wifi
1326,p_007,s_00101,2026-09-17T21:04:23.921826-05:00,30.253834,-97.760141,18.1,37,wifi
1327,p_007,s_00101,2026-09-17T21:04:39.483863-05:00,30.253826,-97.760157,10.8,37,wifi
1328,p_007,s_00101,2026-09-17T21:04:55.045900-05:00,30.253806,-97.760159,10.4,37,wifi
1329,p_007,s_00101,2026-09-17T21:05:10.607937-05:00,30.253848,-97.7603,15.2,37,cellular
1330,p_007,s_00101,2026-09-17T21:05:26.169974-05:00,30.253757,-97.760318,14.5,37,wifi
1331,p_007,s_00101,2026-09-17T21:05:41.732011-05:00,30.253588,-97.760312,17.7,37,wifi
1332,p_007,s_00101,2026-09-17T21:05:57.294048-05:00,30.253876,-97.760073,23.5,37,wifi
1333,p_007,s_00101,2026-09-17T21:06:12.856085-05:00,30.253707,-97.760409,16.0,37,cellular
1334,p_007,s_00101,2026-09-17T21:06:28.418122-05:00,30.253622,-97.760295,17.7,37,cellular
1335,p_007,s_00101,2026-09-17T21:06:43.980159-05:00,30.253605,-97.760243,23.5,37,wifi
1336,p_007,s_00101,2026-09-17T21:06:59.542196-05:00,30.253776,-97.760271,7.2,37,wifi
1337,p_007,s_00101,2026-09-17T21:07:15.104233-05:00,30.253865,-97.76039,13.6,37,wifi
1338,p_007,s_00101,2026-09-17T21:07:30.666270-05:00,30.253675,-97.760373,11.8,37,cellular
1339,p_007,s_00102,2026-09-18T12:30:28.587694-05:00,30.261744,-97.737535,19.3,68,wifi
1340,p_007,s_00102,2026-09-18T12:30:47.108891-05:00,30.261857,-97.737541,14.8,68,wifi
1341,p_007,s_00102,2026-09-18T12:31:05.630088-05:00,30.261782,-97.737543,7.8,68,wifi
1342,p_007,s_00102,2026-09-18T12:31:24.151285-05:00,30.261811,-97.737543,20.6,68,cellular
1343,p_007,s_00102,2026-09-18T12:31:42.672482-05:00,30.261737,-97.737467,12.0,68,cellular
1344,p_007,s_00102,2026-09-18T12:32:01.193679-05:00,30.261855,-97.737503,16.0,68,wifi
1345,p_007,s_00102,2026-09-18T12:32:19.714876-05:00,30.26177,-97.737449,16.6,68,cellular
1346,p_007,s_00102,2026-09-18T12:32:38.236073-05:00,30.261883,-97.737399,15.6,68,cellular
1347,p_007,s_00102,2026-09-18T12:32:56.757270-05:00,30.261773,-97.737468,17.2,68,cellular
1348,p_007,s_00102,2026-09-18T12:33:15.278467-05:00,30.261713,-97.737521,18.4,68,cellular
1349,p_007,s_00102,2026-09-18T12:33:33.799664-05:00,30.261745,-97.737366,20.9,68,cellular
1350,p_007,s_00103,2026-09-18T17:41:00.736606-05:00,30.265575,-97.735335,18.4,49,wifi
1351,p_007,s_00103,2026-09-18T17:41:22.763519-05:00,30.265681,-97.735428,25.2,49,cellular
1352,p_007,s_00103,2026-09-18T17:41:44.790432-05:00,30.265734,-97.735311,19.7,49,wifi
1353,p_007,s_00103,2026-09-18T17:42:06.817345-05:00,30.265783,-97.735336,19.2,49,wifi
1354,p_007,s_00103,2026-09-18T17:42:28.844258-05:00,30.265748,-97.735305,24.3,49,wifi
1355,p_007,s_00103,2026-09-18T17:42:50.871171-05:00,30.265573,-97.735477,20.4,49,wifi
1356,p_007,s_00104,2026-09-18T18:38:38.545521-05:00,30.265507,-97.73536,30.1,46,cellular
1357,p_007,s_00104,2026-09-18T18:39:01.369153-05:00,30.265707,-97.735877,39.3,46,cellular
1358,p_007,s_00104,2026-09-18T18:39:24.192785-05:00,30.26561,-97.735542,24.7,46,cellular
1359,p_007,s_00104,2026-09-18T18:39:47.016417-05:00,30.265715,-97.735338,26.7,46,cellular
1360,p_007,s_00104,2026-09-18T18:40:09.840049-05:00,30.265865,-97.735406,27.2,46,cellular
1361,p_007,s_00104,2026-09-18T18:40:32.663681-05:00,30.265623,-97.735158,23.3,46,cellular
1362,p_008,s_00105,2026-09-14T08:46:39.066546-05:00,30.265322,-97.746313,14.8,91,cellular
1363,p_008,s_00105,2026-09-14T08:46:55.215433-05:00,30.265346,-97.746236,14.0,91,cellular
1364,p_008,s_00105,2026-09-14T08:47:11.364320-05:00,30.265211,-97.746005,43.5,91,cellular
1365,p_008,s_00105,2026-09-14T08:47:27.513207-05:00,30.265221,-97.74627,23.0,91,cellular
1366,p_008,s_00105,2026-09-14T08:47:43.662094-05:00,30.265301,-97.746487,36.6,91,cellular
1367,p_008,s_00105,2026-09-14T08:47:59.810981-05:00,30.265341,-97.746324,22.8,91,cellular
1368,p_008,s_00105,2026-09-14T08:48:15.959868-05:00,30.265258,-97.74606,32.5,91,cellular
1369,p_008,s_00105,2026-09-14T08:48:32.108755-05:00,30.265344,-97.746354,13.4,91,cellular
1370,p_008,s_00105,2026-09-14T08:48:48.257642-05:00,30.265404,-97.746113,24.6,91,cellular
1371,p_008,s_00105,2026-09-14T08:49:04.406529-05:00,30.265244,-97.746384,7.3,91,cellular
1372,p_008,s_00105,2026-09-14T08:49:20.555416-05:00,30.265194,-97.746544,17.0,91,cellular
1373,p_008,s_00105,2026-09-14T08:49:36.704303-05:00,30.26522,-97.746273,19.4,91,cellular
1374,p_008,s_00105,2026-09-14T08:49:52.853190-05:00,30.265468,-97.746293,18.9,91,cellular
1375,p_008,s_00105,2026-09-14T08:50:09.002077-05:00,30.265221,-97.746212,23.2,91,cellular
1376,p_008,s_00105,2026-09-14T08:50:25.150964-05:00,30.265204,-97.746303,21.8,91,cellular
1377,p_008,s_00105,2026-09-14T08:50:41.299851-05:00,30.265326,-97.746423,21.8,91,cellular
1378,p_008,s_00105,2026-09-14T08:50:57.448738-05:00,30.26535,-97.746312,22.9,91,cellular
1379,p_008,s_00105,2026-09-14T08:51:13.597625-05:00,30.26528,-97.746063,37.1,91,cellular
1380,p_008,s_00105,2026-09-14T08:51:29.746512-05:00,30.265263,-97.746297,21.0,91,cellular
1381,p_008,s_00105,2026-09-14T08:51:45.895399-05:00,30.265273,-97.74634,17.5,91,cellular
1382,p_008,s_00105,2026-09-14T08:52:02.044286-05:00,30.265442,-97.746371,21.8,91,cellular
1383,p_008,s_00105,2026-09-14T08:52:18.193173-05:00,30.265402,-97.746322,28.6,91,cellular
1384,p_008,s_00106,2026-09-14T13:27:11.391354-05:00,30.255278,-97.744063,14.6,74,cellular
1385,p_008,s_00106,2026-09-14T13:27:34.064406-05:00,30.255346,-97.744049,14.9,74,cellular
1386,p_008,s_00106,2026-09-14T13:27:56.737458-05:00,30.255316,-97.744009,6.2,74,cellular
1387,p_008,s_00106,2026-09-14T13:28:19.410510-05:00,30.255115,-97.744145,16.5,74,cellular
1388,p_008,s_00106,2026-09-14T13:28:42.083562-05:00,30.255301,-97.744069,6.9,74,wifi
1389,p_008,s_00106,2026-09-14T13:29:04.756614-05:00,30.255286,-97.743909,18.4,74,wifi
1390,p_008,s_00106,2026-09-14T13:29:27.429666-05:00,30.255213,-97.744031,8.3,74,cellular
1391,p_008,s_00106,2026-09-14T13:29:50.102718-05:00,30.255193,-97.743959,15.0,74,wifi
1392,p_008,s_00106,2026-09-14T13:30:12.775770-05:00,30.255232,-97.743976,11.0,74,cellular
1393,p_008,s_00106,2026-09-14T13:30:35.448822-05:00,30.255304,-97.743943,16.3,74,cellular
1394,p_008,s_00106,2026-09-14T13:30:58.121874-05:00,30.255269,-97.743985,13.5,74,cellular
1395,p_008,s_00106,2026-09-14T13:31:20.794926-05:00,30.255292,-97.744029,17.8,74,wifi
1396,p_008,s_00106,2026-09-14T13:31:43.467978-05:00,30.255331,-97.743876,15.8,74,cellular
1397,p_008,s_00106,2026-09-14T13:32:06.141030-05:00,30.255206,-97.743755,25.3,74,cellular
1398,p_008,s_00106,2026-09-14T13:32:28.814082-05:00,30.25533,-97.743859,21.4,74,cellular
1399,p_008,s_00107,2026-09-14T20:04:32.602108-05:00,30.265871,-97.737153,25.8,50,cellular
1400,p_008,s_00107,2026-09-14T20:04:54.667308-05:00,30.265976,-97.737104,15.2,50,cellular
1401,p_008,s_00107,2026-09-14T20:05:16.732508-05:00,30.266017,-97.737256,20.5,50,cellular
1402,p_008,s_00107,2026-09-14T20:05:38.797708-05:00,30.26596,-97.737123,14.6,50,wifi
1403,p_008,s_00107,2026-09-14T20:06:00.862908-05:00,30.265883,-97.737149,10.3,50,wifi
1404,p_008,s_00107,2026-09-14T20:06:22.928108-05:00,30.265893,-97.737194,7.2,50,cellular
1405,p_008,s_00107,2026-09-14T20:06:44.993308-05:00,30.26595,-97.737111,10.4,50,wifi
1406,p_008,s_00107,2026-09-14T20:07:07.058508-05:00,30.265953,-97.737157,5.7,50,cellular
1407,p_008,s_00107,2026-09-14T20:07:29.123708-05:00,30.266022,-97.737204,12.0,50,wifi
1408,p_008,s_00107,2026-09-14T20:07:51.188908-05:00,30.265988,-97.737032,14.9,50,cellular
1409,p_008,s_00107,2026-09-14T20:08:13.254108-05:00,30.266063,-97.737175,20.9,50,wifi
1410,p_008,s_00107,2026-09-14T20:08:35.319308-05:00,30.26594,-97.737126,6.6,50,cellular
1411,p_008,s_00108,2026-09-15T08:50:42.224101-05:00,30.265394,-97.746442,20.4,91,cellular
1412,p_008,s_00108,2026-09-15T08:51:03.852687-05:00,30.265227,-97.74621,25.3,91,cellular
1413,p_008,s_00108,2026-09-15T08:51:25.481273-05:00,30.265306,-97.746263,24.7,91,cellular
1414,p_008,s_00108,2026-09-15T08:51:47.109859-05:00,30.265262,-97.746284,24.6,91,cellular
1415,p_008,s_00108,2026-09-15T08:52:08.738445-05:00,30.265229,-97.746291,19.6,91,cellular
1416,p_008,s_00108,2026-09-15T08:52:30.367031-05:00,30.26532,-97.746421,15.8,91,cellular
1417,p_008,s_00108,2026-09-15T08:52:51.995617-05:00,30.2653,-97.746371,30.8,91,cellular
1418,p_008,s_00108,2026-09-15T08:53:13.624203-05:00,30.265273,-97.74621,19.3,91,cellular
1419,p_008,s_00108,2026-09-15T08:53:35.252789-05:00,30.265404,-97.746334,18.3,91,cellular
1420,p_008,s_00109,2026-09-15T13:01:18.344951-05:00,30.255324,-97.744014,10.7,76,cellular
1421,p_008,s_00109,2026-09-15T13:01:37.071148-05:00,30.255321,-97.743992,18.2,76,wifi
1422,p_008,s_00109,2026-09-15T13:01:55.797345-05:00,30.255219,-97.744011,5.0,76,wifi
1423,p_008,s_00109,2026-09-15T13:02:14.523542-05:00,30.255237,-97.743971,20.6,76,cellular
1424,p_008,s_00109,2026-09-15T13:02:33.249739-05:00,30.255361,-97.743935,19.0,76,cellular
1425,p_008,s_00109,2026-09-15T13:02:51.975936-05:00,30.255146,-97.744183,20.4,76,cellular
1426,p_008,s_00109,2026-09-15T13:03:10.702133-05:00,30.255345,-97.744018,7.8,76,cellular
1427,p_008,s_00109,2026-09-15T13:03:29.428330-05:00,30.25533,-97.744043,9.2,76,wifi
1428,p_008,s_00110,2026-09-15T18:40:14.311287-05:00,30.255042,-97.750927,17.5,55,cellular
1429,p_008,s_00110,2026-09-15T18:40:34.752600-05:00,30.254921,-97.750909,18.8,55,cellular
1430,p_008,s_00110,2026-09-15T18:40:55.193913-05:00,30.2551,-97.75109,30.5,55,cellular
1431,p_008,s_00110,2026-09-15T18:41:15.635226-05:00,30.254981,-97.750975,32.3,55,cellular
1432,p_008,s_00110,2026-09-15T18:41:36.076539-05:00,30.254853,-97.750822,30.1,55,cellular
1433,p_008,s_00110,2026-09-15T18:41:56.517852-05:00,30.255207,-97.750991,39.2,55,cellular
1434,p_008,s_00110,2026-09-15T18:42:16.959165-05:00,30.25513,-97.751025,25.5,55,cellular
1435,p_008,s_00110,2026-09-15T18:42:37.400478-05:00,30.254904,-97.750877,26.8,55,cellular
1436,p_008,s_00110,2026-09-15T18:42:57.841791-05:00,30.25507,-97.750858,13.8,55,cellular
1437,p_008,s_00111,2026-09-16T08:08:21.716751-05:00,30.265263,-97.746234,16.9,93,cellular
1438,p_008,s_00111,2026-09-16T08:08:43.975189-05:00,30.265459,-97.746551,38.4,93,cellular
1439,p_008,s_00111,2026-09-16T08:09:06.233627-05:00,30.265268,-97.746447,28.3,93,cellular
1440,p_008,s_00111,2026-09-16T08:09:28.492065-05:00,30.265418,-97.746536,25.3,93,cellular
1441,p_008,s_00111,2026-09-16T08:09:50.750503-05:00,30.265416,-97.746362,33.3,93,cellular
1442,p_008,s_00111,2026-09-16T08:10:13.008941-05:00,30.265261,-97.746229,21.2,93,cellular
1443,p_008,s_00111,2026-09-16T08:10:35.267379-05:00,30.265208,-97.746312,30.4,93,cellular
1444,p_008,s_00111,2026-09-16T08:10:57.525817-05:00,30.265302,-97.74624,20.3,93,cellular
1445,p_008,s_00111,2026-09-16T08:11:19.784255-05:00,30.26537,-97.746385,29.7,93,cellular
1446,p_008,s_00111,2026-09-16T08:11:42.042693-05:00,30.265351,-97.746219,29.3,93,cellular
1447,p_008,s_00111,2026-09-16T08:12:04.301131-05:00,30.265248,-97.746321,35.5,93,cellular
1448,p_008,s_00111,2026-09-16T08:12:26.559569-05:00,30.265254,-97.746455,35.7,93,cellular
1449,p_008,s_00111,2026-09-16T08:12:48.818007-05:00,30.265234,-97.746288,23.7,93,cellular
1450,p_008,s_00111,2026-09-16T08:13:11.076445-05:00,30.265246,-97.746358,24.0,93,cellular
1451,p_008,s_00112,2026-09-16T12:20:27.400949-05:00,30.26203,-97.755122,17.7,78,cellular
1452,p_008,s_00112,2026-09-16T12:20:42.500123-05:00,30.262199,-97.755204,17.1,78,cellular
1453,p_008,s_00112,2026-09-16T12:20:57.599297-05:00,30.262112,-97.755398,29.3,78,cellular
1454,p_008,s_00112,2026-09-16T12:21:12.698471-05:00,30.262201,-97.755295,37.2,78,cellular
1455,p_008,s_00112,2026-09-16T12:21:27.797645-05:00,30.262255,-97.755247,27.3,78,cellular
1456,p_008,s_00112,2026-09-16T12:21:42.896819-05:00,30.262098,-97.755145,27.0,78,cellular
1457,p_008,s_00112,2026-09-16T12:21:57.995993-05:00,30.262156,-97.755307,14.2,78,cellular
1458,p_008,s_00112,2026-09-16T12:22:13.095167-05:00,30.262297,-97.755255,20.0,78,cellular
1459,p_008,s_00112,2026-09-16T12:22:28.194341-05:00,30.262111,-97.755313,25.2,78,cellular
1460,p_008,s_00112,2026-09-16T12:22:43.293515-05:00,30.261962,-97.753809,25.4,78,cellular
1461,p_008,s_00112,2026-09-16T12:22:58.392689-05:00,30.261849,-97.753791,29.8,78,cellular
1462,p_008,s_00112,2026-09-16T12:23:13.491863-05:00,30.261234,-97.752041,27.1,78,cellular
1463,p_008,s_00112,2026-09-16T12:23:28.591037-05:00,30.261239,-97.752079,24.2,78,cellular
1464,p_008,s_00112,2026-09-16T12:23:43.690211-05:00,30.260789,-97.750877,28.2,78,cellular
1465,p_008,s_00112,2026-09-16T12:23:58.789385-05:00,30.260895,-97.750791,22.7,78,cellular
1466,p_008,s_00112,2026-09-16T12:24:13.888559-05:00,30.260248,-97.749261,22.5,78,cellular
1467,p_008,s_00112,2026-09-16T12:24:28.987733-05:00,30.260262,-97.749265,19.7,78,cellular
1468,p_008,s_00112,2026-09-16T12:24:44.086907-05:00,30.259781,-97.747913,19.9,78,cellular
1469,p_008,s_00112,2026-09-16T12:24:59.186081-05:00,30.25978,-97.74795,32.9,78,cellular
1470,p_008,s_00112,2026-09-16T12:25:14.285255-05:00,30.259093,-97.746785,31.2,78,cellular
1471,p_008,s_00112,2026-09-16T12:25:29.384429-05:00,30.259153,-97.746683,14.1,78,cellular
1472,p_008,s_00112,2026-09-16T12:25:44.483603-05:00,30.258572,-97.745582,31.0,78,cellular
1473,p_008,s_00112,2026-09-16T12:25:59.582777-05:00,30.25859,-97.745213,20.4,78,cellular
1474,p_008,s_00112,2026-09-16T12:26:14.681951-05:00,30.258352,-97.744284,30.2,78,cellular
1475,p_008,s_00113,2026-09-16T19:02:48.569384-05:00,30.251242,-97.7466,9.1,54,wifi
1476,p_008,s_00113,2026-09-16T19:03:04.502038-05:00,30.251129,-97.746666,29.4,54,wifi
1477,p_008,s_00113,2026-09-16T19:03:20.434692-05:00,30.25112,-97.746801,21.0,54,wifi
1478,p_008,s_00113,2026-09-16T19:03:36.367346-05:00,30.251379,-97.746823,29.9,54,cellular
1479,p_008,s_00113,2026-09-16T19:03:52.300000-05:00,30.251273,-97.746702,16.5,54,wifi
1480,p_008,s_00113,2026-09-16T19:04:08.232654-05:00,30.251231,-97.746632,5.1,54,cellular
1481,p_008,s_00113,2026-09-16T19:04:24.165308-05:00,30.251324,-97.746638,16.2,54,cellular
1482,p_008,s_00113,2026-09-16T19:04:40.097962-05:00,30.2512,-97.74668,11.5,54,cellular
1483,p_008,s_00113,2026-09-16T19:04:56.030616-05:00,30.251145,-97.746702,16.6,54,cellular
1484,p_008,s_00113,2026-09-16T19:05:11.963270-05:00,30.251285,-97.746636,18.0,54,cellular
1485,p_008,s_00113,2026-09-16T19:05:27.895924-05:00,30.251185,-97.746627,22.0,54,wifi
1486,p_008,s_00113,2026-09-16T19:05:43.828578-05:00,30.251245,-97.746652,17.0,54,cellular
1487,p_008,s_00113,2026-09-16T19:05:59.761232-05:00,30.251306,-97.746725,20.3,54,wifi
1488,p_008,s_00113,2026-09-16T19:06:15.693886-05:00,30.251265,-97.746674,15.8,54,wifi
1489,p_008,s_00113,2026-09-16T19:06:31.626540-05:00,30.251251,-97.74675,7.3,54,cellular
1490,p_008,s_00113,2026-09-16T19:06:47.559194-05:00,30.251297,-97.746737,17.2,54,wifi
1491,p_008,s_00113,2026-09-16T19:07:03.491848-05:00,30.251148,-97.746861,24.9,54,cellular
1492,p_008,s_00113,2026-09-16T19:07:19.424502-05:00,30.251221,-97.746693,11.5,54,cellular
1493,p_008,s_00113,2026-09-16T19:07:35.357156-05:00,30.251447,-97.746838,20.4,54,cellular
1494,p_008,s_00113,2026-09-16T19:07:51.289810-05:00,30.251268,-97.746936,18.6,54,cellular
1495,p_008,s_00113,2026-09-16T19:08:07.222464-05:00,30.251215,-97.746749,16.0,54,cellular
1496,p_008,s_00113,2026-09-16T19:08:23.155118-05:00,30.251162,-97.746726,17.9,54,wifi
1497,p_008,s_00113,2026-09-16T19:08:39.087772-05:00,30.251154,-97.746692,5.7,54,cellular
1498,p_008,s_00113,2026-09-16T19:08:55.020426-05:00,30.251154,-97.746669,14.6,54,cellular
1499,p_008,s_00113,2026-09-16T19:09:10.953080-05:00,30.25121,-97.746631,16.7,54,cellular
1500,p_008,s_00114,2026-09-17T18:26:49.634707-05:00,30.259601,-97.728781,21.5,56,cellular
1501,p_008,s_00114,2026-09-17T18:27:11.018356-05:00,30.259582,-97.728582,30.5,56,cellular
1502,p_008,s_00114,2026-09-17T18:27:32.402005-05:00,30.259408,-97.728654,32.0,56,cellular
1503,p_008,s_00114,2026-09-17T18:27:53.785654-05:00,30.259418,-97.728715,25.1,56,cellular
1504,p_008,s_00114,2026-09-17T18:28:15.169303-05:00,30.259287,-97.728683,13.5,56,cellular
1505,p_008,s_00114,2026-09-17T18:28:36.552952-05:00,30.259338,-97.728853,24.1,56,cellular
1506,p_008,s_00114,2026-09-17T18:28:57.936601-05:00,30.259324,-97.728816,29.4,56,cellular
1507,p_008,s_00114,2026-09-17T18:29:19.320250-05:00,30.259375,-97.728745,24.9,56,cellular
1508,p_008,s_00114,2026-09-17T18:29:40.703899-05:00,30.259304,-97.728568,40.6,56,cellular
1509,p_008,s_00114,2026-09-17T18:30:02.087548-05:00,30.259396,-97.728541,30.7,56,cellular
1510,p_008,s_00115,2026-09-17T22:28:09.093769-05:00,30.265304,-97.746357,6.7,42,cellular
1511,p_008,s_00115,2026-09-17T22:28:27.458415-05:00,30.265312,-97.746428,24.3,42,cellular
1512,p_008,s_00115,2026-09-17T22:28:45.823061-05:00,30.265319,-97.746325,18.1,42,wifi
1513,p_008,s_00115,2026-09-17T22:29:04.187707-05:00,30.2653,-97.746279,13.7,42,wifi
1514,p_008,s_00115,2026-09-17T22:29:22.552353-05:00,30.26535,-97.746291,14.8,42,wifi
1515,p_008,s_00115,2026-09-17T22:29:40.916999-05:00,30.265246,-97.746386,21.4,42,wifi
1516,p_008,s_00115,2026-09-17T22:29:59.281645-05:00,30.265208,-97.746252,20.9,42,wifi
1517,p_008,s_00115,2026-09-17T22:30:17.646291-05:00,30.265346,-97.746432,26.2,42,wifi
1518,p_008,s_00115,2026-09-17T22:30:36.010937-05:00,30.265268,-97.746328,25.3,42,wifi
1519,p_008,s_00115,2026-09-17T22:30:54.375583-05:00,30.265369,-97.746244,20.7,42,wifi
1520,p_008,s_00115,2026-09-17T22:31:12.740229-05:00,30.265328,-97.746194,7.4,42,wifi
1521,p_008,s_00115,2026-09-17T22:31:31.104875-05:00,30.265351,-97.746416,15.3,42,wifi
1522,p_008,s_00115,2026-09-17T22:31:49.469521-05:00,30.265386,-97.746349,12.2,42,cellular
1523,p_008,s_00116,2026-09-18T15:45:39.405776-05:00,30.275565,-97.729692,14.3,66,wifi
1524,p_008,s_00116,2026-09-18T15:46:02.079275-05:00,30.27554,-97.729726,7.1,66,cellular
1525,p_008,s_00116,2026-09-18T15:46:24.752774-05:00,30.275507,-97.72977,15.9,66,cellular
1526,p_008,s_00116,2026-09-18T15:46:47.426273-05:00,30.275684,-97.729712,19.7,66,cellular
1527,p_008,s_00116,2026-09-18T15:47:10.099772-05:00,30.275454,-97.729675,9.1,66,cellular
1528,p_008,s_00116,2026-09-18T15:47:32.773271-05:00,30.275641,-97.729787,17.4,66,cellular
1529,p_008,s_00116,2026-09-18T15:47:55.446770-05:00,30.275601,-97.729763,4.9,66,cellular
1530,p_008,s_00116,2026-09-18T15:48:18.120269-05:00,30.275452,-97.729643,6.5,66,cellular
1531,p_008,s_00116,2026-09-18T15:48:40.793768-05:00,30.275422,-97.729721,26.0,66,cellular
1532,p_008,s_00116,2026-09-18T15:49:03.467267-05:00,30.275624,-97.729836,19.1,66,wifi
1533,p_008,s_00116,2026-09-18T15:49:26.140766-05:00,30.275607,-97.729713,15.3,66,wifi
1534,p_008,s_00117,2026-09-18T20:17:49.363143-05:00,30.278202,-97.74094,21.8,50,wifi
1535,p_008,s_00117,2026-09-18T20:18:13.495014-05:00,30.278155,-97.740853,7.2,50,wifi
1536,p_008,s_00117,2026-09-18T20:18:37.626885-05:00,30.278275,-97.740797,28.5,50,cellular
1537,p_008,s_00117,2026-09-18T20:19:01.758756-05:00,30.27818,-97.740951,16.6,50,cellular
1538,p_008,s_00117,2026-09-18T20:19:25.890627-05:00,30.278223,-97.7409,20.0,50,wifi
1539,p_008,s_00117,2026-09-18T20:19:50.022498-05:00,30.2781,-97.740693,31.6,50,cellular
1540,p_008,s_00117,2026-09-18T20:20:14.154369-05:00,30.278146,-97.740626,9.2,49,wifi
1541,p_008,s_00117,2026-09-18T20:20:38.286240-05:00,30.278162,-97.740772,16.1,49,cellular
1542,p_009,s_00118,2026-09-14T09:01:00.053858-05:00,30.253801,-97.760215,26.4,90,cellular
1543,p_009,s_00118,2026-09-14T09:01:20.474180-05:00,30.253868,-97.760438,34.1,90,cellular
1544,p_009,s_00118,2026-09-14T09:01:40.894502-05:00,30.253767,-97.760173,29.9,90,cellular
1545,p_009,s_00118,2026-09-14T09:02:01.314824-05:00,30.25376,-97.760247,31.3,90,cellular
1546,p_009,s_00118,2026-09-14T09:02:21.735146-05:00,30.253814,-97.760321,29.9,90,cellular
1547,p_009,s_00118,2026-09-14T09:02:42.155468-05:00,30.253775,-97.760377,26.9,90,cellular
1548,p_009,s_00118,2026-09-14T09:03:02.575790-05:00,30.253803,-97.760284,33.3,90,cellular
1549,p_009,s_00118,2026-09-14T09:03:22.996112-05:00,30.253637,-97.760425,21.5,90,cellular
1550,p_009,s_00118,2026-09-14T09:03:43.416434-05:00,30.2538,-97.760149,25.5,90,cellular
1551,p_009,s_00118,2026-09-14T09:04:03.836756-05:00,30.253721,-97.760289,12.3,90,cellular
1552,p_009,s_00118,2026-09-14T09:04:24.257078-05:00,30.253617,-97.760242,25.0,90,cellular
1553,p_009,s_00118,2026-09-14T09:04:44.677400-05:00,30.254754,-97.759745,25.2,90,cellular
1554,p_009,s_00118,2026-09-14T09:05:05.097722-05:00,30.255925,-97.759335,41.0,90,cellular
1555,p_009,s_00118,2026-09-14T09:05:25.518044-05:00,30.255893,-97.759228,9.4,90,cellular
1556,p_009,s_00119,2026-09-14T10:07:46.713794-05:00,30.262142,-97.755411,29.8,86,cellular
1557,p_009,s_00119,2026-09-14T10:08:11.072747-05:00,30.262153,-97.755337,7.1,86,wifi
1558,p_009,s_00119,2026-09-14T10:08:35.431700-05:00,30.262162,-97.755312,7.0,86,cellular
1559,p_009,s_00119,2026-09-14T10:08:59.790653-05:00,30.262128,-97.755376,17.4,86,wifi
1560,p_009,s_00119,2026-09-14T10:09:24.149606-05:00,30.262087,-97.755261,10.7,86,wifi
1561,p_009,s_00119,2026-09-14T10:09:48.508559-05:00,30.262095,-97.755317,19.8,86,wifi
1562,p_009,s_00119,2026-09-14T10:10:12.867512-05:00,30.262183,-97.755281,4.6,86,wifi
1563,p_009,s_00119,2026-09-14T10:10:37.226465-05:00,30.262236,-97.755301,16.5,86,wifi
1564,p_009,s_00119,2026-09-14T10:11:01.585418-05:00,30.262005,-97.755261,33.4,86,wifi
1565,p_009,s_00119,2026-09-14T10:11:25.944371-05:00,30.262072,-97.755257,21.3,86,wifi
1566,p_009,s_00119,2026-09-14T10:11:50.303324-05:00,30.262057,-97.755245,15.4,86,wifi
1567,p_009,s_00119,2026-09-14T10:12:14.662277-05:00,30.262143,-97.75539,17.7,86,wifi
1568,p_009,s_00119,2026-09-14T10:12:39.021230-05:00,30.262198,-97.755137,17.2,86,wifi
1569,p_009,s_00119,2026-09-14T10:13:03.380183-05:00,30.262075,-97.755187,10.4,86,wifi
1570,p_009,s_00119,2026-09-14T10:13:27.739136-05:00,30.262089,-97.755201,8.5,86,wifi
1571,p_009,s_00120,2026-09-14T17:39:04.251508-05:00,30.265927,-97.749957,16.3,59,cellular
1572,p_009,s_00120,2026-09-14T17:39:21.095599-05:00,30.265987,-97.749887,31.0,59,cellular
1573,p_009,s_00120,2026-09-14T17:39:37.939690-05:00,30.265974,-97.749945,26.7,59,cellular
1574,p_009,s_00120,2026-09-14T17:39:54.783781-05:00,30.265861,-97.74982,28.6,59,cellular
1575,p_009,s_00120,2026-09-14T17:40:11.627872-05:00,30.266035,-97.749846,14.2,59,cellular
1576,p_009,s_00121,2026-09-14T21:02:18.963127-05:00,30.253761,-97.760256,6.1,47,wifi
1577,p_009,s_00121,2026-09-14T21:02:36.647259-05:00,30.253818,-97.76027,21.2,47,wifi
1578,p_009,s_00121,2026-09-14T21:02:54.331391-05:00,30.253753,-97.760263,7.7,47,wifi
1579,p_009,s_00121,2026-09-14T21:03:12.015523-05:00,30.253718,-97.760242,9.6,47,wifi
1580,p_009,s_00121,2026-09-14T21:03:29.699655-05:00,30.253687,-97.760242,13.3,47,cellular
1581,p_009,s_00121,2026-09-14T21:03:47.383787-05:00,30.253794,-97.760321,12.6,47,wifi
1582,p_009,s_00121,2026-09-14T21:04:05.067919-05:00,30.25371,-97.760313,5.5,47,wifi
1583,p_009,s_00121,2026-09-14T21:04:22.752051-05:00,30.253841,-97.760267,17.5,47,wifi
1584,p_009,s_00121,2026-09-14T21:04:40.436183-05:00,30.253632,-97.760181,15.8,47,wifi
1585,p_009,s_00121,2026-09-14T21:04:58.120315-05:00,30.253444,-97.760109,31.5,47,wifi
1586,p_009,s_00121,2026-09-14T21:05:15.804447-05:00,30.253694,-97.76017,17.8,47,wifi
1587,p_009,s_00121,2026-09-14T21:05:33.488579-05:00,30.253872,-97.760297,12.1,47,wifi
1588,p_009,s_00121,2026-09-14T21:05:51.172711-05:00,30.253743,-97.760294,9.5,47,cellular
1589,p_009,s_00121,2026-09-14T21:06:08.856843-05:00,30.253753,-97.760224,8.9,47,wifi
1590,p_009,s_00121,2026-09-14T21:06:26.540975-05:00,30.253691,-97.760268,21.2,47,wifi
1591,p_009,s_00121,2026-09-14T21:06:44.225107-05:00,30.25377,-97.760466,16.9,47,wifi
1592,p_009,s_00121,2026-09-14T21:07:01.909239-05:00,30.253849,-97.760324,15.5,47,wifi
1593,p_009,s_00121,2026-09-14T21:07:19.593371-05:00,30.253739,-97.760283,19.3,47,wifi
1594,p_009,s_00121,2026-09-14T21:07:37.277503-05:00,30.253693,-97.760175,11.0,47,wifi
1595,p_009,s_00121,2026-09-14T21:07:54.961635-05:00,30.253632,-97.760363,23.1,46,wifi
1596,p_009,s_00121,2026-09-14T21:08:12.645767-05:00,30.253755,-97.760447,26.8,46,wifi
1597,p_009,s_00122,2026-09-14T22:12:41.839138-05:00,30.253833,-97.760342,12.8,43,wifi
1598,p_009,s_00122,2026-09-14T22:13:05.402273-05:00,30.253643,-97.76041,22.0,43,wifi
1599,p_009,s_00122,2026-09-14T22:13:28.965408-05:00,30.253632,-97.760339,22.9,43,wifi
1600,p_009,s_00122,2026-09-14T22:13:52.528543-05:00,30.253592,-97.760259,23.6,43,wifi
1601,p_009,s_00122,2026-09-14T22:14:16.091678-05:00,30.253692,-97.760259,13.1,43,wifi
1602,p_009,s_00122,2026-09-14T22:14:39.654813-05:00,30.253798,-97.760409,21.8,42,wifi
1603,p_009,s_00122,2026-09-14T22:15:03.217948-05:00,30.253829,-97.76026,13.4,42,wifi
1604,p_009,s_00122,2026-09-14T22:15:26.781083-05:00,30.253835,-97.760425,5.8,42,wifi
1605,p_009,s_00122,2026-09-14T22:15:50.344218-05:00,30.253709,-97.76035,27.3,42,wifi
1606,p_009,s_00122,2026-09-14T22:16:13.907353-05:00,30.253855,-97.760275,25.4,42,cellular
1607,p_009,s_00122,2026-09-14T22:16:37.470488-05:00,30.253646,-97.760331,18.5,42,wifi
1608,p_009,s_00122,2026-09-14T22:17:01.033623-05:00,30.253772,-97.760235,4.9,42,cellular
1609,p_009,s_00122,2026-09-14T22:17:24.596758-05:00,30.25377,-97.760172,13.8,42,wifi
1610,p_009,s_00122,2026-09-14T22:17:48.159893-05:00,30.253763,-97.760273,8.7,42,cellular
1611,p_009,s_00122,2026-09-14T22:18:11.723028-05:00,30.253798,-97.760284,21.6,42,wifi
1612,p_009,s_00122,2026-09-14T22:18:35.286163-05:00,30.253694,-97.760131,24.0,42,wifi
1613,p_009,s_00122,2026-09-14T22:18:58.849298-05:00,30.253791,-97.760302,6.1,42,wifi
1614,p_009,s_00123,2026-09-15T12:54:11.683149-05:00,30.265889,-97.749939,32.8,76,cellular
1615,p_009,s_00123,2026-09-15T12:54:34.234889-05:00,30.266143,-97.749752,29.3,76,cellular
1616,p_009,s_00123,2026-09-15T12:54:56.786629-05:00,30.266093,-97.749737,24.3,76,cellular
1617,p_009,s_00124,2026-09-15T15:18:22.893069-05:00,30.265935,-97.74985,36.4,67,cellular
1618,p_009,s_00124,2026-09-15T15:18:45.735697-05:00,30.26607,-97.749911,17.6,67,cellular
1619,p_009,s_00124,2026-09-15T15:19:08.578325-05:00,30.26611,-97.750017,30.5,67,cellular
1620,p_009,s_00124,2026-09-15T15:19:31.420953-05:00,30.266003,-97.749943,20.8,67,cellular
1621,p_009,s_00124,2026-09-15T15:19:54.263581-05:00,30.265974,-97.749928,25.1,67,cellular
1622,p_009,s_00124,2026-09-15T15:20:17.106209-05:00,30.266017,-97.749848,12.8,67,cellular
1623,p_009,s_00124,2026-09-15T15:20:39.948837-05:00,30.2661,-97.749827,28.8,67,cellular
1624,p_009,s_00124,2026-09-15T15:21:02.791465-05:00,30.266066,-97.749848,32.1,67,cellular
1625,p_009,s_00124,2026-09-15T15:21:25.634093-05:00,30.265861,-97.749755,25.5,67,cellular
1626,p_009,s_00125,2026-09-15T21:30:41.540325-05:00,30.253705,-97.760278,25.7,45,wifi
1627,p_009,s_00125,2026-09-15T21:31:02.092724-05:00,30.253757,-97.760237,18.0,45,wifi
1628,p_009,s_00125,2026-09-15T21:31:22.645123-05:00,30.253781,-97.760224,6.0,45,wifi
1629,p_009,s_00125,2026-09-15T21:31:43.197522-05:00,30.253809,-97.76022,17.5,45,wifi
1630,p_009,s_00126,2026-09-16T07:50:29.047328-05:00,30.25367,-97.760255,19.5,94,cellular
1631,p_009,s_00126,2026-09-16T07:50:48.851824-05:00,30.253877,-97.760284,25.6,94,cellular
1632,p_009,s_00126,2026-09-16T07:51:08.656320-05:00,30.253802,-97.760253,15.0,94,cellular
1633,p_009,s_00126,2026-09-16T07:51:28.460816-05:00,30.253774,-97.760309,12.8,94,cellular
1634,p_009,s_00126,2026-09-16T07:51:48.265312-05:00,30.253675,-97.760381,22.1,94,cellular
1635,p_009,s_00126,2026-09-16T07:52:08.069808-05:00,30.253832,-97.760342,16.6,94,cellular
1636,p_009,s_00126,2026-09-16T07:52:27.874304-05:00,30.253795,-97.760266,19.8,94,cellular
1637,p_009,s_00126,2026-09-16T07:52:47.678800-05:00,30.253744,-97.760355,28.4,94,cellular
1638,p_009,s_00126,2026-09-16T07:53:07.483296-05:00,30.253607,-97.760383,23.1,94,cellular
1639,p_009,s_00126,2026-09-16T07:53:27.287792-05:00,30.253733,-97.760243,15.1,94,cellular
1640,p_009,s_00126,2026-09-16T07:53:47.092288-05:00,30.25389,-97.760083,29.4,94,cellular
1641,p_009,s_00126,2026-09-16T07:54:06.896784-05:00,30.253756,-97.760296,16.5,94,cellular
1642,p_009,s_00126,2026-09-16T07:54:26.701280-05:00,30.253828,-97.760428,36.0,94,cellular
1643,p_009,s_00126,2026-09-16T07:54:46.505776-05:00,30.253804,-97.760296,21.8,94,cellular
1644,p_009,s_00126,2026-09-16T07:55:06.310272-05:00,30.253822,-97.760189,29.8,94,cellular
1645,p_009,s_00126,2026-09-16T07:55:26.114768-05:00,30.253922,-97.760185,22.5,94,cellular
1646,p_009,s_00126,2026-09-16T07:55:45.919264-05:00,30.25365,-97.760137,23.3,94,cellular
1647,p_009,s_00126,2026-09-16T07:56:05.723760-05:00,30.253663,-97.760129,30.3,94,cellular
1648,p_009,s_00127,2026-09-16T19:11:38.723750-05:00,30.253833,-97.760074,7.0,53,wifi
1649,p_009,s_00127,2026-09-16T19:11:58.681615-05:00,30.253814,-97.760208,11.9,53,wifi
1650,p_009,s_00127,2026-09-16T19:12:18.639480-05:00,30.253753,-97.760259,12.2,53,wifi
1651,p_009,s_00127,2026-09-16T19:12:38.597345-05:00,30.253997,-97.760382,19.4,53,wifi
1652,p_009,s_00127,2026-09-16T19:12:58.555210-05:00,30.253786,-97.76033,14.1,53,wifi
1653,p_009,s_00127,2026-09-16T19:13:18.513075-05:00,30.253688,-97.760224,14.3,53,wifi
1654,p_009,s_00127,2026-09-16T19:13:38.470940-05:00,30.253734,-97.760069,25.7,53,wifi
1655,p_009,s_00127,2026-09-16T19:13:58.428805-05:00,30.253742,-97.760299,12.0,53,wifi
1656,p_009,s_00127,2026-09-16T19:14:18.386670-05:00,30.253793,-97.760311,14.7,53,wifi
1657,p_009,s_00127,2026-09-16T19:14:38.344535-05:00,30.253761,-97.760273,20.2,53,wifi
1658,p_009,s_00127,2026-09-16T19:14:58.302400-05:00,30.253785,-97.760523,20.9,53,wifi
1659,p_009,s_00127,2026-09-16T19:15:18.260265-05:00,30.253771,-97.760326,5.5,53,wifi
1660,p_009,s_00127,2026-09-16T19:15:38.218130-05:00,30.253749,-97.76029,7.9,53,wifi
1661,p_009,s_00127,2026-09-16T19:15:58.175995-05:00,30.253767,-97.760213,14.4,53,cellular
1662,p_009,s_00128,2026-09-16T21:54:44.078462-05:00,30.253873,-97.760374,16.2,44,cellular
1663,p_009,s_00128,2026-09-16T21:55:01.972990-05:00,30.253784,-97.760419,13.4,44,wifi
1664,p_009,s_00128,2026-09-16T21:55:19.867518-05:00,30.25378,-97.760248,24.0,44,wifi
1665,p_009,s_00128,2026-09-16T21:55:37.762046-05:00,30.253816,-97.760267,17.1,44,wifi
1666,p_009,s_00128,2026-09-16T21:55:55.656574-05:00,30.253818,-97.76033,17.0,44,wifi
1667,p_009,s_00128,2026-09-16T21:56:13.551102-05:00,30.253609,-97.760398,11.7,44,wifi
1668,p_009,s_00128,2026-09-16T21:56:31.445630-05:00,30.253786,-97.760352,23.7,44,wifi
1669,p_009,s_00128,2026-09-16T21:56:49.340158-05:00,30.253747,-97.760374,5.8,44,cellular
1670,p_009,s_00128,2026-09-16T21:57:07.234686-05:00,30.253815,-97.760364,34.0,44,wifi
1671,p_009,s_00128,2026-09-16T21:57:25.129214-05:00,30.253795,-97.760388,11.7,44,wifi
1672,p_009,s_00129,2026-09-17T08:00:35.574865-05:00,30.253758,-97.760112,30.6,94,cellular
1673,p_009,s_00129,2026-09-17T08:00:55.339171-05:00,30.253842,-97.760136,15.3,94,cellular
1674,p_009,s_00129,2026-09-17T08:01:15.103477-05:00,30.253777,-97.760542,17.5,94,cellular
1675,p_009,s_00129,2026-09-17T08:01:34.867783-05:00,30.253847,-97.760209,37.5,94,cellular
1676,p_009,s_00129,2026-09-17T08:01:54.632089-05:00,30.253881,-97.760523,28.5,94,cellular
1677,p_009,s_00129,2026-09-17T08:02:14.396395-05:00,30.253756,-97.760116,35.8,94,cellular
1678,p_009,s_00129,2026-09-17T08:02:34.160701-05:00,30.253644,-97.760265,17.8,94,cellular
1679,p_009,s_00129,2026-09-17T08:02:53.925007-05:00,30.253526,-97.760371,30.8,94,cellular
1680,p_009,s_00129,2026-09-17T08:03:13.689313-05:00,30.253785,-97.760157,23.7,94,cellular
1681,p_009,s_00129,2026-09-17T08:03:33.453619-05:00,30.253594,-97.760156,34.9,94,cellular
1682,p_009,s_00129,2026-09-17T08:03:53.217925-05:00,30.253832,-97.760372,23.6,94,cellular
1683,p_009,s_00130,2026-09-17T16:22:08.016375-05:00,30.278014,-97.753587,15.2,64,wifi
1684,p_009,s_00130,2026-09-17T16:22:26.475000-05:00,30.278051,-97.753683,11.4,64,wifi
1685,p_009,s_00130,2026-09-17T16:22:44.933625-05:00,30.277982,-97.753785,6.2,64,wifi
1686,p_009,s_00130,2026-09-17T16:23:03.392250-05:00,30.278055,-97.753692,24.6,64,wifi
1687,p_009,s_00130,2026-09-17T16:23:21.850875-05:00,30.277979,-97.753817,9.9,64,wifi
1688,p_009,s_00130,2026-09-17T16:23:40.309500-05:00,30.278052,-97.753777,8.7,64,wifi
1689,p_009,s_00130,2026-09-17T16:23:58.768125-05:00,30.278028,-97.753784,14.8,64,wifi
1690,p_009,s_00130,2026-09-17T16:24:17.226750-05:00,30.278009,-97.753704,14.3,64,wifi
1691,p_009,s_00130,2026-09-17T16:24:35.685375-05:00,30.277779,-97.753863,22.7,63,wifi
1692,p_009,s_00130,2026-09-17T16:24:54.144000-05:00,30.277921,-97.753826,22.8,63,cellular
1693,p_009,s_00130,2026-09-17T16:25:12.602625-05:00,30.277941,-97.753782,6.8,63,wifi
1694,p_009,s_00131,2026-09-17T19:42:31.390535-05:00,30.253666,-97.760433,25.8,52,wifi
1695,p_009,s_00131,2026-09-17T19:42:49.324135-05:00,30.253809,-97.760279,17.0,52,wifi
1696,p_009,s_00131,2026-09-17T19:43:07.257735-05:00,30.253697,-97.760234,13.8,52,wifi
1697,p_009,s_00131,2026-09-17T19:43:25.191335-05:00,30.253668,-97.760299,22.7,52,wifi
1698,p_009,s_00131,2026-09-17T19:43:43.124935-05:00,30.253852,-97.760286,14.6,52,wifi
1699,p_009,s_00131,2026-09-17T19:44:01.058535-05:00,30.253788,-97.76019,6.7,52,wifi
1700,p_009,s_00131,2026-09-17T19:44:18.992135-05:00,30.253786,-97.760194,15.7,52,wifi
1701,p_009,s_00131,2026-09-17T19:44:36.925735-05:00,30.253656,-97.760155,16.9,51,wifi
1702,p_009,s_00131,2026-09-17T19:44:54.859335-05:00,30.253801,-97.760252,22.4,51,wifi
1703,p_009,s_00131,2026-09-17T19:45:12.792935-05:00,30.253735,-97.760246,9.6,51,wifi
1704,p_009,s_00131,2026-09-17T19:45:30.726535-05:00,30.25354,-97.760281,33.3,51,wifi
1705,p_009,s_00131,2026-09-17T19:45:48.660135-05:00,30.253697,-97.760415,15.7,51,wifi
1706,p_009,s_00131,2026-09-17T19:46:06.593735-05:00,30.25382,-97.76016,15.8,51,wifi
1707,p_009,s_00131,2026-09-17T19:46:24.527335-05:00,30.253727,-97.760227,21.7,51,wifi
1708,p_009,s_00131,2026-09-17T19:46:42.460935-05:00,30.253645,-97.76019,11.6,51,cellular
1709,p_009,s_00131,2026-09-17T19:47:00.394535-05:00,30.253749,-97.760323,4.7,51,wifi
1710,p_009,s_00131,2026-09-17T19:47:18.328135-05:00,30.253675,-97.760439,19.1,51,cellular
1711,p_009,s_00131,2026-09-17T19:47:36.261735-05:00,30.253755,-97.760273,20.3,51,cellular
1712,p_009,s_00131,2026-09-17T19:47:54.195335-05:00,30.253754,-97.760274,21.2,51,cellular
1713,p_009,s_00131,2026-09-17T19:48:12.128935-05:00,30.253676,-97.760355,17.6,51,wifi
1714,p_009,s_00131,2026-09-17T19:48:30.062535-05:00,30.253557,-97.760262,17.6,51,wifi
1715,p_009,s_00131,2026-09-17T19:48:47.996135-05:00,30.253731,-97.760291,6.8,51,wifi
1716,p_009,s_00131,2026-09-17T19:49:05.929735-05:00,30.253777,-97.760328,11.6,51,wifi
1717,p_009,s_00132,2026-09-17T21:27:04.819335-05:00,30.253847,-97.760305,19.0,45,wifi
1718,p_009,s_00132,2026-09-17T21:27:27.538526-05:00,30.253786,-97.760323,15.4,45,wifi
1719,p_009,s_00132,2026-09-17T21:27:50.257717-05:00,30.253865,-97.76018,13.0,45,wifi
1720,p_009,s_00132,2026-09-17T21:28:12.976908-05:00,30.253675,-97.760363,17.6,45,wifi
1721,p_009,s_00132,2026-09-17T21:28:35.696099-05:00,30.25381,-97.760261,17.9,45,wifi
1722,p_009,s_00132,2026-09-17T21:28:58.415290-05:00,30.253732,-97.760411,15.4,45,cellular
1723,p_009,s_00133,2026-09-18T12:03:01.300670-05:00,30.255724,-97.743872,16.3,79,cellular
1724,p_009,s_00133,2026-09-18T12:03:22.697954-05:00,30.2557,-97.743743,13.6,79,cellular
1725,p_009,s_00133,2026-09-18T12:03:44.095238-05:00,30.255615,-97.743965,23.4,79,cellular
1726,p_009,s_00133,2026-09-18T12:04:05.492522-05:00,30.255513,-97.74398,27.0,79,wifi
1727,p_009,s_00133,2026-09-18T12:04:26.889806-05:00,30.255668,-97.743794,19.4,79,cellular
1728,p_009,s_00133,2026-09-18T12:04:48.287090-05:00,30.255767,-97.743836,5.6,79,cellular
1729,p_009,s_00133,2026-09-18T12:05:09.684374-05:00,30.255747,-97.744007,23.7,79,cellular
1730,p_009,s_00133,2026-09-18T12:05:31.081658-05:00,30.255672,-97.743929,10.4,79,wifi
1731,p_009,s_00133,2026-09-18T12:05:52.478942-05:00,30.255595,-97.7439,24.1,79,cellular
1732,p_009,s_00133,2026-09-18T12:06:13.876226-05:00,30.255751,-97.743813,10.0,79,cellular
1733,p_009,s_00133,2026-09-18T12:06:35.273510-05:00,30.255733,-97.743933,15.9,79,cellular
1734,p_009,s_00133,2026-09-18T12:06:56.670794-05:00,30.255681,-97.743973,16.8,79,cellular
1735,p_009,s_00133,2026-09-18T12:07:18.068078-05:00,30.255609,-97.743908,19.4,79,cellular
1736,p_009,s_00134,2026-09-18T22:49:30.840534-05:00,30.253684,-97.760386,12.0,40,cellular
1737,p_009,s_00134,2026-09-18T22:49:49.648926-05:00,30.253758,-97.760276,19.4,40,cellular
1738,p_009,s_00134,2026-09-18T22:50:08.457318-05:00,30.253661,-97.760193,19.4,40,wifi
1739,p_009,s_00134,2026-09-18T22:50:27.265710-05:00,30.253736,-97.760386,11.1,40,wifi
1740,p_009,s_00134,2026-09-18T22:50:46.074102-05:00,30.253737,-97.76022,6.7,40,wifi
1741,p_009,s_00134,2026-09-18T22:51:04.882494-05:00,30.253749,-97.760367,27.0,40,wifi
1742,p_009,s_00134,2026-09-18T22:51:23.690886-05:00,30.253715,-97.760342,28.6,40,wifi
1743,p_009,s_00134,2026-09-18T22:51:42.499278-05:00,30.253778,-97.760272,6.6,40,wifi
1744,p_010,s_00135,2026-09-14T11:51:56.804396-05:00,30.252367,-97.723639,33.5,82,cellular
1745,p_010,s_00135,2026-09-14T11:52:19.026885-05:00,30.252326,-97.723661,5.8,82,cellular
1746,p_010,s_00135,2026-09-14T11:52:41.249374-05:00,30.252274,-97.723413,24.5,82,cellular
1747,p_010,s_00136,2026-09-14T19:08:56.626151-05:00,30.252351,-97.723476,25.4,56,cellular
1748,p_010,s_00136,2026-09-14T19:09:16.602909-05:00,30.252315,-97.723709,20.4,56,cellular
1749,p_010,s_00136,2026-09-14T19:09:36.579667-05:00,30.252231,-97.723653,21.2,56,cellular
1750,p_010,s_00136,2026-09-14T19:09:56.556425-05:00,30.252388,-97.72381,26.7,56,cellular
1751,p_010,s_00136,2026-09-14T19:10:16.533183-05:00,30.252422,-97.723628,22.6,56,cellular
1752,p_010,s_00136,2026-09-14T19:10:36.509941-05:00,30.252096,-97.723542,23.4,56,cellular
1753,p_010,s_00136,2026-09-14T19:10:56.486699-05:00,30.252255,-97.723615,19.7,56,cellular
1754,p_010,s_00136,2026-09-14T19:11:16.463457-05:00,30.252346,-97.723582,27.1,56,cellular
1755,p_010,s_00136,2026-09-14T19:11:36.440215-05:00,30.252295,-97.723532,14.7,56,cellular
1756,p_010,s_00136,2026-09-14T19:11:56.416973-05:00,30.252371,-97.723614,33.0,56,cellular
1757,p_010,s_00136,2026-09-14T19:12:16.393731-05:00,30.252232,-97.723716,21.5,56,cellular
1758,p_010,s_00137,2026-09-14T20:57:28.533729-05:00,30.252272,-97.723635,32.6,49,cellular
1759,p_010,s_00137,2026-09-14T20:57:47.386163-05:00,30.252296,-97.723817,27.7,49,cellular
1760,p_010,s_00137,2026-09-14T20:58:06.238597-05:00,30.252086,-97.723834,23.0,49,cellular
1761,p_010,s_00137,2026-09-14T20:58:25.091031-05:00,30.252176,-97.723803,18.5,49,cellular
1762,p_010,s_00137,2026-09-14T20:58:43.943465-05:00,30.252341,-97.723614,10.4,49,cellular
1763,p_010,s_00137,2026-09-14T20:59:02.795899-05:00,30.252229,-97.723674,36.5,49,cellular
1764,p_010,s_00137,2026-09-14T20:59:21.648333-05:00,30.25229,-97.723669,22.5,49,cellular
1765,p_010,s_00137,2026-09-14T20:59:40.500767-05:00,30.252223,-97.723596,35.3,49,cellular
1766,p_010,s_00137,2026-09-14T20:59:59.353201-05:00,30.252276,-97.723587,22.6,49,cellular
1767,p_010,s_00137,2026-09-14T21:00:18.205635-05:00,30.252251,-97.723569,15.6,49,cellular
1768,p_010,s_00137,2026-09-14T21:00:37.058069-05:00,30.252429,-97.723708,24.2,49,cellular
1769,p_010,s_00137,2026-09-14T21:00:55.910503-05:00,30.252248,-97.72381,19.8,49,cellular
1770,p_010,s_00137,2026-09-14T21:01:14.762937-05:00,30.252376,-97.72367,30.3,49,cellular
1771,p_010,s_00137,2026-09-14T21:01:33.615371-05:00,30.252192,-97.723535,30.1,49,cellular
1772,p_010,s_00138,2026-09-14T21:49:52.728598-05:00,30.250606,-97.76136,17.8,46,wifi
1773,p_010,s_00138,2026-09-14T21:50:16.712253-05:00,30.25059,-97.761331,23.9,46,wifi
1774,p_010,s_00138,2026-09-14T21:50:40.695908-05:00,30.250767,-97.761389,28.8,46,wifi
1775,p_010,s_00138,2026-09-14T21:51:04.679563-05:00,30.25058,-97.761437,13.7,46,wifi
1776,p_010,s_00138,2026-09-14T21:51:28.663218-05:00,30.250679,-97.76134,6.1,46,wifi
1777,p_010,s_00138,2026-09-14T21:51:52.646873-05:00,30.250673,-97.761459,12.1,46,cellular
1778,p_010,s_00138,2026-09-14T21:52:16.630528-05:00,30.250689,-97.761617,23.5,46,wifi
1779,p_010,s_00138,2026-09-14T21:52:40.614183-05:00,30.250676,-97.761517,4.3,46,wifi
1780,p_010,s_00138,2026-09-14T21:53:04.597838-05:00,30.250754,-97.761344,24.2,46,wifi
1781,p_010,s_00138,2026-09-14T21:53:28.581493-05:00,30.250645,-97.761374,21.9,46,wifi
1782,p_010,s_00138,2026-09-14T21:53:52.565148-05:00,30.250614,-97.761276,18.9,46,wifi
1783,p_010,s_00138,2026-09-14T21:54:16.548803-05:00,30.250616,-97.761352,23.3,46,wifi
1784,p_010,s_00139,2026-09-15T07:14:04.365717-05:00,30.250508,-97.761448,25.7,99,cellular
1785,p_010,s_00139,2026-09-15T07:14:23.632884-05:00,30.250675,-97.761385,13.8,99,cellular
1786,p_010,s_00139,2026-09-15T07:14:42.900051-05:00,30.250594,-97.761348,24.1,99,cellular
1787,p_010,s_00139,2026-09-15T07:15:02.167218-05:00,30.250805,-97.761552,29.7,99,cellular
1788,p_010,s_00139,2026-09-15T07:15:21.434385-05:00,30.250686,-97.761556,34.7,99,cellular
1789,p_010,s_00139,2026-09-15T07:15:40.701552-05:00,30.250723,-97.761396,22.2,99,cellular
1790,p_010,s_00139,2026-09-15T07:15:59.968719-05:00,30.250725,-97.761314,30.4,99,cellular
1791,p_010,s_00139,2026-09-15T07:16:19.235886-05:00,30.250605,-97.761487,19.4,99,cellular
1792,p_010,s_00139,2026-09-15T07:16:38.503053-05:00,30.250809,-97.761417,29.9,98,cellular
1793,p_010,s_00139,2026-09-15T07:16:57.770220-05:00,30.25066,-97.761409,22.6,98,cellular
1794,p_010,s_00139,2026-09-15T07:17:17.037387-05:00,30.250766,-97.761311,32.3,98,cellular
1795,p_010,s_00140,2026-09-15T07:58:24.306907-05:00,30.250735,-97.761374,22.3,96,cellular
1796,p_010,s_00140,2026-09-15T07:58:44.229569-05:00,30.2506,-97.761318,12.7,96,cellular
1797,p_010,s_00140,2026-09-15T07:59:04.152231-05:00,30.250576,-97.76135,18.7,96,cellular
1798,p_010,s_00140,2026-09-15T07:59:24.074893-05:00,30.25079,-97.761226,22.9,96,cellular
1799,p_010,s_00140,2026-09-15T07:59:43.997555-05:00,30.250489,-97.761371,26.4,96,cellular
1800,p_010,s_00140,2026-09-15T08:00:03.920217-05:00,30.250676,-97.761366,19.0,96,cellular
1801,p_010,s_00140,2026-09-15T08:00:23.842879-05:00,30.250695,-97.761416,23.5,96,cellular
1802,p_010,s_00140,2026-09-15T08:00:43.765541-05:00,30.250621,-97.761481,35.8,96,cellular
1803,p_010,s_00140,2026-09-15T08:01:03.688203-05:00,30.250666,-97.761417,18.1,96,cellular
1804,p_010,s_00141,2026-09-15T15:26:55.510831-05:00,30.274934,-97.742273,6.4,69,wifi
1805,p_010,s_00141,2026-09-15T15:27:19.780894-05:00,30.274819,-97.742328,22.0,69,wifi
1806,p_010,s_00141,2026-09-15T15:27:44.050957-05:00,30.274967,-97.742253,13.2,69,cellular
1807,p_010,s_00141,2026-09-15T15:28:08.321020-05:00,30.274834,-97.742168,4.2,69,wifi
1808,p_010,s_00141,2026-09-15T15:28:32.591083-05:00,30.274814,-97.742347,25.3,69,wifi
1809,p_010,s_00141,2026-09-15T15:28:56.861146-05:00,30.274943,-97.742342,9.0,69,wifi
1810,p_010,s_00141,2026-09-15T15:29:21.131209-05:00,30.275021,-97.742218,6.2,69,wifi
1811,p_010,s_00141,2026-09-15T15:29:45.401272-05:00,30.27491,-97.742236,14.9,69,wifi
1812,p_010,s_00141,2026-09-15T15:30:09.671335-05:00,30.27507,-97.742153,6.3,69,wifi
1813,p_010,s_00141,2026-09-15T15:30:33.941398-05:00,30.274963,-97.742129,19.3,69,wifi
1814,p_010,s_00141,2026-09-15T15:30:58.211461-05:00,30.275012,-97.742181,30.5,69,wifi
1815,p_010,s_00141,2026-09-15T15:31:22.481524-05:00,30.274912,-97.742195,4.9,69,wifi
1816,p_010,s_00141,2026-09-15T15:31:46.751587-05:00,30.274952,-97.74226,14.7,69,wifi
1817,p_010,s_00141,2026-09-15T15:32:11.021650-05:00,30.274899,-97.742181,21.0,69,wifi
1818,p_010,s_00142,2026-09-15T21:58:03.421763-05:00,30.274876,-97.737715,32.0,46,cellular
1819,p_010,s_00142,2026-09-15T21:58:25.550797-05:00,30.274959,-97.73755,18.6,46,cellular
1820,p_010,s_00142,2026-09-15T21:58:47.679831-05:00,30.274986,-97.737595,36.5,46,cellular
1821,p_010,s_00142,2026-09-15T21:59:09.808865-05:00,30.274852,-97.737596,26.4,46,cellular
1822,p_010,s_00142,2026-09-15T21:59:31.937899-05:00,30.275033,-97.737459,24.4,46,cellular
1823,p_010,s_00142,2026-09-15T21:59:54.066933-05:00,30.275022,-97.737614,27.5,45,cellular
1824,p_010,s_00142,2026-09-15T22:00:16.195967-05:00,30.275019,-97.737552,18.8,45,cellular
1825,p_010,s_00142,2026-09-15T22:00:38.325001-05:00,30.274932,-97.737537,29.2,45,cellular
1826,p_010,s_00142,2026-09-15T22:01:00.454035-05:00,30.274807,-97.737611,28.0,45,cellular
1827,p_010,s_00142,2026-09-15T22:01:22.583069-05:00,30.274875,-97.737682,18.7,45,cellular
1828,p_010,s_00142,2026-09-15T22:01:44.712103-05:00,30.274909,-97.737534,16.1,45,cellular
1829,p_010,s_00142,2026-09-15T22:02:06.841137-05:00,30.272913,-97.739565,18.9,45,cellular
1830,p_010,s_00142,2026-09-15T22:02:28.970171-05:00,30.27308,-97.739513,29.5,45,cellular
1831,p_010,s_00142,2026-09-15T22:02:51.099205-05:00,30.270872,-97.741599,14.2,45,cellular
1832,p_010,s_00142,2026-09-15T22:03:13.228239-05:00,30.268694,-97.743576,36.1,45,cellular
1833,p_010,s_00142,2026-09-15T22:03:35.357273-05:00,30.266573,-97.745766,22.5,45,cellular
1834,p_010,s_00142,2026-09-15T22:03:57.486307-05:00,30.266624,-97.745891,38.8,45,cellular
1835,p_010,s_00143,2026-09-16T08:55:36.390360-05:00,30.252329,-97.723786,4.7,93,wifi
1836,p_010,s_00143,2026-09-16T08:55:52.331479-05:00,30.252335,-97.723781,9.0,93,wifi
1837,p_010,s_00143,2026-09-16T08:56:08.272598-05:00,30.252198,-97.723676,12.9,93,wifi
1838,p_010,s_00143,2026-09-16T08:56:24.213717-05:00,30.252249,-97.723753,11.5,93,wifi
1839,p_010,s_00143,2026-09-16T08:56:40.154836-05:00,30.252269,-97.723721,15.0,92,wifi
1840,p_010,s_00143,2026-09-16T08:56:56.095955-05:00,30.252286,-97.72372,15.3,92,wifi
1841,p_010,s_00143,2026-09-16T08:57:12.037074-05:00,30.252367,-97.723669,27.6,92,cellular
1842,p_010,s_00143,2026-09-16T08:57:27.978193-05:00,30.252229,-97.723735,24.4,92,wifi
1843,p_010,s_00143,2026-09-16T08:57:43.919312-05:00,30.252327,-97.723486,17.0,92,cellular
1844,p_010,s_00143,2026-09-16T08:57:59.860431-05:00,30.252311,-97.723559,7.8,92,cellular
1845,p_010,s_00143,2026-09-16T08:58:15.801550-05:00,30.252303,-97.723761,4.9,92,wifi
1846,p_010,s_00143,2026-09-16T08:58:31.742669-05:00,30.252323,-97.723677,9.4,92,wifi
1847,p_010,s_00143,2026-09-16T08:58:47.683788-05:00,30.252288,-97.723636,9.0,92,wifi
1848,p_010,s_00143,2026-09-16T08:59:03.624907-05:00,30.252315,-97.723669,5.3,92,wifi
1849,p_010,s_00143,2026-09-16T08:59:19.566026-05:00,30.252279,-97.723713,19.2,92,wifi
1850,p_010,s_00143,2026-09-16T08:59:35.507145-05:00,30.252168,-97.723572,14.6,92,wifi
1851,p_010,s_00143,2026-09-16T08:59:51.448264-05:00,30.252277,-97.72363,15.3,92,wifi
1852,p_010,s_00143,2026-09-16T09:00:07.389383-05:00,30.252388,-97.723782,11.4,92,wifi
1853,p_010,s_00144,2026-09-16T12:06:45.408706-05:00,30.252312,-97.723625,13.1,81,wifi
1854,p_010,s_00144,2026-09-16T12:07:04.793520-05:00,30.252218,-97.72377,11.5,81,wifi
1855,p_010,s_00144,2026-09-16T12:07:24.178334-05:00,30.252159,-97.723624,23.6,81,wifi
1856,p_010,s_00144,2026-09-16T12:07:43.563148-05:00,30.252316,-97.723744,20.2,81,cellular
1857,p_010,s_00144,2026-09-16T12:08:02.947962-05:00,30.252384,-97.723478,33.2,81,cellular
1858,p_010,s_00144,2026-09-16T12:08:22.332776-05:00,30.252335,-97.723685,24.8,81,cellular
1859,p_010,s_00144,2026-09-16T12:08:41.717590-05:00,30.252339,-97.723508,30.1,81,cellular
1860,p_010,s_00144,2026-09-16T12:09:01.102404-05:00,30.252344,-97.723597,24.0,81,cellular
1861,p_010,s_00145,2026-09-16T14:33:51.473598-05:00,30.276784,-97.742087,15.7,72,wifi
1862,p_010,s_00145,2026-09-16T14:34:16.386650-05:00,30.276829,-97.742231,14.0,72,wifi
1863,p_010,s_00145,2026-09-16T14:34:41.299702-05:00,30.276935,-97.742132,21.0,72,wifi
1864,p_010,s_00145,2026-09-16T14:35:06.212754-05:00,30.276866,-97.742011,23.0,72,cellular
1865,p_010,s_00145,2026-09-16T14:35:31.125806-05:00,30.276852,-97.742122,19.9,72,wifi
1866,p_010,s_00145,2026-09-16T14:35:56.038858-05:00,30.27689,-97.742108,10.6,72,wifi
1867,p_010,s_00145,2026-09-16T14:36:20.951910-05:00,30.276848,-97.74207,10.8,72,cellular
1868,p_010,s_00145,2026-09-16T14:36:45.864962-05:00,30.27688,-97.742029,17.9,72,wifi
1869,p_010,s_00145,2026-09-16T14:37:10.778014-05:00,30.276823,-97.742017,16.4,72,wifi
1870,p_010,s_00145,2026-09-16T14:37:35.691066-05:00,30.276732,-97.742107,8.9,72,wifi
1871,p_010,s_00145,2026-09-16T14:38:00.604118-05:00,30.276813,-97.742073,23.3,72,wifi
1872,p_010,s_00145,2026-09-16T14:38:25.517170-05:00,30.276782,-97.742024,7.7,72,wifi
1873,p_010,s_00146,2026-09-16T20:45:25.332872-05:00,30.281533,-97.734606,24.9,50,wifi
1874,p_010,s_00146,2026-09-16T20:45:48.070719-05:00,30.281525,-97.734939,28.4,50,cellular
1875,p_010,s_00146,2026-09-16T20:46:10.808566-05:00,30.281468,-97.734626,8.5,50,wifi
1876,p_010,s_00146,2026-09-16T20:46:33.546413-05:00,30.281533,-97.734795,25.5,50,cellular
1877,p_010,s_00146,2026-09-16T20:46:56.284260-05:00,30.281435,-97.734783,27.0,50,cellular
1878,p_010,s_00146,2026-09-16T20:47:19.022107-05:00,30.281613,-97.734867,16.7,50,cellular
1879,p_010,s_00146,2026-09-16T20:47:41.759954-05:00,30.281475,-97.734716,4.9,50,wifi
1880,p_010,s_00146,2026-09-16T20:48:04.497801-05:00,30.281508,-97.734784,6.0,50,cellular
1881,p_010,s_00146,2026-09-16T20:48:27.235648-05:00,30.281443,-97.734817,12.7,50,cellular
1882,p_010,s_00146,2026-09-16T20:48:49.973495-05:00,30.281689,-97.73488,14.8,50,cellular
1883,p_010,s_00146,2026-09-16T20:49:12.711342-05:00,30.281429,-97.734843,20.1,50,cellular
1884,p_010,s_00146,2026-09-16T20:49:35.449189-05:00,30.281421,-97.734604,23.1,50,cellular
1885,p_010,s_00146,2026-09-16T20:49:58.187036-05:00,30.28161,-97.734702,20.1,50,wifi
1886,p_010,s_00146,2026-09-16T20:50:20.924883-05:00,30.281611,-97.734778,10.7,50,cellular
1887,p_010,s_00146,2026-09-16T20:50:43.662730-05:00,30.281558,-97.734789,12.4,50,cellular
1888,p_010,s_00146,2026-09-16T20:51:06.400577-05:00,30.281622,-97.734711,5.7,50,cellular
1889,p_010,s_00147,2026-09-17T08:32:18.006337-05:00,30.250902,-97.761458,37.9,94,cellular
1890,p_010,s_00147,2026-09-17T08:32:42.699560-05:00,30.250789,-97.761408,17.3,94,cellular
1891,p_010,s_00147,2026-09-17T08:33:07.392783-05:00,30.250687,-97.761338,34.3,94,cellular
1892,p_010,s_00147,2026-09-17T08:33:32.086006-05:00,30.250581,-97.761416,16.4,94,cellular
1893,p_010,s_00147,2026-09-17T08:33:56.779229-05:00,30.250661,-97.76131,21.0,94,cellular
1894,p_010,s_00147,2026-09-17T08:34:21.472452-05:00,30.250458,-97.761523,22.1,94,cellular
1895,p_010,s_00147,2026-09-17T08:34:46.165675-05:00,30.250674,-97.761531,21.1,94,cellular
1896,p_010,s_00147,2026-09-17T08:35:10.858898-05:00,30.250578,-97.761571,20.8,94,cellular
1897,p_010,s_00147,2026-09-17T08:35:35.552121-05:00,30.250669,-97.761421,25.2,94,cellular
1898,p_010,s_00147,2026-09-17T08:36:00.245344-05:00,30.250625,-97.761485,42.4,94,cellular
1899,p_010,s_00147,2026-09-17T08:36:24.938567-05:00,30.250552,-97.761632,37.8,94,cellular
1900,p_010,s_00147,2026-09-17T08:36:49.631790-05:00,30.25062,-97.76141,9.8,94,cellular
1901,p_010,s_00147,2026-09-17T08:37:14.325013-05:00,30.25067,-97.761184,28.6,94,cellular
1902,p_010,s_00147,2026-09-17T08:37:39.018236-05:00,30.250718,-97.761388,31.1,94,cellular
1903,p_010,s_00147,2026-09-17T08:38:03.711459-05:00,30.250674,-97.761276,19.6,94,cellular
1904,p_010,s_00147,2026-09-17T08:38:28.404682-05:00,30.2506,-97.761235,25.1,94,cellular
1905,p_010,s_00147,2026-09-17T08:38:53.097905-05:00,30.250702,-97.761541,33.3,94,cellular
1906,p_010,s_00148,2026-09-17T14:43:35.490214-05:00,30.275079,-97.742436,19.9,72,wifi
1907,p_010,s_00148,2026-09-17T14:43:56.583525-05:00,30.274892,-97.742239,14.7,72,wifi
1908,p_010,s_00148,2026-09-17T14:44:17.676836-05:00,30.274798,-97.742319,17.2,72,cellular
1909,p_010,s_00148,2026-09-17T14:44:38.770147-05:00,30.27495,-97.742312,22.2,72,wifi
1910,p_010,s_00149,2026-09-17T20:59:34.032653-05:00,30.280116,-97.736629,18.0,49,cellular
1911,p_010,s_00149,2026-09-17T20:59:49.044177-05:00,30.280104,-97.736721,11.6,49,wifi
1912,p_010,s_00149,2026-09-17T21:00:04.055701-05:00,30.280033,-97.736656,8.0,49,cellular
1913,p_010,s_00149,2026-09-17T21:00:19.067225-05:00,30.280002,-97.736732,12.2,49,cellular
1914,p_010,s_00149,2026-09-17T21:00:34.078749-05:00,30.280217,-97.736702,11.1,49,cellular
1915,p_010,s_00149,2026-09-17T21:00:49.090273-05:00,30.28028,-97.736629,19.5,49,cellular
1916,p_010,s_00149,2026-09-17T21:01:04.101797-05:00,30.280009,-97.736614,30.4,49,cellular
1917,p_010,s_00149,2026-09-17T21:01:19.113321-05:00,30.280114,-97.736655,7.7,49,wifi
1918,p_010,s_00149,2026-09-17T21:01:34.124845-05:00,30.280215,-97.736865,25.8,49,wifi
1919,p_010,s_00149,2026-09-17T21:01:49.136369-05:00,30.280038,-97.736634,5.9,49,cellular
1920,p_010,s_00149,2026-09-17T21:02:04.147893-05:00,30.280108,-97.736864,11.2,49,wifi
1921,p_010,s_00149,2026-09-17T21:02:19.159417-05:00,30.280127,-97.736826,20.1,49,cellular
1922,p_010,s_00149,2026-09-17T21:02:34.170941-05:00,30.280107,-97.73657,4.4,49,cellular
1923,p_010,s_00149,2026-09-17T21:02:49.182465-05:00,30.280126,-97.7365,10.3,49,wifi
1924,p_010,s_00149,2026-09-17T21:03:04.193989-05:00,30.280175,-97.73669,11.1,49,cellular
1925,p_010,s_00149,2026-09-17T21:03:19.205513-05:00,30.280122,-97.736674,24.5,49,cellular
1926,p_010,s_00149,2026-09-17T21:03:34.217037-05:00,30.280161,-97.736723,7.2,49,wifi
1927,p_010,s_00149,2026-09-17T21:03:49.228561-05:00,30.280004,-97.736653,26.9,49,cellular
1928,p_010,s_00149,2026-09-17T21:04:04.240085-05:00,30.280202,-97.736607,10.3,49,wifi
1929,p_010,s_00149,2026-09-17T21:04:19.251609-05:00,30.280204,-97.736584,14.4,49,wifi
1930,p_010,s_00149,2026-09-17T21:04:34.263133-05:00,30.280167,-97.736708,16.7,49,cellular
1931,p_010,s_00149,2026-09-17T21:04:49.274657-05:00,30.280048,-97.736568,13.3,49,cellular
1932,p_010,s_00150,2026-09-17T22:41:56.414740-05:00,30.250597,-97.761303,15.3,43,wifi
1933,p_010,s_00150,2026-09-17T22:42:17.163068-05:00,30.250763,-97.761451,9.3,43,wifi
1934,p_010,s_00150,2026-09-17T22:42:37.911396-05:00,30.250611,-97.761525,23.5,43,wifi
1935,p_010,s_00150,2026-09-17T22:42:58.659724-05:00,30.250598,-97.76143,13.4,43,wifi
1936,p_010,s_00150,2026-09-17T22:43:19.408052-05:00,30.250543,-97.76147,17.0,43,wifi
1937,p_010,s_00150,2026-09-17T22:43:40.156380-05:00,30.250563,-97.761339,12.3,43,wifi
1938,p_010,s_00150,2026-09-17T22:44:00.904708-05:00,30.250563,-97.761455,8.5,43,wifi
1939,p_010,s_00150,2026-09-17T22:44:21.653036-05:00,30.250574,-97.761463,12.6,43,wifi
1940,p_010,s_00150,2026-09-17T22:44:42.401364-05:00,30.250609,-97.761335,14.2,43,wifi
1941,p_010,s_00150,2026-09-17T22:45:03.149692-05:00,30.250543,-97.761622,20.8,43,wifi
1942,p_010,s_00150,2026-09-17T22:45:23.898020-05:00,30.250564,-97.761572,9.9,43,wifi
1943,p_010,s_00150,2026-09-17T22:45:44.646348-05:00,30.250647,-97.761406,15.7,43,wifi
1944,p_010,s_00150,2026-09-17T22:46:05.394676-05:00,30.25068,-97.761401,15.9,43,wifi
1945,p_010,s_00150,2026-09-17T22:46:26.143004-05:00,30.250671,-97.761532,23.1,43,wifi
1946,p_010,s_00150,2026-09-17T22:46:46.891332-05:00,30.250669,-97.761461,10.3,43,wifi
1947,p_010,s_00150,2026-09-17T22:47:07.639660-05:00,30.250744,-97.76135,16.0,43,wifi
1948,p_010,s_00150,2026-09-17T22:47:28.387988-05:00,30.250734,-97.761447,17.2,43,wifi
1949,p_010,s_00150,2026-09-17T22:47:49.136316-05:00,30.250699,-97.761385,17.5,43,wifi
1950,p_010,s_00151,2026-09-18T07:22:32.999314-05:00,30.250703,-97.761303,33.0,98,cellular
1951,p_010,s_00151,2026-09-18T07:22:56.789110-05:00,30.250574,-97.761388,18.5,98,cellular
1952,p_010,s_00151,2026-09-18T07:23:20.578906-05:00,30.250765,-97.761424,29.8,98,cellular
1953,p_010,s_00151,2026-09-18T07:23:44.368702-05:00,30.250715,-97.761559,33.4,98,cellular
1954,p_010,s_00151,2026-09-18T07:24:08.158498-05:00,30.250796,-97.761295,22.8,98,cellular
1955,p_010,s_00151,2026-09-18T07:24:31.948294-05:00,30.250679,-97.761264,30.8,98,cellular
1956,p_010,s_00151,2026-09-18T07:24:55.738090-05:00,30.250706,-97.761198,34.4,98,cellular
1957,p_010,s_00151,2026-09-18T07:25:19.527886-05:00,30.250583,-97.761381,23.5,98,cellular
1958,p_010,s_00151,2026-09-18T07:25:43.317682-05:00,30.250763,-97.761395,21.3,98,cellular
1959,p_010,s_00152,2026-09-18T16:38:33.070916-05:00,30.276733,-97.742225,9.5,65,wifi
1960,p_010,s_00152,2026-09-18T16:38:51.519136-05:00,30.276732,-97.742493,21.6,65,wifi
1961,p_010,s_00152,2026-09-18T16:39:09.967356-05:00,30.276701,-97.741898,9.7,65,cellular
1962,p_010,s_00152,2026-09-18T16:39:28.415576-05:00,30.276691,-97.741987,11.3,65,wifi
1963,p_010,s_00152,2026-09-18T16:39:46.863796-05:00,30.27675,-97.74211,5.1,65,wifi
1964,p_010,s_00152,2026-09-18T16:40:05.312016-05:00,30.276808,-97.741993,18.4,65,wifi
1965,p_010,s_00152,2026-09-18T16:40:23.760236-05:00,30.276704,-97.742074,29.1,65,wifi
1966,p_010,s_00152,2026-09-18T16:40:42.208456-05:00,30.276679,-97.742062,25.8,65,wifi
1967,p_010,s_00152,2026-09-18T16:41:00.656676-05:00,30.276791,-97.741933,10.4,65,wifi
1968,p_010,s_00152,2026-09-18T16:41:19.104896-05:00,30.276656,-97.74203,12.5,65,wifi
1969,p_010,s_00153,2026-09-18T17:44:10.606947-05:00,30.276802,-97.74212,25.8,61,cellular
1970,p_010,s_00153,2026-09-18T17:44:32.788321-05:00,30.27675,-97.742224,28.0,61,cellular
1971,p_010,s_00153,2026-09-18T17:44:54.969695-05:00,30.276823,-97.742026,16.4,61,cellular
1972,p_010,s_00153,2026-09-18T17:45:17.151069-05:00,30.276857,-97.742033,8.0,61,cellular
1973,p_010,s_00153,2026-09-18T17:45:39.332443-05:00,30.276728,-97.741851,29.4,61,cellular
1974,p_010,s_00153,2026-09-18T17:46:01.513817-05:00,30.276935,-97.741862,26.6,61,cellular
1975,p_010,s_00153,2026-09-18T17:46:23.695191-05:00,30.276792,-97.74201,10.8,61,cellular
1976,p_010,s_00153,2026-09-18T17:46:45.876565-05:00,30.27675,-97.742283,24.9,61,cellular
1977,p_010,s_00153,2026-09-18T17:47:08.057939-05:00,30.276838,-97.742105,22.9,61,cellular
1978,p_010,s_00153,2026-09-18T17:47:30.239313-05:00,30.276907,-97.741942,28.5,61,cellular
1979,p_010,s_00153,2026-09-18T17:47:52.420687-05:00,30.276837,-97.74206,17.2,61,cellular
1980,p_010,s_00153,2026-09-18T17:48:14.602061-05:00,30.276656,-97.742031,26.2,61,cellular
1981,p_010,s_00153,2026-09-18T17:48:36.783435-05:00,30.276746,-97.742173,26.6,61,cellular
1982,p_010,s_00154,2026-09-18T18:35:29.320869-05:00,30.274961,-97.737451,26.9,58,wifi
1983,p_010,s_00154,2026-09-18T18:35:46.807629-05:00,30.27492,-97.737521,16.5,58,wifi
1984,p_010,s_00154,2026-09-18T18:36:04.294389-05:00,30.274931,-97.737535,23.2,58,wifi
1985,p_010,s_00154,2026-09-18T18:36:21.781149-05:00,30.274988,-97.737583,11.4,58,wifi
1986,p_010,s_00154,2026-09-18T18:36:39.267909-05:00,30.274944,-97.737727,21.7,58,wifi
1987,p_010,s_00154,2026-09-18T18:36:56.754669-05:00,30.274972,-97.737521,14.4,58,wifi
1988,p_010,s_00154,2026-09-18T18:37:14.241429-05:00,30.27504,-97.737568,24.3,58,wifi
1989,p_010,s_00154,2026-09-18T18:37:31.728189-05:00,30.274887,-97.737687,23.3,58,wifi
1990,p_010,s_00154,2026-09-18T18:37:49.214949-05:00,30.274903,-97.737538,17.6,58,wifi
1991,p_011,s_00155,2026-09-14T07:31:44.210624-05:00,30.268974,-97.754458,34.7,94,cellular
1992,p_011,s_00155,2026-09-14T07:32:00.813835-05:00,30.268999,-97.754423,24.2,94,cellular
1993,p_011,s_00155,2026-09-14T07:32:17.417046-05:00,30.269113,-97.754531,27.9,94,cellular
1994,p_011,s_00155,2026-09-14T07:32:34.020257-05:00,30.26906,-97.754526,20.0,94,cellular
1995,p_011,s_00155,2026-09-14T07:32:50.623468-05:00,30.269065,-97.754492,16.4,94,cellular
1996,p_011,s_00155,2026-09-14T07:33:07.226679-05:00,30.26902,-97.754348,27.5,94,cellular
1997,p_011,s_00155,2026-09-14T07:33:23.829890-05:00,30.269215,-97.75442,30.3,94,cellular
1998,p_011,s_00155,2026-09-14T07:33:40.433101-05:00,30.269112,-97.75439,21.2,94,cellular
1999,p_011,s_00155,2026-09-14T07:33:57.036312-05:00,30.269104,-97.754422,18.1,94,cellular
2000,p_011,s_00155,2026-09-14T07:34:13.639523-05:00,30.269046,-97.754373,24.5,94,cellular
2001,p_011,s_00155,2026-09-14T07:34:30.242734-05:00,30.269209,-97.754518,21.6,94,cellular
2002,p_011,s_00155,2026-09-14T07:34:46.845945-05:00,30.269032,-97.754445,29.0,94,cellular
2003,p_011,s_00155,2026-09-14T07:35:03.449156-05:00,30.269112,-97.754277,27.5,94,cellular
2004,p_011,s_00155,2026-09-14T07:35:20.052367-05:00,30.269213,-97.75464,38.9,94,cellular
2005,p_011,s_00155,2026-09-14T07:35:36.655578-05:00,30.269284,-97.754664,30.7,94,cellular
2006,p_011,s_00155,2026-09-14T07:35:53.258789-05:00,30.268997,-97.754304,29.4,94,cellular
2007,p_011,s_00155,2026-09-14T07:36:09.862000-05:00,30.269034,-97.754292,17.2,94,cellular
2008,p_011,s_00155,2026-09-14T07:36:26.465211-05:00,30.269094,-97.754447,14.5,94,cellular
2009,p_011,s_00155,2026-09-14T07:36:43.068422-05:00,30.269156,-97.754471,24.3,94,cellular
2010,p_011,s_00155,2026-09-14T07:36:59.671633-05:00,30.269058,-97.754442,24.3,94,cellular
2011,p_011,s_00155,2026-09-14T07:37:16.274844-05:00,30.268958,-97.754396,25.1,94,cellular
2012,p_011,s_00155,2026-09-14T07:37:32.878055-05:00,30.269243,-97.754401,28.1,94,cellular
2013,p_011,s_00155,2026-09-14T07:37:49.481266-05:00,30.269223,-97.754585,42.4,94,cellular
2014,p_011,s_00156,2026-09-14T19:45:54.118328-05:00,30.263629,-97.746455,8.7,50,cellular
2015,p_011,s_00156,2026-09-14T19:46:14.179773-05:00,30.263483,-97.746393,13.7,50,cellular
2016,p_011,s_00156,2026-09-14T19:46:34.241218-05:00,30.263505,-97.746285,17.9,50,cellular
2017,p_011,s_00156,2026-09-14T19:46:54.302663-05:00,30.263542,-97.746453,16.2,50,wifi
2018,p_011,s_00156,2026-09-14T19:47:14.364108-05:00,30.263408,-97.746327,23.0,50,wifi
2019,p_011,s_00157,2026-09-15T10:09:38.310435-05:00,30.261112,-97.741172,10.5,85,cellular
2020,p_011,s_00157,2026-09-15T10:09:58.982274-05:00,30.261202,-97.741379,27.3,85,cellular
2021,p_011,s_00157,2026-09-15T10:10:19.654113-05:00,30.261077,-97.741163,22.4,85,wifi
2022,p_011,s_00157,2026-09-15T10:10:40.325952-05:00,30.261167,-97.741148,17.8,85,wifi
2023,p_011,s_00157,2026-09-15T10:11:00.997791-05:00,30.261087,-97.740998,10.2,85,cellular
2024,p_011,s_00157,2026-09-15T10:11:21.669630-05:00,30.261088,-97.740946,23.5,85,cellular
2025,p_011,s_00157,2026-09-15T10:11:42.341469-05:00,30.26114,-97.741243,19.1,85,cellular
2026,p_011,s_00157,2026-09-15T10:12:03.013308-05:00,30.261032,-97.741267,19.3,85,cellular
2027,p_011,s_00157,2026-09-15T10:12:23.685147-05:00,30.260999,-97.741248,23.8,85,cellular
2028,p_011,s_00157,2026-09-15T10:12:44.356986-05:00,30.261064,-97.74101,14.1,85,cellular
2029,p_011,s_00157,2026-09-15T10:13:05.028825-05:00,30.261164,-97.741142,19.9,84,cellular
2030,p_011,s_00157,2026-09-15T10:13:25.700664-05:00,30.261079,-97.74127,15.6,84,cellular
2031,p_011,s_00157,2026-09-15T10:13:46.372503-05:00,30.261123,-97.74105,14.7,84,wifi
2032,p_011,s_00157,2026-09-15T10:14:07.044342-05:00,30.26105,-97.741154,8.0,84,cellular
2033,p_011,s_00157,2026-09-15T10:14:27.716181-05:00,30.260977,-97.741134,32.5,84,cellular
2034,p_011,s_00157,2026-09-15T10:14:48.388020-05:00,30.261129,-97.741101,10.9,84,cellular
2035,p_011,s_00158,2026-09-15T13:52:43.008136-05:00,30.261171,-97.741204,17.4,71,cellular
2036,p_011,s_00158,2026-09-15T13:53:03.308702-05:00,30.261177,-97.741213,15.7,71,cellular
2037,p_011,s_00158,2026-09-15T13:53:23.609268-05:00,30.261132,-97.741187,18.4,71,wifi
2038,p_011,s_00158,2026-09-15T13:53:43.909834-05:00,30.261253,-97.741159,21.8,71,cellular
2039,p_011,s_00158,2026-09-15T13:54:04.210400-05:00,30.261194,-97.741218,19.3,71,cellular
2040,p_011,s_00158,2026-09-15T13:54:24.510966-05:00,30.261137,-97.741196,15.4,71,cellular
2041,p_011,s_00158,2026-09-15T13:54:44.811532-05:00,30.261198,-97.741092,14.5,71,cellular
2042,p_011,s_00158,2026-09-15T13:55:05.112098-05:00,30.261103,-97.741133,9.9,71,cellular
2043,p_011,s_00158,2026-09-15T13:55:25.412664-05:00,30.261018,-97.741145,18.1,71,cellular
2044,p_011,s_00158,2026-09-15T13:55:45.713230-05:00,30.26102,-97.741148,15.2,71,cellular
2045,p_011,s_00158,2026-09-15T13:56:06.013796-05:00,30.261155,-97.741212,8.4,71,wifi
2046,p_011,s_00158,2026-09-15T13:56:26.314362-05:00,30.26106,-97.741157,17.3,71,cellular
2047,p_011,s_00158,2026-09-15T13:56:46.614928-05:00,30.261189,-97.741104,21.7,71,wifi
2048,p_011,s_00158,2026-09-15T13:57:06.915494-05:00,30.261168,-97.741014,16.3,71,wifi
2049,p_011,s_00158,2026-09-15T13:57:27.216060-05:00,30.261156,-97.741076,20.8,71,wifi
2050,p_011,s_00159,2026-09-16T09:36:05.490873-05:00,30.270645,-97.740196,21.0,87,cellular
2051,p_011,s_00159,2026-09-16T09:36:26.640478-05:00,30.270601,-97.740409,17.1,87,cellular
2052,p_011,s_00159,2026-09-16T09:36:47.790083-05:00,30.270837,-97.740304,29.4,87,cellular
2053,p_011,s_00159,2026-09-16T09:37:08.939688-05:00,30.270712,-97.740128,20.8,87,cellular
2054,p_011,s_00159,2026-09-16T09:37:30.089293-05:00,30.270677,-97.740102,16.7,87,wifi
2055,p_011,s_00159,2026-09-16T09:37:51.238898-05:00,30.270661,-97.740226,12.2,87,wifi
2056,p_011,s_00159,2026-09-16T09:38:12.388503-05:00,30.270799,-97.740165,22.1,87,cellular
2057,p_011,s_00159,2026-09-16T09:38:33.538108-05:00,30.270645,-97.74028,4.9,87,wifi
2058,p_011,s_00159,2026-09-16T09:38:54.687713-05:00,30.270675,-97.740082,22.2,87,cellular
2059,p_011,s_00159,2026-09-16T09:39:15.837318-05:00,30.270591,-97.740243,10.8,87,cellular
2060,p_011,s_00159,2026-09-16T09:39:36.986923-05:00,30.270668,-97.740459,17.6,87,cellular
2061,p_011,s_00159,2026-09-16T09:39:58.136528-05:00,30.270559,-97.74034,15.2,86,cellular
2062,p_011,s_00159,2026-09-16T09:40:19.286133-05:00,30.270774,-97.740302,21.6,86,cellular
2063,p_011,s_00159,2026-09-16T09:40:40.435738-05:00,30.270765,-97.740174,23.6,86,cellular
2064,p_011,s_00159,2026-09-16T09:41:01.585343-05:00,30.27061,-97.740157,7.3,86,cellular
2065,p_011,s_00159,2026-09-16T09:41:22.734948-05:00,30.270668,-97.740196,13.7,86,wifi
2066,p_011,s_00159,2026-09-16T09:41:43.884553-05:00,30.270888,-97.740415,28.0,86,wifi
2067,p_011,s_00160,2026-09-16T12:59:08.214244-05:00,30.270716,-97.740268,29.0,75,cellular
2068,p_011,s_00160,2026-09-16T12:59:32.239008-05:00,30.270714,-97.740391,33.3,75,cellular
2069,p_011,s_00160,2026-09-16T12:59:56.263772-05:00,30.270618,-97.740259,27.0,74,cellular
2070,p_011,s_00160,2026-09-16T13:00:20.288536-05:00,30.270754,-97.740237,24.9,74,cellular
2071,p_011,s_00160,2026-09-16T13:00:44.313300-05:00,30.270658,-97.740197,26.4,74,cellular
2072,p_011,s_00160,2026-09-16T13:01:08.338064-05:00,30.270726,-97.740355,32.3,74,cellular
2073,p_011,s_00161,2026-09-16T17:02:18.732801-05:00,30.270808,-97.740403,24.9,60,cellular
2074,p_011,s_00161,2026-09-16T17:02:37.134477-05:00,30.270734,-97.740199,33.7,60,cellular
2075,p_011,s_00161,2026-09-16T17:02:55.536153-05:00,30.27088,-97.740217,25.3,60,cellular
2076,p_011,s_00161,2026-09-16T17:03:13.937829-05:00,30.270606,-97.740269,21.8,60,cellular
2077,p_011,s_00161,2026-09-16T17:03:32.339505-05:00,30.270582,-97.740201,19.1,60,cellular
2078,p_011,s_00161,2026-09-16T17:03:50.741181-05:00,30.270649,-97.740148,19.5,60,cellular
2079,p_011,s_00162,2026-09-17T07:00:59.302846-05:00,30.269079,-97.754438,32.6,96,cellular
2080,p_011,s_00162,2026-09-17T07:01:18.538999-05:00,30.26913,-97.754586,32.6,96,cellular
2081,p_011,s_00162,2026-09-17T07:01:37.775152-05:00,30.269132,-97.754462,24.8,96,cellular
2082,p_011,s_00162,2026-09-17T07:01:57.011305-05:00,30.269092,-97.754423,19.0,96,cellular
2083,p_011,s_00162,2026-09-17T07:02:16.247458-05:00,30.269074,-97.754235,44.2,96,cellular
2084,p_011,s_00162,2026-09-17T07:02:35.483611-05:00,30.269093,-97.754652,24.2,96,cellular
2085,p_011,s_00162,2026-09-17T07:02:54.719764-05:00,30.269038,-97.754411,22.6,96,cellular
2086,p_011,s_00162,2026-09-17T07:03:13.955917-05:00,30.2691,-97.754293,30.8,96,cellular
2087,p_011,s_00162,2026-09-17T07:03:33.192070-05:00,30.268942,-97.754519,24.7,96,cellular
2088,p_011,s_00162,2026-09-17T07:03:52.428223-05:00,30.269039,-97.754431,29.7,96,cellular
2089,p_011,s_00163,2026-09-17T09:45:07.884353-05:00,30.261071,-97.741086,25.4,86,cellular
2090,p_011,s_00163,2026-09-17T09:45:27.775274-05:00,30.261113,-97.741108,5.7,86,cellular
2091,p_011,s_00163,2026-09-17T09:45:47.666195-05:00,30.26106,-97.741089,13.3,86,cellular
2092,p_011,s_00163,2026-09-17T09:46:07.557116-05:00,30.261157,-97.741142,7.6,86,cellular
2093,p_011,s_00163,2026-09-17T09:46:27.448037-05:00,30.261046,-97.741139,18.6,86,cellular
2094,p_011,s_00163,2026-09-17T09:46:47.338958-05:00,30.261149,-97.741036,21.6,86,cellular
2095,p_011,s_00163,2026-09-17T09:47:07.229879-05:00,30.261172,-97.741162,14.9,86,cellular
2096,p_011,s_00163,2026-09-17T09:47:27.120800-05:00,30.261144,-97.741129,10.5,86,cellular
2097,p_011,s_00163,2026-09-17T09:47:47.011721-05:00,30.261254,-97.741149,20.5,86,cellular
2098,p_011,s_00163,2026-09-17T09:48:06.902642-05:00,30.261064,-97.741139,13.4,86,wifi
2099,p_011,s_00163,2026-09-17T09:48:26.793563-05:00,30.261027,-97.740989,26.2,86,wifi
2100,p_011,s_00163,2026-09-17T09:48:46.684484-05:00,30.261067,-97.741173,37.9,86,cellular
2101,p_011,s_00163,2026-09-17T09:49:06.575405-05:00,30.261155,-97.741049,11.4,86,wifi
2102,p_011,s_00163,2026-09-17T09:49:26.466326-05:00,30.261207,-97.740843,21.5,86,cellular
2103,p_011,s_00163,2026-09-17T09:49:46.357247-05:00,30.261201,-97.741071,9.0,86,cellular
2104,p_011,s_00163,2026-09-17T09:50:06.248168-05:00,30.261114,-97.741137,15.0,86,cellular
2105,p_011,s_00163,2026-09-17T09:50:26.139089-05:00,30.261113,-97.74113,15.4,86,cellular
2106,p_011,s_00164,2026-09-18T08:14:59.504195-05:00,30.262311,-97.754913,14.2,92,wifi
2107,p_011,s_00164,2026-09-18T08:15:22.982946-05:00,30.262245,-97.754797,6.8,92,wifi
2108,p_011,s_00164,2026-09-18T08:15:46.461697-05:00,30.262323,-97.754761,15.1,92,wifi
2109,p_011,s_00164,2026-09-18T08:16:09.940448-05:00,30.26226,-97.754724,19.6,92,wifi
2110,p_011,s_00164,2026-09-18T08:16:33.419199-05:00,30.262257,-97.754764,18.6,91,wifi
2111,p_011,s_00164,2026-09-18T08:16:56.897950-05:00,30.262355,-97.754809,8.8,91,wifi
2112,p_011,s_00165,2026-09-18T15:53:56.700195-05:00,30.261183,-97.741253,13.1,64,wifi
2113,p_011,s_00165,2026-09-18T15:54:19.023247-05:00,30.261128,-97.741209,13.0,64,wifi
2114,p_011,s_00165,2026-09-18T15:54:41.346299-05:00,30.261069,-97.741188,17.8,64,cellular
2115,p_011,s_00165,2026-09-18T15:55:03.669351-05:00,30.26116,-97.741057,5.8,64,wifi
2116,p_011,s_00165,2026-09-18T15:55:25.992403-05:00,30.261188,-97.741121,11.4,64,cellular
2117,p_011,s_00165,2026-09-18T15:55:48.315455-05:00,30.261164,-97.741101,16.7,64,cellular
2118,p_011,s_00166,2026-09-18T20:51:42.126863-05:00,30.263556,-97.746423,6.2,46,cellular
2119,p_011,s_00166,2026-09-18T20:52:05.444515-05:00,30.263508,-97.746406,4.8,46,cellular
2120,p_011,s_00166,2026-09-18T20:52:28.762167-05:00,30.263485,-97.746257,15.5,46,wifi
2121,p_011,s_00166,2026-09-18T20:52:52.079819-05:00,30.263529,-97.746525,5.5,46,cellular
2122,p_012,s_00167,2026-09-14T09:53:12.937236-05:00,30.261635,-97.730373,9.2,80,wifi
2123,p_012,s_00167,2026-09-14T09:53:33.504054-05:00,30.26147,-97.730581,20.9,80,wifi
2124,p_012,s_00167,2026-09-14T09:53:54.070872-05:00,30.261511,-97.730576,18.8,80,wifi
2125,p_012,s_00167,2026-09-14T09:54:14.637690-05:00,30.261539,-97.730357,15.0,80,wifi
2126,p_012,s_00167,2026-09-14T09:54:35.204508-05:00,30.261535,-97.730526,12.1,80,wifi
2127,p_012,s_00167,2026-09-14T09:54:55.771326-05:00,30.261557,-97.730572,13.3,80,wifi
2128,p_012,s_00167,2026-09-14T09:55:16.338144-05:00,30.261645,-97.730543,16.0,80,wifi
2129,p_012,s_00167,2026-09-14T09:55:36.904962-05:00,30.261508,-97.730349,18.1,80,wifi
2130,p_012,s_00167,2026-09-14T09:55:57.471780-05:00,30.26159,-97.730665,19.8,80,wifi
2131,p_012,s_00167,2026-09-14T09:56:18.038598-05:00,30.261525,-97.730201,20.8,80,wifi
2132,p_012,s_00167,2026-09-14T09:56:38.605416-05:00,30.26156,-97.730439,11.9,80,wifi
2133,p_012,s_00167,2026-09-14T09:56:59.172234-05:00,30.26158,-97.730443,7.2,80,wifi
2134,p_012,s_00167,2026-09-14T09:57:19.739052-05:00,30.261747,-97.730278,26.9,80,wifi
2135,p_012,s_00167,2026-09-14T09:57:40.305870-05:00,30.261732,-97.730401,8.3,80,wifi
2136,p_012,s_00167,2026-09-14T09:58:00.872688-05:00,30.261371,-97.730384,23.7,80,wifi
2137,p_012,s_00167,2026-09-14T09:58:21.439506-05:00,30.261613,-97.730371,15.9,80,wifi
2138,p_012,s_00167,2026-09-14T09:58:42.006324-05:00,30.2615,-97.730384,19.0,80,wifi
2139,p_012,s_00167,2026-09-14T09:59:02.573142-05:00,30.261413,-97.730576,28.8,80,wifi
2140,p_012,s_00167,2026-09-14T09:59:23.139960-05:00,30.261586,-97.730528,20.4,80,wifi
2141,p_012,s_00168,2026-09-14T17:00:26.099609-05:00,30.265723,-97.735511,4.4,54,cellular
2142,p_012,s_00168,2026-09-14T17:00:41.487985-05:00,30.265663,-97.735356,17.7,54,wifi
2143,p_012,s_00168,2026-09-14T17:00:56.876361-05:00,30.265603,-97.735321,24.2,54,wifi
2144,p_012,s_00168,2026-09-14T17:01:12.264737-05:00,30.265631,-97.735525,12.7,54,cellular
2145,p_012,s_00168,2026-09-14T17:01:27.653113-05:00,30.265628,-97.735461,4.1,54,wifi
2146,p_012,s_00168,2026-09-14T17:01:43.041489-05:00,30.265727,-97.735293,26.7,54,wifi
2147,p_012,s_00168,2026-09-14T17:01:58.429865-05:00,30.265775,-97.735547,28.9,54,wifi
2148,p_012,s_00168,2026-09-14T17:02:13.818241-05:00,30.265637,-97.73543,16.1,54,wifi
2149,p_012,s_00168,2026-09-14T17:02:29.206617-05:00,30.265646,-97.735413,20.3,54,wifi
2150,p_012,s_00168,2026-09-14T17:02:44.594993-05:00,30.265614,-97.735333,17.6,54,wifi
2151,p_012,s_00168,2026-09-14T17:02:59.983369-05:00,30.265619,-97.735365,15.1,54,wifi
2152,p_012,s_00168,2026-09-14T17:03:15.371745-05:00,30.265662,-97.735272,12.1,54,cellular
2153,p_012,s_00168,2026-09-14T17:03:30.760121-05:00,30.265631,-97.735429,15.3,54,wifi
2154,p_012,s_00168,2026-09-14T17:03:46.148497-05:00,30.265697,-97.735387,13.7,54,wifi
2155,p_012,s_00168,2026-09-14T17:04:01.536873-05:00,30.265736,-97.735252,19.8,54,wifi
2156,p_012,s_00168,2026-09-14T17:04:16.925249-05:00,30.265699,-97.735385,4.3,54,wifi
2157,p_012,s_00168,2026-09-14T17:04:32.313625-05:00,30.265704,-97.735453,7.0,54,wifi
2158,p_012,s_00168,2026-09-14T17:04:47.702001-05:00,30.265783,-97.735451,26.2,54,cellular
2159,p_012,s_00168,2026-09-14T17:05:03.090377-05:00,30.265714,-97.73528,5.3,54,wifi
2160,p_012,s_00168,2026-09-14T17:05:18.478753-05:00,30.265692,-97.735277,7.8,54,wifi
2161,p_012,s_00168,2026-09-14T17:05:33.867129-05:00,30.265424,-97.735561,22.5,54,wifi
2162,p_012,s_00168,2026-09-14T17:05:49.255505-05:00,30.265657,-97.735472,5.0,54,wifi
2163,p_012,s_00169,2026-09-15T14:48:58.528325-05:00,30.266041,-97.755567,12.9,62,wifi
2164,p_012,s_00169,2026-09-15T14:49:18.451083-05:00,30.266018,-97.755642,20.8,62,wifi
2165,p_012,s_00169,2026-09-15T14:49:38.373841-05:00,30.265993,-97.755589,13.9,62,wifi
2166,p_012,s_00169,2026-09-15T14:49:58.296599-05:00,30.266085,-97.755498,4.6,62,wifi
2167,p_012,s_00170,2026-09-15T15:54:18.999020-05:00,30.265945,-97.755544,17.8,58,wifi
2168,p_012,s_00170,2026-09-15T15:54:41.754522-05:00,30.265958,-97.755491,14.7,58,wifi
2169,p_012,s_00170,2026-09-15T15:55:04.510024-05:00,30.265996,-97.755541,20.9,58,wifi
2170,p_012,s_00170,2026-09-15T15:55:27.265526-05:00,30.266095,-97.755464,19.3,58,wifi
2171,p_012,s_00170,2026-09-15T15:55:50.021028-05:00,30.266083,-97.755532,5.5,58,cellular
2172,p_012,s_00170,2026-09-15T15:56:12.776530-05:00,30.266019,-97.755701,15.5,58,wifi
2173,p_012,s_00170,2026-09-15T15:56:35.532032-05:00,30.265903,-97.755461,21.1,58,wifi
2174,p_012,s_00170,2026-09-15T15:56:58.287534-05:00,30.266,-97.755339,15.1,58,wifi
2175,p_012,s_00170,2026-09-15T15:57:21.043036-05:00,30.266095,-97.755483,6.0,58,cellular
2176,p_012,s_00170,2026-09-15T15:57:43.798538-05:00,30.266222,-97.755495,18.3,58,wifi
2177,p_012,s_00171,2026-09-15T17:56:08.307110-05:00,30.254813,-97.754835,11.5,51,cellular
2178,p_012,s_00171,2026-09-15T17:56:29.469617-05:00,30.254922,-97.754846,8.6,51,cellular
2179,p_012,s_00171,2026-09-15T17:56:50.632124-05:00,30.254849,-97.754812,15.7,51,cellular
2180,p_012,s_00171,2026-09-15T17:57:11.794631-05:00,30.254836,-97.754742,9.1,51,cellular
2181,p_012,s_00171,2026-09-15T17:57:32.957138-05:00,30.254926,-97.75466,22.5,51,cellular
2182,p_012,s_00171,2026-09-15T17:57:54.119645-05:00,30.254858,-97.755069,33.3,51,cellular
2183,p_012,s_00171,2026-09-15T17:58:15.282152-05:00,30.254894,-97.75482,15.0,51,cellular
2184,p_012,s_00171,2026-09-15T17:58:36.444659-05:00,30.254998,-97.754905,25.8,51,wifi
2185,p_012,s_00171,2026-09-15T17:58:57.607166-05:00,30.254721,-97.754819,22.3,51,cellular
2186,p_012,s_00171,2026-09-15T17:59:18.769673-05:00,30.254931,-97.754746,16.8,51,wifi
2187,p_012,s_00171,2026-09-15T17:59:39.932180-05:00,30.25493,-97.754878,17.5,51,cellular
2188,p_012,s_00171,2026-09-15T18:00:01.094687-05:00,30.254894,-97.754861,26.5,51,cellular
2189,p_012,s_00171,2026-09-15T18:00:22.257194-05:00,30.254873,-97.754567,23.7,51,wifi
2190,p_012,s_00171,2026-09-15T18:00:43.419701-05:00,30.254869,-97.754741,4.2,51,cellular
2191,p_012,s_00171,2026-09-15T18:01:04.582208-05:00,30.254933,-97.754839,12.4,51,cellular
2192,p_012,s_00171,2026-09-15T18:01:25.744715-05:00,30.254997,-97.754777,16.1,51,cellular
2193,p_012,s_00171,2026-09-15T18:01:46.907222-05:00,30.254943,-97.754872,15.5,51,wifi
2194,p_012,s_00171,2026-09-15T18:02:08.069729-05:00,30.254982,-97.754924,23.0,51,cellular
2195,p_012,s_00171,2026-09-15T18:02:29.232236-05:00,30.254924,-97.75484,5.3,51,wifi
2196,p_012,s_00171,2026-09-15T18:02:50.394743-05:00,30.255021,-97.754782,18.3,51,cellular
2197,p_012,s_00172,2026-09-16T08:50:16.480623-05:00,30.261562,-97.730352,17.9,84,wifi
2198,p_012,s_00172,2026-09-16T08:50:40.763184-05:00,30.261572,-97.730505,13.2,84,wifi
2199,p_012,s_00172,2026-09-16T08:51:05.045745-05:00,30.261542,-97.730259,16.5,84,cellular
2200,p_012,s_00172,2026-09-16T08:51:29.328306-05:00,30.261517,-97.730296,13.7,84,wifi
2201,p_012,s_00172,2026-09-16T08:51:53.610867-05:00,30.261676,-97.730415,24.9,84,wifi
2202,p_012,s_00172,2026-09-16T08:52:17.893428-05:00,30.261593,-97.730386,7.9,84,wifi
2203,p_012,s_00172,2026-09-16T08:52:42.175989-05:00,30.26157,-97.730416,16.0,84,wifi
2204,p_012,s_00172,2026-09-16T08:53:06.458550-05:00,30.261564,-97.730454,18.3,84,wifi
2205,p_012,s_00172,2026-09-16T08:53:30.741111-05:00,30.261578,-97.730536,24.8,84,wifi
2206,p_012,s_00172,2026-09-16T08:53:55.023672-05:00,30.261581,-97.730657,29.7,84,wifi
2207,p_012,s_00172,2026-09-16T08:54:19.306233-05:00,30.261636,-97.73038,15.6,84,wifi
2208,p_012,s_00172,2026-09-16T08:54:43.588794-05:00,30.261576,-97.730426,11.2,83,wifi
2209,p_012,s_00172,2026-09-16T08:55:07.871355-05:00,30.26144,-97.730464,16.2,83,wifi
2210,p_012,s_00172,2026-09-16T08:55:32.153916-05:00,30.26158,-97.730518,24.0,83,wifi
2211,p_012,s_00172,2026-09-16T08:55:56.436477-05:00,30.261545,-97.730403,10.6,83,wifi
2212,p_012,s_00172,2026-09-16T08:56:20.719038-05:00,30.261479,-97.730472,15.5,83,wifi
2213,p_012,s_00172,2026-09-16T08:56:45.001599-05:00,30.261642,-97.730474,9.0,83,wifi
2214,p_012,s_00172,2026-09-16T08:57:09.284160-05:00,30.261615,-97.730306,23.7,83,wifi
2215,p_012,s_00173,2026-09-16T10:37:18.623894-05:00,30.261627,-97.730328,10.6,77,wifi
2216,p_012,s_00173,2026-09-16T10:37:34.193174-05:00,30.261647,-97.73047,6.4,77,wifi
2217,p_012,s_00173,2026-09-16T10:37:49.762454-05:00,30.261656,-97.73047,4.3,77,wifi
2218,p_012,s_00173,2026-09-16T10:38:05.331734-05:00,30.261484,-97.730448,20.3,77,wifi
2219,p_012,s_00173,2026-09-16T10:38:20.901014-05:00,30.261763,-97.730497,19.0,77,wifi
2220,p_012,s_00173,2026-09-16T10:38:36.470294-05:00,30.261633,-97.73043,8.2,77,cellular
2221,p_012,s_00173,2026-09-16T10:38:52.039574-05:00,30.261549,-97.730281,27.7,77,cellular
2222,p_012,s_00173,2026-09-16T10:39:07.608854-05:00,30.261549,-97.730532,10.4,77,wifi
2223,p_012,s_00173,2026-09-16T10:39:23.178134-05:00,30.261527,-97.730549,12.8,77,wifi
2224,p_012,s_00173,2026-09-16T10:39:38.747414-05:00,30.261689,-97.73039,31.0,77,cellular
2225,p_012,s_00173,2026-09-16T10:39:54.316694-05:00,30.26168,-97.730382,4.6,77,wifi
2226,p_012,s_00173,2026-09-16T10:40:09.885974-05:00,30.261546,-97.730367,5.8,77,wifi
2227,p_012,s_00173,2026-09-16T10:40:25.455254-05:00,30.261581,-97.730385,9.2,77,wifi
2228,p_012,s_00173,2026-09-16T10:40:41.024534-05:00,30.261579,-97.730488,20.1,77,wifi
2229,p_012,s_00173,2026-09-16T10:40:56.593814-05:00,30.26163,-97.730388,5.5,77,wifi
2230,p_012,s_00173,2026-09-16T10:41:12.163094-05:00,30.261531,-97.730334,20.9,77,cellular
2231,p_012,s_00173,2026-09-16T10:41:27.732374-05:00,30.261617,-97.730352,13.9,77,wifi
2232,p_012,s_00173,2026-09-16T10:41:43.301654-05:00,30.261673,-97.730446,24.9,77,cellular
2233,p_012,s_00173,2026-09-16T10:41:58.870934-05:00,30.261586,-97.730382,19.9,77,cellular
2234,p_012,s_00173,2026-09-16T10:42:14.440214-05:00,30.261629,-97.730406,8.0,77,wifi
2235,p_012,s_00173,2026-09-16T10:42:30.009494-05:00,30.26152,-97.730354,20.4,77,wifi
2236,p_012,s_00173,2026-09-16T10:42:45.578774-05:00,30.261488,-97.730345,6.0,77,wifi
2237,p_012,s_00173,2026-09-16T10:43:01.148054-05:00,30.261608,-97.730559,13.7,77,wifi
2238,p_012,s_00173,2026-09-16T10:43:16.717334-05:00,30.261639,-97.730527,17.8,77,wifi
2239,p_012,s_00173,2026-09-16T10:43:32.286614-05:00,30.26148,-97.730428,26.6,77,wifi
2240,p_012,s_00174,2026-09-16T12:22:02.671612-05:00,30.261759,-97.730368,23.5,71,cellular
2241,p_012,s_00174,2026-09-16T12:22:26.762113-05:00,30.261564,-97.730498,26.7,71,cellular
2242,p_012,s_00174,2026-09-16T12:22:50.852614-05:00,30.261799,-97.730453,20.1,71,cellular
2243,p_012,s_00174,2026-09-16T12:23:14.943115-05:00,30.261514,-97.730232,18.0,71,cellular
2244,p_012,s_00175,2026-09-17T08:54:45.274899-05:00,30.265625,-97.735286,18.9,83,wifi
2245,p_012,s_00175,2026-09-17T08:55:03.885298-05:00,30.265774,-97.735488,17.6,83,wifi
2246,p_012,s_00175,2026-09-17T08:55:22.495697-05:00,30.265673,-97.735378,17.4,83,wifi
2247,p_012,s_00175,2026-09-17T08:55:41.106096-05:00,30.2658,-97.735346,20.0,83,wifi
2248,p_012,s_00175,2026-09-17T08:55:59.716495-05:00,30.265727,-97.735271,15.8,83,wifi
2249,p_012,s_00175,2026-09-17T08:56:18.326894-05:00,30.265696,-97.735338,12.0,83,cellular
2250,p_012,s_00175,2026-09-17T08:56:36.937293-05:00,30.265637,-97.735417,18.0,83,wifi
2251,p_012,s_00175,2026-09-17T08:56:55.547692-05:00,30.265637,-97.735479,22.1,83,wifi
2252,p_012,s_00176,2026-09-17T09:32:16.679892-05:00,30.265567,-97.735526,15.5,81,wifi
2253,p_012,s_00176,2026-09-17T09:32:35.270153-05:00,30.265665,-97.735456,22.0,81,cellular
2254,p_012,s_00176,2026-09-17T09:32:53.860414-05:00,30.265618,-97.735471,22.9,81,wifi
2255,p_012,s_00176,2026-09-17T09:33:12.450675-05:00,30.265679,-97.735297,12.7,81,wifi
2256,p_012,s_00176,2026-09-17T09:33:31.040936-05:00,30.265724,-97.735276,8.8,81,wifi
2257,p_012,s_00176,2026-09-17T09:33:49.631197-05:00,30.265647,-97.735126,22.4,81,wifi
2258,p_012,s_00176,2026-09-17T09:34:08.221458-05:00,30.265818,-97.73541,17.1,81,wifi
2259,p_012,s_00176,2026-09-17T09:34:26.811719-05:00,30.265758,-97.735374,5.1,81,cellular
2260,p_012,s_00176,2026-09-17T09:34:45.401980-05:00,30.265745,-97.735479,12.5,81,wifi
2261,p_012,s_00176,2026-09-17T09:35:03.992241-05:00,30.265727,-97.735403,20.7,81,wifi
2262,p_012,s_00176,2026-09-17T09:35:22.582502-05:00,30.265671,-97.735256,19.5,81,wifi
2263,p_012,s_00176,2026-09-17T09:35:41.172763-05:00,30.265625,-97.735558,12.6,81,wifi
2264,p_012,s_00176,2026-09-17T09:35:59.763024-05:00,30.265645,-97.735418,15.5,81,wifi
2265,p_012,s_00176,2026-09-17T09:36:18.353285-05:00,30.265785,-97.73537,19.2,81,wifi
2266,p_012,s_00176,2026-09-17T09:36:36.943546-05:00,30.265564,-97.735383,16.9,81,wifi
2267,p_012,s_00176,2026-09-17T09:36:55.533807-05:00,30.265646,-97.735302,6.8,81,wifi
2268,p_012,s_00176,2026-09-17T09:37:14.124068-05:00,30.265568,-97.73519,24.2,81,wifi
2269,p_012,s_00176,2026-09-17T09:37:32.714329-05:00,30.265681,-97.735373,15.3,81,wifi
2270,p_012,s_00177,2026-09-17T12:08:33.540772-05:00,30.265618,-97.735448,23.8,72,cellular
2271,p_012,s_00177,2026-09-17T12:08:53.331798-05:00,30.265629,-97.73542,8.6,72,wifi
2272,p_012,s_00177,2026-09-17T12:09:13.122824-05:00,30.265685,-97.735448,15.0,72,wifi
2273,p_012,s_00177,2026-09-17T12:09:32.913850-05:00,30.265657,-97.735129,23.1,72,wifi
2274,p_012,s_00177,2026-09-17T12:09:52.704876-05:00,30.265588,-97.735279,20.4,72,wifi
2275,p_012,s_00178,2026-09-18T12:41:49.066286-05:00,30.265774,-97.735262,27.9,70,cellular
2276,p_012,s_00178,2026-09-18T12:42:12.244772-05:00,30.265611,-97.735296,29.5,70,cellular
2277,p_012,s_00178,2026-09-18T12:42:35.423258-05:00,30.265703,-97.735524,24.3,70,cellular
2278,p_012,s_00178,2026-09-18T12:42:58.601744-05:00,30.265721,-97.735471,24.9,70,cellular
2279,p_012,s_00178,2026-09-18T12:43:21.780230-05:00,30.265759,-97.735399,30.0,70,cellular
2280,p_012,s_00178,2026-09-18T12:43:44.958716-05:00,30.265646,-97.735297,25.8,70,cellular
2281,p_012,s_00178,2026-09-18T12:44:08.137202-05:00,30.26564,-97.735385,26.1,70,cellular
2282,p_012,s_00178,2026-09-18T12:44:31.315688-05:00,30.265531,-97.735256,18.2,70,cellular
2283,p_012,s_00178,2026-09-18T12:44:54.494174-05:00,30.265566,-97.735331,20.2,70,cellular
2284,p_012,s_00178,2026-09-18T12:45:17.672660-05:00,30.265727,-97.735432,29.2,70,cellular
2285,p_012,s_00179,2026-09-18T16:52:30.910218-05:00,30.261457,-97.730301,16.0,55,wifi
2286,p_012,s_00179,2026-09-18T16:52:54.064892-05:00,30.261717,-97.730372,33.1,55,wifi
2287,p_012,s_00179,2026-09-18T16:53:17.219566-05:00,30.261742,-97.730312,12.4,55,wifi
2288,p_012,s_00179,2026-09-18T16:53:40.374240-05:00,30.261495,-97.730324,20.5,55,wifi
2289,p_012,s_00179,2026-09-18T16:54:03.528914-05:00,30.26153,-97.730494,17.4,55,wifi
2290,p_012,s_00179,2026-09-18T16:54:26.683588-05:00,30.26158,-97.730307,9.3,55,cellular
2291,p_012,s_00179,2026-09-18T16:54:49.838262-05:00,30.261541,-97.730464,20.6,55,wifi
2292,p_012,s_00179,2026-09-18T16:55:12.992936-05:00,30.261565,-97.730374,16.0,55,cellular
2293,p_012,s_00179,2026-09-18T16:55:36.147610-05:00,30.261589,-97.730448,8.9,55,wifi
2294,p_012,s_00179,2026-09-18T16:55:59.302284-05:00,30.261594,-97.730412,20.0,55,wifi
2295,p_012,s_00179,2026-09-18T16:56:22.456958-05:00,30.261538,-97.730474,10.8,55,wifi
2296,p_012,s_00179,2026-09-18T16:56:45.611632-05:00,30.261742,-97.730264,18.1,55,wifi
2297,p_012,s_00180,2026-09-18T18:22:13.012647-05:00,30.266884,-97.733169,14.0,49,cellular
2298,p_012,s_00180,2026-09-18T18:22:32.178845-05:00,30.267043,-97.733131,10.9,49,cellular
2299,p_012,s_00180,2026-09-18T18:22:51.345043-05:00,30.266976,-97.733142,6.5,49,cellular
2300,p_012,s_00180,2026-09-18T18:23:10.511241-05:00,30.266901,-97.733199,18.4,49,cellular
2301,p_012,s_00180,2026-09-18T18:23:29.677439-05:00,30.266913,-97.733237,7.8,49,cellular
2302,p_012,s_00180,2026-09-18T18:23:48.843637-05:00,30.2669,-97.733039,4.3,49,wifi
2303,p_012,s_00180,2026-09-18T18:24:08.009835-05:00,30.266947,-97.733134,4.4,49,cellular
2304,p_012,s_00180,2026-09-18T18:24:27.176033-05:00,30.266956,-97.733128,5.6,49,wifi
2305,p_012,s_00180,2026-09-18T18:24:46.342231-05:00,30.266969,-97.733037,9.9,49,cellular
2306,p_012,s_00180,2026-09-18T18:25:05.508429-05:00,30.266972,-97.733148,4.1,49,wifi
2307,p_012,s_00180,2026-09-18T18:25:24.674627-05:00,30.267001,-97.733127,19.1,49,wifi
2308,p_012,s_00180,2026-09-18T18:25:43.840825-05:00,30.266987,-97.733144,22.7,49,cellular
2309,p_012,s_00180,2026-09-18T18:26:03.007023-05:00,30.266799,-97.733016,13.5,49,cellular
2310,p_012,s_00180,2026-09-18T18:26:22.173221-05:00,30.266825,-97.733063,7.2,49,wifi
2311,p_012,s_00180,2026-09-18T18:26:41.339419-05:00,30.266891,-97.733273,22.2,49,wifi
